pl_name,hostname,st_met,pl_bmassj,pl_bmasse,log_mass,is_giant,planet_type,met_group,pl_orbper,st_teff,st_mass,discoverymethod
11 Com b,11 Com,-0.26,15.464,4914.89848585,1.1893218410204967,1,Gas Giant (Jupiter-like),Metal-poor ([Fe/H] < -0.15),323.21,4874.0,2.09,Radial Velocity
11 UMi b,11 UMi,-0.02,14.74,4684.8142,1.1684974835230326,1,Gas Giant (Jupiter-like),Solar-like (-0.15 <= [Fe/H] <= +0.15),516.21997,4213.0,2.78,Radial Velocity
14 And b,14 And,-0.21,3.559,1131.15130051,0.551327988003846,1,Gas Giant (Jupiter-like),Metal-poor ([Fe/H] < -0.15),186.76,4888.0,1.78,Radial Velocity
14 Her b,14 Her,0.43,8.9,2828.6728223,0.9493900066449128,1,Gas Giant (Jupiter-like),Metal-rich ([Fe/H] > +0.15),,,0.97,Radial Velocity
16 Cyg B b,16 Cyg B,0.06,1.78,565.7374,0.250420002308894,1,Gas Giant (Jupiter-like),Solar-like (-0.15 <= [Fe/H] <= +0.15),798.5,5750.0,1.08,Radial Velocity
17 Sco b,17 Sco,-0.01,4.32,1373.01871824,0.6354837468149122,1,Gas Giant (Jupiter-like),Solar-like (-0.15 <= [Fe/H] <= +0.15),578.38,4157.0,1.22,Radial Velocity
18 Del b,18 Del,-0.06,9.207,2926.24614325,0.964118143151485,1,Gas Giant (Jupiter-like),Solar-like (-0.15 <= [Fe/H] <= +0.15),982.85,4980.0,2.1,Radial Velocity
24 Boo b,24 Boo,-0.78,0.883,280.64248338,-0.05403929642243141,1,Gas Giant (Jupiter-like),Metal-poor ([Fe/H] < -0.15),30.33,4816.0,1.05,Radial Velocity
24 Sex b,24 Sex,-0.03,1.99,632.46,0.29885307640970665,1,Gas Giant (Jupiter-like),Solar-like (-0.15 <= [Fe/H] <= +0.15),452.8,5098.0,1.54,Radial Velocity
24 Sex c,24 Sex,-0.03,0.86,273.32,-0.06550154875643228,1,Gas Giant (Jupiter-like),Solar-like (-0.15 <= [Fe/H] <= +0.15),883.0,5098.0,1.54,Radial Velocity
2M0437 b,2MASS J04372171+2651014,0.01,4.0,1271.313628,0.6020599913279624,1,Gas Giant (Jupiter-like),Solar-like (-0.15 <= [Fe/H] <= +0.15),,3100.0,0.17,Imaging
4 UMa b,4 UMa,-0.25,7.902,2511.48007211,0.8977370253454274,1,Gas Giant (Jupiter-like),Metal-poor ([Fe/H] < -0.15),270.27,4415.0,1.234,Radial Velocity
47 UMa b,47 UMa,0.04,2.53,804.08,0.40312052117581787,1,Gas Giant (Jupiter-like),Solar-like (-0.15 <= [Fe/H] <= +0.15),1078.0,5872.0,1.06,Radial Velocity
47 UMa c,47 UMa,0.04,0.54,171.621,-0.26760624017703144,1,Gas Giant (Jupiter-like),Solar-like (-0.15 <= [Fe/H] <= +0.15),2391.0,5872.0,1.06,Radial Velocity
47 UMa d,47 UMa,0.04,1.64,521.22,0.21484384804769785,1,Gas Giant (Jupiter-like),Solar-like (-0.15 <= [Fe/H] <= +0.15),14002.0,5872.0,1.06,Radial Velocity
55 Cnc B b,55 Cnc B,0.16,0.01101223,3.5,-1.9581247265660566,0,Terrestrial (Earth-like),Metal-rich ([Fe/H] > +0.15),6.7994,3286.0,0.26,Radial Velocity
55 Cnc B c,55 Cnc B,0.16,0.01667566,5.3,-1.777916968284836,0,Terrestrial (Earth-like),Metal-rich ([Fe/H] > +0.15),33.747,3286.0,0.26,Radial Velocity
55 Cnc b,55 Cnc,0.39,0.86839311,276.0,-0.06128363098091903,1,Gas Giant (Jupiter-like),Metal-rich ([Fe/H] > +0.15),14.651552,5198.0,1.015,Radial Velocity
55 Cnc c,55 Cnc,0.39,0.17808352,56.6,-0.749376268657009,1,Gas Giant (Jupiter-like),Metal-rich ([Fe/H] > +0.15),44.3936,5198.0,1.015,Radial Velocity
55 Cnc d,55 Cnc,0.39,3.82,1214.10451474,0.5820633629117087,1,Gas Giant (Jupiter-like),Metal-rich ([Fe/H] > +0.15),4799.0,5198.0,1.015,Radial Velocity
55 Cnc e,55 Cnc,0.35,0.02513923,7.99,-1.5996480286338461,0,Terrestrial (Earth-like),Metal-rich ([Fe/H] > +0.15),0.7365474,5172.0,0.905,Radial Velocity
55 Cnc f,55 Cnc,0.39,0.15259807,48.5,-0.8164509591311422,1,Gas Giant (Jupiter-like),Metal-rich ([Fe/H] > +0.15),260.58,5198.0,1.015,Radial Velocity
6 Lyn b,6 Lyn,-0.17,1.881,597.83523357,0.2743887955503789,1,Gas Giant (Jupiter-like),Metal-poor ([Fe/H] < -0.15),919.86,4941.0,1.32,Radial Velocity
61 Vir b,61 Vir,-0.01,0.016,5.1,-1.7958800173440752,0,Terrestrial (Earth-like),Solar-like (-0.15 <= [Fe/H] <= +0.15),4.215,5577.0,0.942,Radial Velocity
61 Vir c,61 Vir,-0.01,0.057,18.2,-1.2441251443275085,0,Neptunian / Sub-Neptune,Solar-like (-0.15 <= [Fe/H] <= +0.15),38.021,5577.0,0.942,Radial Velocity
61 Vir d,61 Vir,-0.01,0.072,22.9,-1.1426675035687315,0,Neptunian / Sub-Neptune,Solar-like (-0.15 <= [Fe/H] <= +0.15),123.01,5577.0,0.942,Radial Velocity
7 CMa b,7 CMa,0.21,1.85,587.9855,0.26717172840301384,1,Gas Giant (Jupiter-like),Metal-rich ([Fe/H] > +0.15),735.1,4826.0,1.34,Radial Velocity
7 CMa c,7 CMa,0.21,0.87,276.5121,-0.060480747381381476,1,Gas Giant (Jupiter-like),Metal-rich ([Fe/H] > +0.15),996.0,4826.0,1.34,Radial Velocity
75 Cet b,75 Cet,0.1,2.479,787.89662095,0.39427652676782143,1,Gas Giant (Jupiter-like),Solar-like (-0.15 <= [Fe/H] <= +0.15),696.62,4809.0,1.92,Radial Velocity
75 Cet c,75 Cet,0.1,0.912,289.85950718,-0.04000516167158381,1,Gas Giant (Jupiter-like),Solar-like (-0.15 <= [Fe/H] <= +0.15),2051.62,4809.0,1.92,Radial Velocity
8 UMi b,8 UMi,-0.03,1.65,524.41687155,0.21748394421390627,1,Gas Giant (Jupiter-like),Solar-like (-0.15 <= [Fe/H] <= +0.15),93.31,4847.0,1.51,Radial Velocity
81 Cet b,81 Cet,-0.11,3.307,1051.05854195,0.5194341949137028,1,Gas Giant (Jupiter-like),Solar-like (-0.15 <= [Fe/H] <= +0.15),1005.57,4734.0,1.23,Radial Velocity
91 Aqr b,91 Aqr,-0.03,3.2,1017.0,0.505149978319906,1,Gas Giant (Jupiter-like),Solar-like (-0.15 <= [Fe/H] <= +0.15),181.4,4665.0,1.4,Radial Velocity
AU Mic b,AU Mic,0.01,0.0282857,8.99,-1.5484330690934285,0,Terrestrial (Earth-like),Solar-like (-0.15 <= [Fe/H] <= +0.15),8.463446,3540.0,0.635,Transit
AU Mic c,AU Mic,0.01,0.04549625,14.46,-1.3420243983192313,0,Neptunian / Sub-Neptune,Solar-like (-0.15 <= [Fe/H] <= +0.15),18.859023,3540.0,0.635,Transit
AU Mic d,AU Mic,0.23,0.00331,1.053,-2.480172006224281,0,Terrestrial (Earth-like),Metal-rich ([Fe/H] > +0.15),12.73596,3678.0,0.51,Transit Timing Variations
AU Mic e,AU Mic,0.12,0.06638802,21.1,-1.1779102838443765,0,Neptunian / Sub-Neptune,Solar-like (-0.15 <= [Fe/H] <= +0.15),33.11,3665.0,0.6,Radial Velocity
BD+03 2562 b,BD+03 2562,-0.71,6.4,2034.112,0.8061799739838872,1,Gas Giant (Jupiter-like),Metal-poor ([Fe/H] < -0.15),481.9,4095.0,1.14,Radial Velocity
BD+05 4868 A b,BD+05 4868 A,-0.05,0.01950738,6.2,-1.7098010559745507,0,Terrestrial (Earth-like),Solar-like (-0.15 <= [Fe/H] <= +0.15),1.271869,4596.0,0.7,Transit
BD+14 4559 b,BD+14 4559,0.17,1.04,330.5432,0.01703333929878037,1,Gas Giant (Jupiter-like),Metal-rich ([Fe/H] > +0.15),268.94,4864.0,0.49,Radial Velocity
BD+15 2375 b,BD+15 2375,-0.22,1.061,337.21763,0.025715383901340642,1,Gas Giant (Jupiter-like),Metal-poor ([Fe/H] < -0.15),153.22,4649.0,1.08,Radial Velocity
BD+15 2940 b,BD+15 2940,0.28,1.11,352.78,0.045322978786657475,1,Gas Giant (Jupiter-like),Metal-rich ([Fe/H] > +0.15),137.48,4796.0,1.1,Radial Velocity
BD+20 2457 b,BD+20 2457,-1.0,21.42,6807.63,1.3308194664958368,1,Gas Giant (Jupiter-like),Metal-poor ([Fe/H] < -0.15),379.63,4137.0,2.8,Radial Velocity
BD+20 2457 c,BD+20 2457,-1.0,12.47,3963.17,1.0958664534785427,1,Gas Giant (Jupiter-like),Metal-poor ([Fe/H] < -0.15),621.99,4137.0,2.8,Radial Velocity
BD+20 274 b,BD+20 274,-0.46,4.2,1334.886,0.6232492903979004,1,Gas Giant (Jupiter-like),Metal-poor ([Fe/H] < -0.15),578.2,4296.0,0.8,Radial Velocity
BD+20 594 b,BD+20 594,-0.15,0.07,22.2481,-1.154901959985743,0,Neptunian / Sub-Neptune,Solar-like (-0.15 <= [Fe/H] <= +0.15),41.6855,5766.0,1.67,Transit
BD+37 3172 b,BD+37 3172,-0.03,10.6,3368.9811142,1.0253058652647702,1,Gas Giant (Jupiter-like),Solar-like (-0.15 <= [Fe/H] <= +0.15),1887.76,4500.0,3.75,Radial Velocity
BD+42 2315 b,BD+42 2315,-0.2,0.55,174.80562385,-0.2596373105057561,1,Gas Giant (Jupiter-like),Metal-poor ([Fe/H] < -0.15),123.05,4500.0,1.38,Radial Velocity
BD+45 564 b,BD+45 564,-0.09,1.36,432.24663352,0.13353890837021754,1,Gas Giant (Jupiter-like),Solar-like (-0.15 <= [Fe/H] <= +0.15),307.88,5004.0,0.81,Radial Velocity
BD+48 738 b,BD+48 738,-0.2,0.91,289.2253,-0.040958607678906384,1,Gas Giant (Jupiter-like),Metal-poor ([Fe/H] < -0.15),392.6,4414.0,0.74,Radial Velocity
BD+48 740 b,BD+48 740,-0.13,1.7,540.311,0.2304489213782739,1,Gas Giant (Jupiter-like),Solar-like (-0.15 <= [Fe/H] <= +0.15),733.0,4534.0,1.09,Radial Velocity
BD+49 828 b,BD+49 828,-0.19,1.6,508.5,0.2041199826559248,1,Gas Giant (Jupiter-like),Metal-poor ([Fe/H] < -0.15),2590.0,4943.0,1.52,Radial Velocity
BD+55 362 b,BD+55 362,0.18,0.72,228.83645304,-0.14266750356873156,1,Gas Giant (Jupiter-like),Metal-rich ([Fe/H] > +0.15),265.59,5012.0,0.909,Radial Velocity
BD+63 1405 b,BD+63 1405,-0.09,3.96,1258.60049172,0.5976951859255123,1,Gas Giant (Jupiter-like),Solar-like (-0.15 <= [Fe/H] <= +0.15),1198.48,5000.0,0.816,Radial Velocity
BD-06 1339 b,BD-06 1339,-0.14,0.027,8.5,-1.5686362358410126,0,Terrestrial (Earth-like),Solar-like (-0.15 <= [Fe/H] <= +0.15),3.8728,4324.0,0.7,Radial Velocity
BD-06 1339 c,BD-06 1339,-0.14,0.17,53.0,-0.769551078621726,1,Gas Giant (Jupiter-like),Solar-like (-0.15 <= [Fe/H] <= +0.15),125.94,4324.0,0.7,Radial Velocity
BD-08 2823 b,BD-08 2823,-0.06,0.04,12.7132,-1.3979400086720375,0,Neptunian / Sub-Neptune,Solar-like (-0.15 <= [Fe/H] <= +0.15),5.6,4816.0,0.5,Radial Velocity
BD-08 2823 c,BD-08 2823,-0.07,0.33,104.0,-0.4814860601221125,1,Gas Giant (Jupiter-like),Solar-like (-0.15 <= [Fe/H] <= +0.15),237.6,4746.0,0.74,Radial Velocity
BD-10 3166 b,BD-10 3166,0.38,0.59,187.5197,-0.22914798835785583,1,Gas Giant (Jupiter-like),Metal-rich ([Fe/H] > +0.15),3.48777,5393.0,1.47,Radial Velocity
BD-11 4672 b,BD-11 4672,-0.35,0.65,206.5895,-0.18708664335714442,1,Gas Giant (Jupiter-like),Metal-poor ([Fe/H] < -0.15),1634.0,4550.0,0.651,Radial Velocity
BD-11 4672 c,BD-11 4672,-0.35,0.04835919,15.37,-1.3155209820353437,0,Neptunian / Sub-Neptune,Metal-poor ([Fe/H] < -0.15),74.2,4550.0,0.651,Radial Velocity
BD-13 2130 b,BD-13 2130,-0.08,9.78,3108.3774,0.9903388547876014,1,Gas Giant (Jupiter-like),Solar-like (-0.15 <= [Fe/H] <= +0.15),714.29999,4545.0,2.12,Radial Velocity
BD-14 3065 b,BD-14 3065 A,-0.34,12.37,3932.0,1.0923696996291206,1,Gas Giant (Jupiter-like),Metal-poor ([Fe/H] < -0.15),4.2889731,6935.0,1.41,Transit
BD-210397 b,BD-210397,0.12,0.7,214.0,-0.1549019599857432,1,Gas Giant (Jupiter-like),Solar-like (-0.15 <= [Fe/H] <= +0.15),1891.0,4051.0,0.679,Radial Velocity
BEBOP-3 b,BEBOP-3,-0.02,0.558,177.34825111,-0.25336580106242124,1,Gas Giant (Jupiter-like),Solar-like (-0.15 <= [Fe/H] <= +0.15),547.0,6033.0,1.083,Radial Velocity
Barnard b,Barnard's star,-0.56,0.00094076,0.299,-3.0265211565619254,0,Terrestrial (Earth-like),Metal-poor ([Fe/H] < -0.15),3.1542,3195.0,0.162,Radial Velocity
Barnard c,Barnard's star,-0.56,0.00105403,0.335,-2.9771470279763745,0,Terrestrial (Earth-like),Metal-poor ([Fe/H] < -0.15),4.1244,3195.0,0.162,Radial Velocity
Barnard d,Barnard's star,-0.56,0.00082749,0.263,-3.08223724585564,0,Terrestrial (Earth-like),Metal-poor ([Fe/H] < -0.15),2.3402,3195.0,0.162,Radial Velocity
Barnard e,Barnard's star,-0.56,0.00060725,0.193,-3.216632476522832,0,Terrestrial (Earth-like),Metal-poor ([Fe/H] < -0.15),6.7392,3195.0,0.162,Radial Velocity
CD Cet b,CD Cet,0.13,0.01242809,3.95,-1.9055956103927756,0,Terrestrial (Earth-like),Solar-like (-0.15 <= [Fe/H] <= +0.15),2.2907,3130.0,0.161,Radial Velocity
CoRoT-1 b,CoRoT-1,-0.3,1.03,327.35,0.012837224705172217,1,Gas Giant (Jupiter-like),Metal-poor ([Fe/H] < -0.15),1.5089557,5950.0,0.95,Transit
CoRoT-10 b,CoRoT-10,0.26,2.75,874.0,0.43933269383026263,1,Gas Giant (Jupiter-like),Metal-rich ([Fe/H] > +0.15),13.2406,5075.0,0.89,Transit
CoRoT-11 b,CoRoT-11,-0.03,2.33,740.51,0.367355921026019,1,Gas Giant (Jupiter-like),Solar-like (-0.15 <= [Fe/H] <= +0.15),2.99433,6440.0,1.27,Transit
CoRoT-12 b,CoRoT-12,0.16,0.917,291.438,-0.03763066432997889,1,Gas Giant (Jupiter-like),Metal-rich ([Fe/H] > +0.15),2.828042,5675.0,1.078,Transit
CoRoT-13 b,CoRoT-13,0.01,1.308,415.704,0.11660774398824848,1,Gas Giant (Jupiter-like),Solar-like (-0.15 <= [Fe/H] <= +0.15),4.03519,5945.0,1.09,Transit
CoRoT-14 b,CoRoT-14,0.05,7.6,2415.4,0.8808135922807914,1,Gas Giant (Jupiter-like),Solar-like (-0.15 <= [Fe/H] <= +0.15),1.51214,6035.0,1.13,Transit
CoRoT-16 b,CoRoT-16,0.19,0.535,170.032,-0.27164621797877153,1,Gas Giant (Jupiter-like),Metal-rich ([Fe/H] > +0.15),5.35227,5650.0,1.098,Transit
CoRoT-17 b,CoRoT-17,0.0,2.43,772.29,0.38560627359831223,1,Gas Giant (Jupiter-like),Solar-like (-0.15 <= [Fe/H] <= +0.15),3.7681,5740.0,1.04,Transit
CoRoT-18 b,CoRoT-18,-0.1,3.47,1102.82,0.5403294747908738,1,Gas Giant (Jupiter-like),Solar-like (-0.15 <= [Fe/H] <= +0.15),1.9000693,5440.0,0.95,Transit
CoRoT-19 b,CoRoT-19,-0.02,1.11,352.78,0.045322978786657475,1,Gas Giant (Jupiter-like),Solar-like (-0.15 <= [Fe/H] <= +0.15),3.89713,6090.0,1.21,Transit
CoRoT-21 b,CoRoT-21,0.0,2.26,718.2958,0.35410843914740087,1,Gas Giant (Jupiter-like),Solar-like (-0.15 <= [Fe/H] <= +0.15),2.72474,6200.0,1.29,Transit
CoRoT-22 b,CoRoT-22,0.17,0.038,12.2,-1.4202164033831899,0,Neptunian / Sub-Neptune,Metal-rich ([Fe/H] > +0.15),9.75598,5939.0,1.099,Transit
CoRoT-23 b,CoRoT-23,0.05,2.8,889.9,0.4471580313422192,1,Gas Giant (Jupiter-like),Solar-like (-0.15 <= [Fe/H] <= +0.15),3.6313,5900.0,1.14,Transit
CoRoT-24 b,CoRoT-24,0.3,0.018,5.7,-1.744727494896694,0,Terrestrial (Earth-like),Metal-rich ([Fe/H] > +0.15),5.1134,4950.0,0.91,Transit
CoRoT-24 c,CoRoT-24,0.3,0.088,28.0,-1.0555173278498313,0,Neptunian / Sub-Neptune,Metal-rich ([Fe/H] > +0.15),11.759,4950.0,0.91,Transit
CoRoT-25 b,CoRoT-25,-0.01,0.27,85.81,-0.5686362358410126,1,Gas Giant (Jupiter-like),Solar-like (-0.15 <= [Fe/H] <= +0.15),4.86069,6040.0,1.09,Transit
CoRoT-26 b,CoRoT-26,0.01,0.52,165.26,-0.28399665636520083,1,Gas Giant (Jupiter-like),Solar-like (-0.15 <= [Fe/H] <= +0.15),4.20474,5590.0,1.09,Transit
CoRoT-27 b,CoRoT-27,-0.1,10.39,3302.11,1.0166155475571774,1,Gas Giant (Jupiter-like),Solar-like (-0.15 <= [Fe/H] <= +0.15),3.57532,5900.0,1.05,Transit
CoRoT-28 b,CoRoT-28,0.15,0.484,153.82972,-0.31515463835558755,1,Gas Giant (Jupiter-like),Solar-like (-0.15 <= [Fe/H] <= +0.15),5.20851,5150.0,1.01,Transit
CoRoT-29 b,CoRoT-29,0.2,0.85,270.1555,-0.07058107428570728,1,Gas Giant (Jupiter-like),Metal-rich ([Fe/H] > +0.15),2.85057,5260.0,0.97,Transit
CoRoT-30 b,CoRoT-30,0.02,2.9,921.707,0.4623979978989561,1,Gas Giant (Jupiter-like),Solar-like (-0.15 <= [Fe/H] <= +0.15),9.06005,5650.0,0.98,Transit
CoRoT-31 b,CoRoT-31,0.0,0.84,266.9772,-0.07572071393811836,1,Gas Giant (Jupiter-like),Solar-like (-0.15 <= [Fe/H] <= +0.15),4.62941,5700.0,1.25,Transit
CoRoT-32 b,CoRoT-32,0.0,0.15,47.6745,-0.8239087409443188,1,Gas Giant (Jupiter-like),Solar-like (-0.15 <= [Fe/H] <= +0.15),6.71837,5970.0,1.08,Transit
CoRoT-35 b,CoRoT-35,-0.5,1.1,349.6112477,0.04139268515822508,1,Gas Giant (Jupiter-like),Metal-poor ([Fe/H] < -0.15),3.22748,6390.0,1.01,Transit
CoRoT-36 b,CoRoT-36,-0.1,0.68,216.12331676,-0.16749108729376366,1,Gas Giant (Jupiter-like),Solar-like (-0.15 <= [Fe/H] <= +0.15),5.616531,6730.0,1.32,Transit
CoRoT-5 b,CoRoT-5,-0.25,0.467,148.42,-0.33068311943388784,1,Gas Giant (Jupiter-like),Metal-poor ([Fe/H] < -0.15),4.0378962,6100.0,1.0,Transit
CoRoT-6 b,CoRoT-6,-0.2,2.96,940.74,0.4712917110589386,1,Gas Giant (Jupiter-like),Metal-poor ([Fe/H] < -0.15),8.886593,6090.0,1.05,Transit
CoRoT-7 b,CoRoT-7,0.05,0.01282637,4.07660518,-1.8918962362228808,0,Terrestrial (Earth-like),Solar-like (-0.15 <= [Fe/H] <= +0.15),0.85359163,5275.0,0.82,Transit
CoRoT-7 c,CoRoT-7,0.06,0.02642922,8.4,-1.5779156539206756,0,Terrestrial (Earth-like),Solar-like (-0.15 <= [Fe/H] <= +0.15),3.698,5256.0,0.899,Radial Velocity
CoRoT-8 b,CoRoT-8,0.3,0.22,69.92,-0.6575773191777937,1,Gas Giant (Jupiter-like),Metal-rich ([Fe/H] > +0.15),6.21229,5080.0,0.88,Transit
CoRoT-9 b,CoRoT-9,-0.01,0.84,266.9772,-0.07572071393811836,1,Gas Giant (Jupiter-like),Solar-like (-0.15 <= [Fe/H] <= +0.15),95.272656,5625.0,0.96,Transit
DMPP-4 b,DMPP-4,-0.007,0.03838549,12.2,-1.41583291114837,0,Neptunian / Sub-Neptune,Solar-like (-0.15 <= [Fe/H] <= +0.15),3.4982,6400.0,1.25,Radial Velocity
DMPP-7 b,DMPP-7,0.13,0.21696613,68.958,-0.6636080574057416,1,Gas Giant (Jupiter-like),Solar-like (-0.15 <= [Fe/H] <= +0.15),4.92666,6096.0,1.23,Radial Velocity
EPIC 201595106 b,EPIC 201595106,0.01,0.02413252,7.67,-1.6173973252130225,0,Terrestrial (Earth-like),Solar-like (-0.15 <= [Fe/H] <= +0.15),0.87724,5679.0,0.958,Transit
EPIC 220674823 b,EPIC 220674823,-0.005,0.02372349,7.54,-1.6248214208622114,0,Terrestrial (Earth-like),Solar-like (-0.15 <= [Fe/H] <= +0.15),0.57130782,5578.0,0.913,Transit
EPIC 220674823 c,EPIC 220674823,-0.005,0.02485618,7.9,-1.6045656147287946,0,Terrestrial (Earth-like),Solar-like (-0.15 <= [Fe/H] <= +0.15),13.340603,5578.0,0.913,Transit
EPIC 229004835 b,EPIC 229004835,-0.12,0.03272206,10.4,-1.485159363360399,0,Neptunian / Sub-Neptune,Solar-like (-0.15 <= [Fe/H] <= +0.15),16.141132,5868.0,0.97,Transit
EPIC 246851721 b,EPIC 246851721,0.141,3.0,953.49,0.47712125471966244,1,Gas Giant (Jupiter-like),Solar-like (-0.15 <= [Fe/H] <= +0.15),6.180235,6202.0,1.317,Transit
EPIC 248847494 b,EPIC 248847494,-0.23,13.0,4131.79,1.1139433523068367,1,Gas Giant (Jupiter-like),Metal-poor ([Fe/H] < -0.15),3650.0,4898.0,0.9,Transit
EPIC 249893012 b,EPIC 249893012,0.2,0.02753044,8.75,-1.5601868475225795,0,Terrestrial (Earth-like),Metal-rich ([Fe/H] > +0.15),3.5951,5430.0,1.05,Transit
EPIC 249893012 c,EPIC 249893012,0.2,0.04615675,14.67,-1.335764778421583,0,Neptunian / Sub-Neptune,Metal-rich ([Fe/H] > +0.15),15.624,5430.0,1.05,Transit
EPIC 249893012 d,EPIC 249893012,0.2,0.0320297,10.18,-1.4944471290525294,0,Neptunian / Sub-Neptune,Metal-rich ([Fe/H] > +0.15),35.747,5430.0,1.05,Transit
G 264-012 b,G 264-012,0.1,0.00786588,2.5,-2.1042526833693636,0,Terrestrial (Earth-like),Solar-like (-0.15 <= [Fe/H] <= +0.15),2.30538,3326.0,0.297,Radial Velocity
G 264-012 c,G 264-012,0.1,0.01179882,3.75,-1.9281614243136822,0,Terrestrial (Earth-like),Solar-like (-0.15 <= [Fe/H] <= +0.15),8.0518,3326.0,0.297,Radial Velocity
G 9-40 b,G 9-40,-0.07,0.01258541,4.0,-1.9001326316978855,0,Terrestrial (Earth-like),Solar-like (-0.15 <= [Fe/H] <= +0.15),5.7459982,3395.0,0.2952,Transit
GJ 1002 b,GJ 1002,-0.25,0.00339806,1.08,-2.468768957003506,0,Terrestrial (Earth-like),Metal-poor ([Fe/H] < -0.15),10.3465,3024.0,0.12,Radial Velocity
GJ 1002 c,GJ 1002,-0.25,0.00427904,1.36,-2.368653653759563,0,Terrestrial (Earth-like),Metal-poor ([Fe/H] < -0.15),21.202,3024.0,0.12,Radial Velocity
GJ 1061 b,GJ 1061,-0.08,0.00349245,1.11,-2.4568698027884506,0,Terrestrial (Earth-like),Solar-like (-0.15 <= [Fe/H] <= +0.15),3.2073,2953.0,0.12,Radial Velocity
GJ 1061 c,GJ 1061,-0.08,0.0056949,1.81,-2.244513897542649,0,Terrestrial (Earth-like),Solar-like (-0.15 <= [Fe/H] <= +0.15),6.6821,2953.0,0.12,Radial Velocity
GJ 1061 d,GJ 1061,-0.08,0.00525441,1.67,-2.279476042362589,0,Terrestrial (Earth-like),Solar-like (-0.15 <= [Fe/H] <= +0.15),13.066,2953.0,0.12,Radial Velocity
GJ 1132 b,GJ 1132,-0.17,0.00578,1.83704819,-2.238072161579471,0,Terrestrial (Earth-like),Metal-poor ([Fe/H] < -0.15),1.62892911,3229.0,0.1945,Transit
GJ 1132 c,GJ 1132,-0.18,0.00915588,2.91,-2.038299907967716,0,Terrestrial (Earth-like),Metal-poor ([Fe/H] < -0.15),8.929,,0.198,Radial Velocity
GJ 1137 c,HD 93083,0.13,0.01610932,5.12,-1.7929227914541883,0,Terrestrial (Earth-like),Solar-like (-0.15 <= [Fe/H] <= +0.15),9.6412,5033.8,0.836,Radial Velocity
GJ 1151 c,GJ 1151,-0.12,0.03341426,10.62,-1.476068152420738,0,Neptunian / Sub-Neptune,Solar-like (-0.15 <= [Fe/H] <= +0.15),389.7,3280.0,0.1639,Radial Velocity
GJ 1214 b,GJ 1214,0.24,0.02646082,8.41,-1.5773967014955645,0,Terrestrial (Earth-like),Metal-rich ([Fe/H] > +0.15),1.580404531,3101.0,0.182,Transit
GJ 1252 b,GJ 1252,0.1,0.00415318,1.32,-2.381619246036113,0,Terrestrial (Earth-like),Solar-like (-0.15 <= [Fe/H] <= +0.15),0.5182331,3458.0,0.381,Transit
GJ 1265 b,GJ 1265,-0.04,0.02328289,7.4,-1.632963113663307,0,Terrestrial (Earth-like),Solar-like (-0.15 <= [Fe/H] <= +0.15),3.6511,3236.0,0.178,Radial Velocity
GJ 1289 b,GJ 1289,0.02,0.01972763,6.27,-1.704925086047674,0,Terrestrial (Earth-like),Solar-like (-0.15 <= [Fe/H] <= +0.15),111.74,3296.0,0.21,Radial Velocity
GJ 143 b,GJ 143,0.003,0.07142183,22.7,-1.146169026325819,0,Neptunian / Sub-Neptune,Solar-like (-0.15 <= [Fe/H] <= +0.15),35.61253,4640.0,0.73,Transit
GJ 15 A b,GJ 15 A,-0.34,0.0095334,3.03,-2.020752184576889,0,Terrestrial (Earth-like),Metal-poor ([Fe/H] < -0.15),11.4407,3607.0,0.38,Radial Velocity
GJ 15 A c,GJ 15 A,-0.34,0.1132681,36.0,-0.945892384440737,1,Gas Giant (Jupiter-like),Metal-poor ([Fe/H] < -0.15),7600.0,3607.0,0.38,Radial Velocity
GJ 179 b,GJ 179,0.3,0.82,260.61,-0.08618614761628333,1,Gas Giant (Jupiter-like),Metal-rich ([Fe/H] > +0.15),2288.0,3370.0,0.357,Radial Velocity
GJ 2126 b,GJ 2126,0.6,1.3,413.1769291,0.11394335230683679,1,Gas Giant (Jupiter-like),Metal-rich ([Fe/H] > +0.15),272.7,4159.0,0.65,Radial Velocity
GJ 251 b,GJ 251,0.07,0.01211345,3.85,-1.9167321489645792,0,Terrestrial (Earth-like),Solar-like (-0.15 <= [Fe/H] <= +0.15),14.237,3342.0,0.35,Radial Velocity
GJ 251 c,GJ 251,0.07,0.01220785,3.88,-1.9133608156090918,0,Terrestrial (Earth-like),Solar-like (-0.15 <= [Fe/H] <= +0.15),53.647,3342.0,0.35,Radial Velocity
GJ 273 b,GJ 273,0.09,0.00909291,2.89,-2.041297107460698,0,Terrestrial (Earth-like),Solar-like (-0.15 <= [Fe/H] <= +0.15),18.6498,3382.0,0.29,Radial Velocity
GJ 273 c,GJ 273,0.09,0.00371268,1.18,-2.4303124814830275,0,Terrestrial (Earth-like),Solar-like (-0.15 <= [Fe/H] <= +0.15),4.7234,3382.0,0.29,Radial Velocity
GJ 3021 b,GJ 3021,0.1,3.37,1071.04,0.5276299008713387,1,Gas Giant (Jupiter-like),Solar-like (-0.15 <= [Fe/H] <= +0.15),133.71,5540.0,0.9,Radial Velocity
GJ 3090 b,GJ 3090,0.12,0.01422151,4.52,-1.8470542889893922,0,Terrestrial (Earth-like),Solar-like (-0.15 <= [Fe/H] <= +0.15),2.85310198,3707.0,0.519,Transit
GJ 3090 c,GJ 3090,0.12,0.03146352,10.0,-1.502192692041401,0,Neptunian / Sub-Neptune,Solar-like (-0.15 <= [Fe/H] <= +0.15),15.9407,3707.0,0.519,Radial Velocity
GJ 3138 b,GJ 3138,-0.3,0.00560048,1.78,-2.2517747493477698,0,Terrestrial (Earth-like),Metal-poor ([Fe/H] < -0.15),1.22003,3717.0,0.681,Radial Velocity
GJ 3138 c,GJ 3138,-0.3,0.01315168,4.18,-1.8810187667082918,0,Terrestrial (Earth-like),Metal-poor ([Fe/H] < -0.15),5.974,3717.0,0.681,Radial Velocity
GJ 3138 d,GJ 3138,-0.3,0.03303653,10.5,-1.4810055751831803,0,Neptunian / Sub-Neptune,Metal-poor ([Fe/H] < -0.15),257.8,3717.0,0.681,Radial Velocity
GJ 317 b,GJ 317,-0.02,1.688,536.49435102,0.22737244228963624,1,Gas Giant (Jupiter-like),Solar-like (-0.15 <= [Fe/H] <= +0.15),695.69,3496.0,0.402,Radial Velocity
GJ 317 c,GJ 317,-0.02,1.43,454.49462201,0.1553360374650618,1,Gas Giant (Jupiter-like),Solar-like (-0.15 <= [Fe/H] <= +0.15),6500.0,3496.0,0.402,Radial Velocity
GJ 328 b,GJ 328,-0.06,2.51,797.74930157,0.3996737214810381,1,Gas Giant (Jupiter-like),Solar-like (-0.15 <= [Fe/H] <= +0.15),3771.0,3897.0,0.65,Radial Velocity
GJ 328 c,GJ 328,-0.06,0.06733193,21.4,-1.1717789367523568,0,Neptunian / Sub-Neptune,Solar-like (-0.15 <= [Fe/H] <= +0.15),241.8,3897.0,0.65,Radial Velocity
GJ 3293 b,GJ 3293,0.02,0.07406475,23.54,-1.1303884387537972,0,Neptunian / Sub-Neptune,Solar-like (-0.15 <= [Fe/H] <= +0.15),30.5987,3466.0,0.42,Radial Velocity
GJ 3293 c,GJ 3293,0.02,0.06635623,21.09,-1.1781182961966048,0,Neptunian / Sub-Neptune,Solar-like (-0.15 <= [Fe/H] <= +0.15),122.6196,3466.0,0.42,Radial Velocity
GJ 3293 d,GJ 3293,0.02,0.02391215,7.6,-1.6213813736475997,0,Terrestrial (Earth-like),Solar-like (-0.15 <= [Fe/H] <= +0.15),48.1345,3466.0,0.42,Radial Velocity
GJ 3293 e,GJ 3293,0.02,0.01031998,3.28,-1.9863211443655957,0,Terrestrial (Earth-like),Solar-like (-0.15 <= [Fe/H] <= +0.15),13.2543,3466.0,0.42,Radial Velocity
GJ 3323 b,GJ 3323,-0.27,0.0063556,2.02,-2.1968434436325706,0,Terrestrial (Earth-like),Metal-poor ([Fe/H] < -0.15),5.3636,3159.0,0.164,Radial Velocity
GJ 3323 c,GJ 3323,-0.27,0.00726804,2.31,-2.1385826911973176,0,Terrestrial (Earth-like),Metal-poor ([Fe/H] < -0.15),40.54,3159.0,0.164,Radial Velocity
GJ 3341 b,GJ 3341,-0.09,0.0208,6.6,-1.6819366650372385,0,Terrestrial (Earth-like),Solar-like (-0.15 <= [Fe/H] <= +0.15),14.207,3526.0,0.47,Radial Velocity
GJ 3378 b,GJ 3378,-0.09,0.00723661,2.3,-2.140464832018397,0,Terrestrial (Earth-like),Solar-like (-0.15 <= [Fe/H] <= +0.15),21.45,3340.0,0.262,Radial Velocity
GJ 338 B b,GJ 338 B,-0.03,0.03335133,10.6,-1.4768868424027952,0,Neptunian / Sub-Neptune,Solar-like (-0.15 <= [Fe/H] <= +0.15),24.422,4014.0,0.64,Radial Velocity
GJ 341 b,GJ 341,-0.16,0.01258541,4.0,-1.9001326316978855,0,Terrestrial (Earth-like),Metal-poor ([Fe/H] < -0.15),7.57686,3770.0,0.48,Transit
GJ 3470 b,GJ 3470,0.2,0.04373407,13.9,-1.3591801042629363,0,Neptunian / Sub-Neptune,Metal-rich ([Fe/H] > +0.15),3.3366496,3600.0,0.539,Radial Velocity
GJ 3473 b,GJ 3473,0.11,0.00585219,1.86,-2.232681582305434,0,Terrestrial (Earth-like),Solar-like (-0.15 <= [Fe/H] <= +0.15),1.1980035,3347.0,0.36,Transit
GJ 3473 c,GJ 3473,0.11,0.02331435,7.41,-1.6323766880948984,0,Terrestrial (Earth-like),Solar-like (-0.15 <= [Fe/H] <= +0.15),15.509,3347.0,0.36,Radial Velocity
GJ 3512 b,GJ 3512,-0.07,0.461,146.51889563,-0.33629907461035186,1,Gas Giant (Jupiter-like),Solar-like (-0.15 <= [Fe/H] <= +0.15),203.109,3141.0,0.123,Radial Velocity
GJ 3512 c,GJ 3512,-0.07,0.453,143.97626837,-0.34390179798716813,1,Gas Giant (Jupiter-like),Solar-like (-0.15 <= [Fe/H] <= +0.15),2354.0,3141.0,0.123,Radial Velocity
GJ 357 c,GJ 357,-0.12,0.01069754,3.4,-1.970716080936874,0,Terrestrial (Earth-like),Solar-like (-0.15 <= [Fe/H] <= +0.15),9.1247,3505.0,0.342,Radial Velocity
GJ 357 d,GJ 357,-0.12,0.01919265,6.1,-1.7168650564828591,0,Terrestrial (Earth-like),Solar-like (-0.15 <= [Fe/H] <= +0.15),55.661,3505.0,0.342,Radial Velocity
GJ 367 c,GJ 367,-0.01,0.01299443,4.13,-1.8862427660501515,0,Terrestrial (Earth-like),Solar-like (-0.15 <= [Fe/H] <= +0.15),11.5301,3522.0,0.455,Radial Velocity
GJ 367 d,GJ 367,-0.01,0.0189725,6.03,-1.721875438501529,0,Terrestrial (Earth-like),Solar-like (-0.15 <= [Fe/H] <= +0.15),34.369,3522.0,0.455,Radial Velocity
GJ 3779 b,GJ 3779,0.0,0.02517069,8.0,-1.5991048790449958,0,Terrestrial (Earth-like),Solar-like (-0.15 <= [Fe/H] <= +0.15),3.0232,3324.0,0.27,Radial Velocity
GJ 3929 b,GJ 3929,-0.02,0.00550612,1.75,-2.2591543278555246,0,Terrestrial (Earth-like),Solar-like (-0.15 <= [Fe/H] <= +0.15),2.616235,3384.0,0.313,Transit
GJ 3929 c,GJ 3929,-0.02,0.01796567,5.71,-1.745556581861667,0,Terrestrial (Earth-like),Solar-like (-0.15 <= [Fe/H] <= +0.15),15.04,3384.0,0.313,Radial Velocity
GJ 393 b,GJ 393,-0.09,0.00538026,1.71,-2.269196736631582,0,Terrestrial (Earth-like),Solar-like (-0.15 <= [Fe/H] <= +0.15),7.02679,3579.0,0.426,Radial Velocity
GJ 3942 b,GJ 3942,-0.04,0.02246484,7.14,-1.6484966702098187,0,Terrestrial (Earth-like),Solar-like (-0.15 <= [Fe/H] <= +0.15),6.905,3867.0,0.63,Radial Velocity
GJ 3988 b,GJ 3988,-0.12,0.01161004,3.69,-1.935166283986719,0,Terrestrial (Earth-like),Solar-like (-0.15 <= [Fe/H] <= +0.15),6.9442,3273.0,0.1842,Radial Velocity
GJ 3998 b,GJ 3998,-0.13,0.00786588,2.5,-2.1042526833693636,0,Terrestrial (Earth-like),Solar-like (-0.15 <= [Fe/H] <= +0.15),2.65033,3726.0,0.52,Radial Velocity
GJ 3998 c,GJ 3998,-0.13,0.02145812,6.82,-1.6684083303379889,0,Terrestrial (Earth-like),Solar-like (-0.15 <= [Fe/H] <= +0.15),13.727,3726.0,0.52,Radial Velocity
GJ 3998 d,GJ 3998,-0.13,0.01909836,6.07,-1.719003924560128,0,Terrestrial (Earth-like),Solar-like (-0.15 <= [Fe/H] <= +0.15),41.78,3726.0,0.52,Radial Velocity
GJ 411 b,GJ 411,-0.3621,0.00846369,2.69,-2.0724402519434517,0,Terrestrial (Earth-like),Metal-poor ([Fe/H] < -0.15),12.9394,3719.0,0.3899,Radial Velocity
GJ 414 A b,GJ 414 A,0.24,0.02391215,7.6,-1.6213813736475997,0,Terrestrial (Earth-like),Metal-rich ([Fe/H] > +0.15),50.8,4120.0,0.65,Radial Velocity
GJ 414 A c,GJ 414 A,0.24,0.16936727,53.83,-0.771170512728847,1,Gas Giant (Jupiter-like),Metal-rich ([Fe/H] > +0.15),749.83,4120.0,0.65,Radial Velocity
GJ 4274 b,GJ 4274,-0.19,0.00934467,2.97,-2.0294360307976764,0,Terrestrial (Earth-like),Metal-poor ([Fe/H] < -0.15),1.6339,3228.0,0.18,Radial Velocity
GJ 4274 c,GJ 4274,-0.19,0.02639789,8.39,-1.5784307851748094,0,Terrestrial (Earth-like),Metal-poor ([Fe/H] < -0.15),69.57,3228.0,0.18,Radial Velocity
GJ 4276 b,GJ 4276,0.12,0.05213479,16.57,-1.2828723714666,0,Neptunian / Sub-Neptune,Solar-like (-0.15 <= [Fe/H] <= +0.15),13.352,3387.0,0.406,Radial Velocity
GJ 463 b,GJ 463,-0.16,1.649,524.09904314,0.21722065564451878,1,Gas Giant (Jupiter-like),Metal-poor ([Fe/H] < -0.15),3459.0,3563.0,0.486,Radial Velocity
GJ 480 b,GJ 480,0.26,0.0276879,8.8,-1.5577099822463838,0,Terrestrial (Earth-like),Metal-rich ([Fe/H] > +0.15),9.5536,3509.0,0.45,Radial Velocity
GJ 486 b,GJ 486,-0.15,0.00871539,2.77,-2.0597131741238957,0,Terrestrial (Earth-like),Solar-like (-0.15 <= [Fe/H] <= +0.15),1.46712127,3317.0,0.312,Radial Velocity
GJ 504 b,GJ 504,0.28,4.0,1271.3,0.6020599913279624,1,Gas Giant (Jupiter-like),Metal-rich ([Fe/H] > +0.15),,6234.0,1.22,Imaging
GJ 508.2 b,GJ 508.2,-0.15,1.85,587.98255295,0.26717172840301384,1,Gas Giant (Jupiter-like),Solar-like (-0.15 <= [Fe/H] <= +0.15),5300.0,3720.0,0.54,Radial Velocity
GJ 514 b,GJ 514,-0.14,0.01636103,5.2,-1.7861893590243803,0,Terrestrial (Earth-like),Solar-like (-0.15 <= [Fe/H] <= +0.15),140.43,3728.0,0.51,Radial Velocity
GJ 536 b,GJ 536,-0.08,0.02004226,6.37,-1.6980533082444682,0,Terrestrial (Earth-like),Solar-like (-0.15 <= [Fe/H] <= +0.15),8.70874,3641.0,0.528,Radial Velocity
GJ 536 c,GJ 536,-0.08,0.01853201,5.89,-1.732077474120531,0,Terrestrial (Earth-like),Solar-like (-0.15 <= [Fe/H] <= +0.15),32.761,3641.0,0.528,Radial Velocity
GJ 581 b,GJ 581,-0.08,0.06450021,20.5,-1.190438871385,0,Neptunian / Sub-Neptune,Solar-like (-0.15 <= [Fe/H] <= +0.15),5.3686,3500.0,0.295,Radial Velocity
GJ 581 c,GJ 581,-0.08,0.02142666,6.81,-1.6690455217542266,0,Terrestrial (Earth-like),Solar-like (-0.15 <= [Fe/H] <= +0.15),12.9211,3500.0,0.295,Radial Velocity
GJ 581 e,GJ 581,-0.08,0.00780295,2.48,-2.1077411759620333,0,Terrestrial (Earth-like),Solar-like (-0.15 <= [Fe/H] <= +0.15),3.1481,3500.0,0.295,Radial Velocity
GJ 625 b,GJ 625,-0.38,0.00887267,2.82,-2.0519456708358637,0,Terrestrial (Earth-like),Metal-poor ([Fe/H] < -0.15),14.628,3499.0,0.3,Radial Velocity
GJ 649 b,GJ 649,-0.15,0.258,81.99972901,-0.5883802940367698,1,Gas Giant (Jupiter-like),Solar-like (-0.15 <= [Fe/H] <= +0.15),600.1,3734.0,0.51,Radial Velocity
GJ 667 C c,GJ 667 C,-0.55,0.012,3.8,-1.9208187539523751,0,Terrestrial (Earth-like),Metal-poor ([Fe/H] < -0.15),28.14,3350.0,0.33,Radial Velocity
GJ 667 C e,GJ 667 C,-0.55,0.008,2.7,-2.0969100130080562,0,Terrestrial (Earth-like),Metal-poor ([Fe/H] < -0.15),62.24,3350.0,0.33,Radial Velocity
GJ 667 C f,GJ 667 C,-0.55,0.008,2.7,-2.0969100130080562,0,Terrestrial (Earth-like),Metal-poor ([Fe/H] < -0.15),39.026,3350.0,0.33,Radial Velocity
GJ 667 C g,GJ 667 C,-0.55,0.014,4.6,-1.853871964321762,0,Terrestrial (Earth-like),Metal-poor ([Fe/H] < -0.15),256.2,3350.0,0.33,Radial Velocity
GJ 674 b,GJ 674,-0.28,0.035,11.09,-1.4559319556497243,0,Neptunian / Sub-Neptune,Metal-poor ([Fe/H] < -0.15),4.6938,3600.0,0.35,Radial Velocity
GJ 685 b,GJ 685,-0.15,0.02831702,9.0,-1.5479524524530475,0,Terrestrial (Earth-like),Solar-like (-0.15 <= [Fe/H] <= +0.15),24.16,3816.0,0.55,Radial Velocity
GJ 720 A b,GJ 720 A,-0.14,0.04291624,13.64,-1.3673783346740078,0,Neptunian / Sub-Neptune,Solar-like (-0.15 <= [Fe/H] <= +0.15),19.466,3837.0,0.57,Radial Velocity
GJ 724 b,GJ 724,-0.02,0.03382328,10.75,-1.4707842791501957,0,Neptunian / Sub-Neptune,Solar-like (-0.15 <= [Fe/H] <= +0.15),5.101284,3799.0,0.5271,Radial Velocity
GJ 740 b,GJ 740,0.08,0.00931315,2.96,-2.0309034021296197,0,Terrestrial (Earth-like),Solar-like (-0.15 <= [Fe/H] <= +0.15),2.37756,3913.0,0.58,Radial Velocity
GJ 806 b,GJ 806,-0.28,0.00597807,1.9,-2.2234390039110328,0,Terrestrial (Earth-like),Metal-poor ([Fe/H] < -0.15),0.9263237,3600.0,0.413,Transit
GJ 806 c,GJ 806,-0.28,0.01824884,5.8,-1.738764736556015,0,Terrestrial (Earth-like),Metal-poor ([Fe/H] < -0.15),6.64064,3600.0,0.413,Radial Velocity
GJ 849 b,GJ 849,0.09,0.893,283.82076745,-0.049148541111453566,1,Gas Giant (Jupiter-like),Solar-like (-0.15 <= [Fe/H] <= +0.15),1925.31,3467.0,0.45,Radial Velocity
GJ 849 c,GJ 849,0.09,0.99,314.65012293,-0.004364805402450088,1,Gas Giant (Jupiter-like),Solar-like (-0.15 <= [Fe/H] <= +0.15),5990.0,3467.0,0.45,Radial Velocity
GJ 86 b,GJ 86,-0.22,4.42,1404.8086,0.6454222693490919,1,Gas Giant (Jupiter-like),Metal-poor ([Fe/H] < -0.15),15.76491,5182.0,0.93,Radial Velocity
GJ 887 b,GJ 887,-0.06,0.01227077,3.9,-1.9111281841141767,0,Terrestrial (Earth-like),Solar-like (-0.15 <= [Fe/H] <= +0.15),9.2619,3688.0,0.495,Radial Velocity
GJ 887 c,GJ 887,-0.06,0.02045129,6.5,-1.6892792929274345,0,Terrestrial (Earth-like),Solar-like (-0.15 <= [Fe/H] <= +0.15),21.784,3688.0,0.495,Radial Velocity
GJ 887 d,GJ 887,-0.06,0.01919275,6.1,-1.7168627936720928,0,Terrestrial (Earth-like),Solar-like (-0.15 <= [Fe/H] <= +0.15),50.77,3688.0,0.495,Radial Velocity
GJ 887 e,GJ 887,-0.06,0.00459367,1.46,-2.337840206861218,0,Terrestrial (Earth-like),Solar-like (-0.15 <= [Fe/H] <= +0.15),4.4249,3688.0,0.495,Radial Velocity
GJ 900 b,GJ 900 A,-0.63,11.0,3496.112477,1.0413926851582251,1,Gas Giant (Jupiter-like),Metal-poor ([Fe/H] < -0.15),,,1.08,Imaging
GJ 9066 c,GJ 9066,-0.13,0.21,66.74396547,-0.6777807052660807,1,Gas Giant (Jupiter-like),Solar-like (-0.15 <= [Fe/H] <= +0.15),771.36,3154.0,0.15,Radial Velocity
GJ 96 b,GJ 96,0.14,0.06185697,19.66,-1.2086113572799615,0,Neptunian / Sub-Neptune,Solar-like (-0.15 <= [Fe/H] <= +0.15),73.94,3785.0,0.6,Radial Velocity
GJ 9689 b,GJ 9689,0.05,0.0303623,9.65,-1.5176653329256342,0,Terrestrial (Earth-like),Solar-like (-0.15 <= [Fe/H] <= +0.15),18.27,3836.0,0.59,Radial Velocity
GJ 9773 b,GJ 9773,-0.2,0.543,172.580825,-0.265200170411153,1,Gas Giant (Jupiter-like),Metal-poor ([Fe/H] < -0.15),2965.0,3528.0,0.358,Radial Velocity
GJ 9827 b,GJ 9827,-0.29,0.01346639,4.28,-1.8707488120873452,0,Terrestrial (Earth-like),Metal-poor ([Fe/H] < -0.15),1.208974,4236.0,0.62,Transit
GJ 9827 c,GJ 9827,-0.29,0.00585221,1.86,-2.2326800980961385,0,Terrestrial (Earth-like),Metal-poor ([Fe/H] < -0.15),3.648103,4236.0,0.62,Transit
GJ 9827 d,GJ 9827,-0.29,0.00950198,3.02,-2.022185888029503,0,Terrestrial (Earth-like),Metal-poor ([Fe/H] < -0.15),6.20183,4236.0,0.62,Transit
GPX-1 b,GPX-1,0.35,19.7,6261.2196179,1.294466226161593,1,Gas Giant (Jupiter-like),Metal-rich ([Fe/H] > +0.15),1.744579,7000.0,1.68,Transit
GU Psc b,GU Psc,0.1,11.3,3591.3,1.0530784434834197,1,Gas Giant (Jupiter-like),Solar-like (-0.15 <= [Fe/H] <= +0.15),,,0.325,Imaging
Gaia-4 b,Gaia-4,0.05,11.8,3750.3752026,1.0718820073061255,1,Gas Giant (Jupiter-like),Solar-like (-0.15 <= [Fe/H] <= +0.15),571.3,4034.0,0.644,Astrometry
Gaia-5 b,Gaia-5,-0.18,20.87,6633.07885409,1.319522449065454,1,Gas Giant (Jupiter-like),Metal-poor ([Fe/H] < -0.15),358.62,3447.0,0.339,Astrometry
Gl 378 b,Gl 378,0.06,0.0409653,13.02,-1.387583860336686,0,Neptunian / Sub-Neptune,Solar-like (-0.15 <= [Fe/H] <= +0.15),3.822,3879.0,0.56,Radial Velocity
Gl 410 b,Gl 410,0.05,0.02642936,8.4,-1.5779133533962397,0,Terrestrial (Earth-like),Solar-like (-0.15 <= [Fe/H] <= +0.15),6.02,3842.0,0.55,Radial Velocity
Gl 49 b,Gl 49,0.13,0.01771387,5.63,-1.7516865468824394,0,Terrestrial (Earth-like),Solar-like (-0.15 <= [Fe/H] <= +0.15),13.8508,3805.0,0.515,Radial Velocity
Gl 686 b,Gl 686,-0.23,0.02084133,6.624,-1.681074569766455,0,Terrestrial (Earth-like),Metal-poor ([Fe/H] < -0.15),15.53,3656.0,0.426,Radial Velocity
Gl 725 A b,Gl 725 A,-0.19,0.00874686,2.78,-2.058147824625198,0,Terrestrial (Earth-like),Metal-poor ([Fe/H] < -0.15),11.2201,3433.0,0.33,Radial Velocity
Gl 725 B c,Gl 725 B,-0.28,0.0106976,3.4,-1.9707136450875256,0,Terrestrial (Earth-like),Metal-poor ([Fe/H] < -0.15),37.9,3379.0,0.25,Radial Velocity
Gliese 12 b,Gliese 12,-0.24,0.00298903,0.95,-2.5244697260550404,0,Terrestrial (Earth-like),Metal-poor ([Fe/H] < -0.15),12.761418,3328.0,0.255,Transit
HAT-P-1 b,HAT-P-1,0.13,0.525,166.86075,-0.2798406965940431,1,Gas Giant (Jupiter-like),Solar-like (-0.15 <= [Fe/H] <= +0.15),4.46529976,5980.0,1.151,Transit
HAT-P-12 b,HAT-P-12,-0.29,0.211,67.059,-0.6757175447023074,1,Gas Giant (Jupiter-like),Metal-poor ([Fe/H] < -0.15),3.2130598,4650.0,0.733,Transit
HAT-P-14 b,HAT-P-14,0.11,3.44,1093.3352,0.5365584425715301,1,Gas Giant (Jupiter-like),Solar-like (-0.15 <= [Fe/H] <= +0.15),4.62767,6600.0,2.65,Transit
HAT-P-15 b,HAT-P-15,0.22,1.94,616.5902,0.287801729930226,1,Gas Giant (Jupiter-like),Metal-rich ([Fe/H] > +0.15),10.8635,5568.0,1.0,Transit
HAT-P-17 b,HAT-P-17,0.0,0.58,184.3414,-0.23657200643706275,1,Gas Giant (Jupiter-like),Solar-like (-0.15 <= [Fe/H] <= +0.15),10.33852,5246.0,0.99,Transit
HAT-P-17 c,HAT-P-17,0.0512,3.4,1080.6,0.5314789170422551,1,Gas Giant (Jupiter-like),Solar-like (-0.15 <= [Fe/H] <= +0.15),5584.0,5336.96,0.92,Radial Velocity
HAT-P-19 b,HAT-P-19,0.166,0.277,88.03846874,-0.5575202309355514,1,Gas Giant (Jupiter-like),Metal-rich ([Fe/H] > +0.15),4.00878322,4962.0,0.807,Transit
HAT-P-2 b,HAT-P-2,0.18,8.62,2739.6946,0.9355072658247128,1,Gas Giant (Jupiter-like),Metal-rich ([Fe/H] > +0.15),5.6335158,6380.0,1.33,Transit
HAT-P-20 b,HAT-P-20,0.35,7.246,2302.899,0.8600983296985181,1,Gas Giant (Jupiter-like),Metal-rich ([Fe/H] > +0.15),2.875317,4595.0,0.756,Transit
HAT-P-21 b,HAT-P-21,0.01,4.87,1547.8321,0.6875289612146344,1,Gas Giant (Jupiter-like),Solar-like (-0.15 <= [Fe/H] <= +0.15),4.12448,5588.0,1.24,Transit
HAT-P-22 b,HAT-P-22,0.24,2.47,785.0401,0.39269695325966575,1,Gas Giant (Jupiter-like),Metal-rich ([Fe/H] > +0.15),3.21222,5302.0,1.13,Transit
HAT-P-23 b,HAT-P-23,0.15,2.09,664.237,0.32014628611105395,1,Gas Giant (Jupiter-like),Solar-like (-0.15 <= [Fe/H] <= +0.15),1.212884,5905.0,1.13,Transit
HAT-P-24 b,HAT-P-24,-0.16,0.75,238.3725,-0.12493873660829995,1,Gas Giant (Jupiter-like),Metal-poor ([Fe/H] < -0.15),3.35524,6373.0,1.37,Transit
HAT-P-25 b,HAT-P-25,0.294,0.569,180.84527,-0.24488773360492885,1,Gas Giant (Jupiter-like),Metal-rich ([Fe/H] > +0.15),3.65281514,5519.0,1.012,Transit
HAT-P-26 b,HAT-P-26,-0.04,0.07,22.2481,-1.154901959985743,0,Neptunian / Sub-Neptune,Solar-like (-0.15 <= [Fe/H] <= +0.15),4.23452,5079.0,1.12,Transit
HAT-P-27 b,HAT-P-27,0.3,0.62,197.05,-0.20760831050174613,1,Gas Giant (Jupiter-like),Metal-rich ([Fe/H] > +0.15),3.039577,5316.0,0.916,Transit
HAT-P-28 b,HAT-P-28,0.12,0.626,198.953,-0.20342566678957033,1,Gas Giant (Jupiter-like),Solar-like (-0.15 <= [Fe/H] <= +0.15),3.257215,5680.0,1.025,Transit
HAT-P-29 b,HAT-P-29,0.21,0.88,279.6904,-0.05551732784983137,1,Gas Giant (Jupiter-like),Metal-rich ([Fe/H] > +0.15),5.72319,6087.0,1.45,Transit
HAT-P-3 b,HAT-P-3,0.27,0.65,206.5895,-0.18708664335714442,1,Gas Giant (Jupiter-like),Metal-rich ([Fe/H] > +0.15),2.8997,5185.0,1.06,Transit
HAT-P-30 b,HAT-P-30,0.13,0.83,263.7989,-0.08092190762392612,1,Gas Giant (Jupiter-like),Solar-like (-0.15 <= [Fe/H] <= +0.15),2.8106,6304.0,1.55,Transit
HAT-P-31 b,HAT-P-31,0.15,2.27,721.4741,0.35602585719312274,1,Gas Giant (Jupiter-like),Solar-like (-0.15 <= [Fe/H] <= +0.15),5.00542,6065.0,1.31,Transit
HAT-P-32 b,HAT-P-32,-0.16,0.68,216.1244,-0.16749108729376366,1,Gas Giant (Jupiter-like),Metal-poor ([Fe/H] < -0.15),2.1500082,6001.0,1.132,Transit
HAT-P-33 b,HAT-P-33,0.05,0.92,292.4036,-0.036212172654444715,1,Gas Giant (Jupiter-like),Solar-like (-0.15 <= [Fe/H] <= +0.15),3.47447,6446.0,1.82,Transit
HAT-P-34 b,HAT-P-34,0.22,3.33,1058.3739,0.5224442335063199,1,Gas Giant (Jupiter-like),Metal-rich ([Fe/H] > +0.15),5.452654,6442.0,1.392,Transit
HAT-P-35 b,HAT-P-35,0.11,1.056,335.62848,0.023663918197793475,1,Gas Giant (Jupiter-like),Solar-like (-0.15 <= [Fe/H] <= +0.15),3.646706,6096.0,1.236,Transit
HAT-P-37 b,HAT-P-37,0.03,1.169,371.528,0.06781451116184012,1,Gas Giant (Jupiter-like),Solar-like (-0.15 <= [Fe/H] <= +0.15),2.797436,5500.0,0.929,Transit
HAT-P-38 b,HAT-P-38,0.06,0.267,84.857,-0.5734887386354247,1,Gas Giant (Jupiter-like),Solar-like (-0.15 <= [Fe/H] <= +0.15),4.640382,5330.0,0.886,Transit
HAT-P-39 b,HAT-P-39,0.19,0.599,190.372,-0.22257317761068865,1,Gas Giant (Jupiter-like),Metal-rich ([Fe/H] > +0.15),3.54387,6430.0,1.404,Transit
HAT-P-40 b,HAT-P-40,0.22,0.48,152.5584,-0.3187587626244128,1,Gas Giant (Jupiter-like),Metal-rich ([Fe/H] > +0.15),4.45724,6080.0,1.03,Transit
HAT-P-41 b,HAT-P-41,0.21,1.19,378.2177,0.07554696139253074,1,Gas Giant (Jupiter-like),Metal-rich ([Fe/H] > +0.15),2.69405,6390.0,2.56,Transit
HAT-P-42 b,HAT-P-42,0.27,1.044,331.801,0.01870049866624337,1,Gas Giant (Jupiter-like),Metal-rich ([Fe/H] > +0.15),4.641878,5743.0,1.178,Transit
HAT-P-44 b,HAT-P-44,0.33,0.352,111.871,-0.453457336521869,1,Gas Giant (Jupiter-like),Metal-rich ([Fe/H] > +0.15),4.301219,5295.0,0.942,Transit
HAT-P-44 c,HAT-P-44,0.33,4.0,1271.3,0.6020599913279624,1,Gas Giant (Jupiter-like),Metal-rich ([Fe/H] > +0.15),872.2,5295.0,0.942,Radial Velocity
HAT-P-45 b,HAT-P-45,0.07,0.892,283.492,-0.04963514562387693,1,Gas Giant (Jupiter-like),Solar-like (-0.15 <= [Fe/H] <= +0.15),3.128992,6330.0,1.259,Transit
HAT-P-46 b,HAT-P-46,0.3,0.493,156.684,-0.30715308072277,1,Gas Giant (Jupiter-like),Metal-rich ([Fe/H] > +0.15),4.463129,6120.0,1.284,Transit
HAT-P-49 b,HAT-P-49,0.07,2.2,699.226,0.3424226808222063,1,Gas Giant (Jupiter-like),Solar-like (-0.15 <= [Fe/H] <= +0.15),2.69155,6820.0,2.22,Transit
HAT-P-5 b,HAT-P-5,0.24,0.98,311.4734,-0.00877392430750515,1,Gas Giant (Jupiter-like),Metal-rich ([Fe/H] > +0.15),2.78849,5960.0,1.04,Transit
HAT-P-50 b,HAT-P-50,-0.18,1.35,429.0705,0.13033376849500614,1,Gas Giant (Jupiter-like),Metal-poor ([Fe/H] < -0.15),3.1220109,6280.0,1.273,Transit
HAT-P-51 b,HAT-P-51,0.302,0.307,97.57332095,-0.5128616245228135,1,Gas Giant (Jupiter-like),Metal-rich ([Fe/H] > +0.15),4.21802091,5453.0,0.961,Transit
HAT-P-52 b,HAT-P-52,0.28,0.818,259.98494,-0.08724669632867703,1,Gas Giant (Jupiter-like),Metal-rich ([Fe/H] > +0.15),2.7535953,5131.0,0.887,Transit
HAT-P-53 b,HAT-P-53,0.0,1.484,471.65972,0.17143390094300825,1,Gas Giant (Jupiter-like),Solar-like (-0.15 <= [Fe/H] <= +0.15),1.9616241,5956.0,1.093,Transit
HAT-P-54 b,HAT-P-54,-0.127,0.76,241.5508,-0.11918640771920865,1,Gas Giant (Jupiter-like),Solar-like (-0.15 <= [Fe/H] <= +0.15),3.799847,4390.0,0.645,Transit
HAT-P-55 b,HAT-P-55,0.003,0.596,189.42573057,-0.22475374025976358,1,Gas Giant (Jupiter-like),Solar-like (-0.15 <= [Fe/H] <= +0.15),3.5852313,5804.0,1.028,Transit
HAT-P-56 b,HAT-P-56,0.0,2.31,734.1873,0.36361197989214433,1,Gas Giant (Jupiter-like),Solar-like (-0.15 <= [Fe/H] <= +0.15),2.79083,6566.0,1.42,Transit
HAT-P-57 b,HAT-P-57,-0.25,1.41,448.1403,0.14921911265537988,1,Gas Giant (Jupiter-like),Metal-poor ([Fe/H] < -0.15),2.4653,6330.0,2.77,Transit
HAT-P-58 b,HAT-P-58,-0.224,0.372,118.2321674,-0.4294570601181025,1,Gas Giant (Jupiter-like),Metal-poor ([Fe/H] < -0.15),4.0138379,6078.0,1.031,Transit
HAT-P-59 b,HAT-P-59,0.217,1.54,489.45574678,0.18752072083646307,1,Gas Giant (Jupiter-like),Metal-rich ([Fe/H] > +0.15),4.1419771,5678.0,1.008,Transit
HAT-P-6 b,HAT-P-6,-0.13,1.32,419.5356,0.12057393120584989,1,Gas Giant (Jupiter-like),Solar-like (-0.15 <= [Fe/H] <= +0.15),3.85298,6570.0,1.79,Transit
HAT-P-60 b,HAT-P-60,0.037,0.574,182.43350562,-0.2410881076020265,1,Gas Giant (Jupiter-like),Solar-like (-0.15 <= [Fe/H] <= +0.15),4.7947813,6212.0,1.435,Transit
HAT-P-61 b,HAT-P-61,0.194,1.057,335.9446262,0.024074987307426243,1,Gas Giant (Jupiter-like),Metal-rich ([Fe/H] > +0.15),1.90231289,5587.0,1.004,Transit
HAT-P-62 b,HAT-P-62,0.414,0.761,241.86741773,-0.11861534322942717,1,Gas Giant (Jupiter-like),Metal-rich ([Fe/H] > +0.15),2.6453235,5629.0,1.023,Transit
HAT-P-63 b,HAT-P-63,0.251,0.614,195.1466419,-0.21183162885883233,1,Gas Giant (Jupiter-like),Metal-rich ([Fe/H] > +0.15),3.377728,5400.0,0.925,Transit
HAT-P-64 b,HAT-P-64,-0.113,0.58,184.34047606,-0.23657200643706275,1,Gas Giant (Jupiter-like),Solar-like (-0.15 <= [Fe/H] <= +0.15),4.007232,6457.0,1.298,Transit
HAT-P-65 b,HAT-P-65,0.208,0.554,176.07693748,-0.2564902352715702,1,Gas Giant (Jupiter-like),Metal-rich ([Fe/H] > +0.15),2.60544751,5872.0,1.297,Transit
HAT-P-66 b,HAT-P-66,0.035,0.783,248.86089,-0.10623823794205658,1,Gas Giant (Jupiter-like),Solar-like (-0.15 <= [Fe/H] <= +0.15),2.972086,6002.0,1.255,Transit
HAT-P-67 b,HAT-P-67,0.14,0.45,143.02278315,-0.3467874862246563,1,Gas Giant (Jupiter-like),Solar-like (-0.15 <= [Fe/H] <= +0.15),4.8101069,6640.0,1.73,Transit
HAT-P-68 b,HAT-P-68,-0.059,0.724,230.10892,-0.1402614338028531,1,Gas Giant (Jupiter-like),Solar-like (-0.15 <= [Fe/H] <= +0.15),2.29840551,4508.0,0.6785,Transit
HAT-P-69 b,HAT-P-69,-0.069,3.58,1137.8314,0.5538830266438743,1,Gas Giant (Jupiter-like),Solar-like (-0.15 <= [Fe/H] <= +0.15),4.7869491,7394.0,1.648,Transit
HAT-P-7 b,HAT-P-7,0.26,1.84,584.8072,0.2648178230095365,1,Gas Giant (Jupiter-like),Metal-rich ([Fe/H] > +0.15),2.20474,6389.0,1.56,Transit
HAT-P-70 b,HAT-P-70,-0.059,6.78,2154.8874,0.8312296938670634,1,Gas Giant (Jupiter-like),Solar-like (-0.15 <= [Fe/H] <= +0.15),2.74432452,8450.0,1.89,Transit
HAT-P-8 b,HAT-P-8,0.01,1.28,406.8224,0.10720996964786837,1,Gas Giant (Jupiter-like),Solar-like (-0.15 <= [Fe/H] <= +0.15),3.07634,6200.0,1.27,Transit
HAT-P-9 b,HAT-P-9,0.12,0.749,238.05467,-0.12551818230053352,1,Gas Giant (Jupiter-like),Solar-like (-0.15 <= [Fe/H] <= +0.15),3.92281072,6350.0,1.281,Transit
HATS-1 b,HATS-1,-0.06,1.855,589.55,0.26834391395106466,1,Gas Giant (Jupiter-like),Solar-like (-0.15 <= [Fe/H] <= +0.15),3.446459,5870.0,0.986,Transit
HATS-10 b,HATS-10,0.15,0.526,167.17858,-0.27901425584626094,1,Gas Giant (Jupiter-like),Solar-like (-0.15 <= [Fe/H] <= +0.15),3.312846,5880.0,1.101,Transit
HATS-13 b,HATS-13,0.05,0.543,172.58169,-0.265200170411153,1,Gas Giant (Jupiter-like),Solar-like (-0.15 <= [Fe/H] <= +0.15),3.0440499,5523.0,0.962,Transit
HATS-14 b,HATS-14,0.33,1.071,340.39593,0.029789470831855614,1,Gas Giant (Jupiter-like),Metal-rich ([Fe/H] > +0.15),2.7667641,5346.0,0.967,Transit
HATS-15 b,HATS-15,0.0,2.17,689.6911,0.3364597338485295,1,Gas Giant (Jupiter-like),Solar-like (-0.15 <= [Fe/H] <= +0.15),1.74748753,5311.0,0.871,Transit
HATS-16 b,HATS-16,-0.1,3.27,1039.3041,0.5145477526602861,1,Gas Giant (Jupiter-like),Solar-like (-0.15 <= [Fe/H] <= +0.15),2.686502,5738.0,0.97,Transit
HATS-17 b,HATS-17,0.3,1.338,425.25654,0.12645611343180432,1,Gas Giant (Jupiter-like),Metal-rich ([Fe/H] > +0.15),16.254611,5846.0,1.131,Transit
HATS-22 b,HATS-22,0.0,2.74,870.8542,0.437750562820388,1,Gas Giant (Jupiter-like),Solar-like (-0.15 <= [Fe/H] <= +0.15),4.7228124,4803.0,0.759,Transit
HATS-23 b,HATS-23,0.28,1.47,467.2101,0.1673173347481761,1,Gas Giant (Jupiter-like),Metal-rich ([Fe/H] > +0.15),2.1605156,5780.0,1.121,Transit
HATS-24 b,HATS-24,-0.229,2.26,718.2958,0.35410843914740087,1,Gas Giant (Jupiter-like),Metal-poor ([Fe/H] < -0.15),1.3484978,6125.0,1.07,Transit
HATS-25 b,HATS-25,0.02,0.613,194.82979,-0.21253952548158497,1,Gas Giant (Jupiter-like),Solar-like (-0.15 <= [Fe/H] <= +0.15),4.2986432,5715.0,0.994,Transit
HATS-26 b,HATS-26,-0.02,0.65,206.5895,-0.18708664335714442,1,Gas Giant (Jupiter-like),Solar-like (-0.15 <= [Fe/H] <= +0.15),3.3023881,6071.0,1.299,Transit
HATS-27 b,HATS-27,0.09,0.53,168.4499,-0.27572413039921095,1,Gas Giant (Jupiter-like),Solar-like (-0.15 <= [Fe/H] <= +0.15),4.637038,6438.0,1.415,Transit
HATS-28 b,HATS-28,0.01,0.672,213.58176,-0.17263072694617473,1,Gas Giant (Jupiter-like),Solar-like (-0.15 <= [Fe/H] <= +0.15),3.1810781,5498.0,0.929,Transit
HATS-29 b,HATS-29,0.16,0.653,207.54299,-0.18508681872492605,1,Gas Giant (Jupiter-like),Metal-rich ([Fe/H] > +0.15),4.6058749,5670.0,1.032,Transit
HATS-3 b,HATS-3,-0.157,1.071,340.382,0.029789470831855614,1,Gas Giant (Jupiter-like),Metal-poor ([Fe/H] < -0.15),3.547851,6351.0,1.209,Transit
HATS-30 b,HATS-30,0.06,0.706,224.38798,-0.15119529894819625,1,Gas Giant (Jupiter-like),Solar-like (-0.15 <= [Fe/H] <= +0.15),3.1743516,5943.0,1.093,Transit
HATS-31 b,HATS-31,0.0,0.88,279.6904,-0.05551732784983137,1,Gas Giant (Jupiter-like),Solar-like (-0.15 <= [Fe/H] <= +0.15),3.37796,6050.0,1.275,Transit
HATS-32 b,HATS-32,0.39,0.92,292.4036,-0.036212172654444715,1,Gas Giant (Jupiter-like),Metal-rich ([Fe/H] > +0.15),2.8126548,5700.0,1.099,Transit
HATS-33 b,HATS-33,0.29,1.192,378.85336,0.0762762554042176,1,Gas Giant (Jupiter-like),Metal-rich ([Fe/H] > +0.15),2.5495551,5659.0,1.062,Transit
HATS-34 b,HATS-34,0.25,0.941,299.07803,-0.026410376572743116,1,Gas Giant (Jupiter-like),Metal-rich ([Fe/H] > +0.15),2.1061607,5380.0,0.955,Transit
HATS-35 b,HATS-35,0.21,1.222,388.38826,0.08707120590653541,1,Gas Giant (Jupiter-like),Metal-rich ([Fe/H] > +0.15),1.8209993,6300.0,1.317,Transit
HATS-37 A b,HATS-37 A,0.051,0.099,31.46517,-1.00436480540245,0,Neptunian / Sub-Neptune,Solar-like (-0.15 <= [Fe/H] <= +0.15),4.3315366,5326.0,0.843,Transit
HATS-38 b,HATS-38,-0.102,0.074,23.51942,-1.1307682802690238,0,Neptunian / Sub-Neptune,Solar-like (-0.15 <= [Fe/H] <= +0.15),4.375021,5732.0,0.89,Transit
HATS-39 b,HATS-39,0.0,0.63,200.2329,-0.2006594505464183,1,Gas Giant (Jupiter-like),Solar-like (-0.15 <= [Fe/H] <= +0.15),4.5776348,6572.0,1.379,Transit
HATS-4 b,HATS-4,0.43,1.323,420.471,0.12155984418750096,1,Gas Giant (Jupiter-like),Metal-rich ([Fe/H] > +0.15),2.516729,5403.0,1.001,Transit
HATS-40 b,HATS-40,0.01,1.59,505.3497,0.2013971243204515,1,Gas Giant (Jupiter-like),Solar-like (-0.15 <= [Fe/H] <= +0.15),3.2642736,6460.0,1.561,Transit
HATS-41 b,HATS-41,0.47,9.7,3082.951,0.9867717342662449,1,Gas Giant (Jupiter-like),Metal-rich ([Fe/H] > +0.15),4.193649,6424.0,1.496,Transit
HATS-42 b,HATS-42,0.22,1.88,597.5204,0.2741578492636798,1,Gas Giant (Jupiter-like),Metal-rich ([Fe/H] > +0.15),2.292102,6060.0,1.273,Transit
HATS-43 b,HATS-43,0.05,0.261,82.95363,-0.583359492661719,1,Gas Giant (Jupiter-like),Solar-like (-0.15 <= [Fe/H] <= +0.15),4.3888497,5099.0,0.837,Transit
HATS-44 b,HATS-44,0.32,0.56,177.9848,-0.25181197299379954,1,Gas Giant (Jupiter-like),Metal-rich ([Fe/H] > +0.15),2.7439004,5080.0,0.86,Transit
HATS-45 b,HATS-45,0.02,0.7,222.481,-0.1549019599857432,1,Gas Giant (Jupiter-like),Solar-like (-0.15 <= [Fe/H] <= +0.15),4.1876244,6450.0,1.272,Transit
HATS-46 b,HATS-46,-0.06,0.173,54.98459,-0.7619538968712046,1,Gas Giant (Jupiter-like),Solar-like (-0.15 <= [Fe/H] <= +0.15),4.7423729,5495.0,0.917,Transit
HATS-47 b,HATS-47,-0.113,0.369,117.27927,-0.4329736338409396,1,Gas Giant (Jupiter-like),Solar-like (-0.15 <= [Fe/H] <= +0.15),3.9228038,4512.0,0.674,Transit
HATS-48 A b,HATS-48 A,0.186,0.243,77.23269,-0.6143937264016879,1,Gas Giant (Jupiter-like),Metal-rich ([Fe/H] > +0.15),3.1316666,4546.0,0.7279,Transit
HATS-49 b,HATS-49,0.208,0.353,112.19399,-0.4522252946121775,1,Gas Giant (Jupiter-like),Metal-rich ([Fe/H] > +0.15),4.1480467,4405.0,0.7133,Transit
HATS-5 b,HATS-5,0.19,0.237,75.323,-0.6252516539898961,1,Gas Giant (Jupiter-like),Metal-rich ([Fe/H] > +0.15),4.763387,5304.0,0.936,Transit
HATS-54 b,HATS-54,0.37,0.753,239.32479047,-0.12320502379929942,1,Gas Giant (Jupiter-like),Metal-rich ([Fe/H] > +0.15),2.5441765,5621.0,1.05,Transit
HATS-55 b,HATS-55,0.108,0.921,292.72143,-0.03574036980315106,1,Gas Giant (Jupiter-like),Solar-like (-0.15 <= [Fe/H] <= +0.15),4.2042001,6214.0,1.1955,Transit
HATS-56 b,HATS-56,0.19,0.602,191.33366,-0.22040350874217546,1,Gas Giant (Jupiter-like),Metal-rich ([Fe/H] > +0.15),4.324799,6536.0,1.573,Transit
HATS-57 b,HATS-57,0.268,3.147,1000.21101,0.4978967429132203,1,Gas Giant (Jupiter-like),Metal-rich ([Fe/H] > +0.15),2.350621,5587.0,1.026,Transit
HATS-59 b,HATS-59,0.18,0.806,256.17098,-0.09366495819490933,1,Gas Giant (Jupiter-like),Metal-rich ([Fe/H] > +0.15),5.416081,5670.0,1.038,Transit
HATS-59 c,HATS-59,0.18,12.7,4036.441,1.1038037209559568,1,Gas Giant (Jupiter-like),Metal-rich ([Fe/H] > +0.15),1422.0,5670.0,1.038,Radial Velocity
HATS-6 b,HATS-6,0.2,0.319,101.38777,-0.4962093169428189,1,Gas Giant (Jupiter-like),Metal-rich ([Fe/H] > +0.15),3.3252725,3724.0,0.574,Transit
HATS-60 b,HATS-60,0.335,0.662,210.40346,-0.17914201056030005,1,Gas Giant (Jupiter-like),Metal-rich ([Fe/H] > +0.15),3.560829,5688.0,1.097,Transit
HATS-61 b,HATS-61,0.247,3.4,1080.622,0.5314789170422551,1,Gas Giant (Jupiter-like),Metal-rich ([Fe/H] > +0.15),7.817953,5542.0,1.076,Transit
HATS-62 b,HATS-62,0.133,0.179,56.89157,-0.7471469690201068,1,Gas Giant (Jupiter-like),Solar-like (-0.15 <= [Fe/H] <= +0.15),3.2768837,5416.0,0.896,Transit
HATS-63 b,HATS-63,0.081,0.96,305.1168,-0.017728766960431602,1,Gas Giant (Jupiter-like),Solar-like (-0.15 <= [Fe/H] <= +0.15),3.0566527,5627.0,0.931,Transit
HATS-64 b,HATS-64,0.22,0.96,305.1168,-0.017728766960431602,1,Gas Giant (Jupiter-like),Metal-rich ([Fe/H] > +0.15),4.908897,6554.0,1.564,Transit
HATS-65 b,HATS-65,0.199,0.821,260.93843,-0.08565684288055925,1,Gas Giant (Jupiter-like),Metal-rich ([Fe/H] > +0.15),3.105161,6277.0,1.257,Transit
HATS-66 b,HATS-66,-0.017,5.33,1694.0339,0.7267272090265723,1,Gas Giant (Jupiter-like),Solar-like (-0.15 <= [Fe/H] <= +0.15),3.1414391,6626.0,1.411,Transit
HATS-67 b,HATS-67,0.332,1.45,460.8535,0.16136800223497488,1,Gas Giant (Jupiter-like),Metal-rich ([Fe/H] > +0.15),1.6091788,6594.0,1.435,Transit
HATS-68 b,HATS-68,0.21,1.29,410.0007,0.11058971029924898,1,Gas Giant (Jupiter-like),Metal-rich ([Fe/H] > +0.15),3.5862202,6147.0,1.351,Transit
HATS-69 b,HATS-69,0.377,0.577,183.38791,-0.2388241868442686,1,Gas Giant (Jupiter-like),Metal-rich ([Fe/H] > +0.15),2.2252577,5137.0,0.892,Transit
HATS-7 b,HATS-7,0.25,0.12,38.1396,-0.9208187539523752,1,Gas Giant (Jupiter-like),Metal-rich ([Fe/H] > +0.15),3.185315,4985.0,0.849,Transit
HATS-70 b,HATS-70,0.041,12.9,4100.007,1.110589710299249,1,Gas Giant (Jupiter-like),Solar-like (-0.15 <= [Fe/H] <= +0.15),1.8882378,7930.0,1.78,Transit
HATS-71 b,HATS-71,0.17,0.37,117.5971,-0.431798275933005,1,Gas Giant (Jupiter-like),Metal-rich ([Fe/H] > +0.15),3.7955202,3405.0,0.4861,Transit
HATS-72 b,HATS-72,0.099,0.1254,39.855882,-0.9017024635053024,1,Gas Giant (Jupiter-like),Solar-like (-0.15 <= [Fe/H] <= +0.15),7.3279474,4656.1,0.7311,Transit
HATS-74 A b,HATS-74 A,0.514,1.46,464.02947422,0.1643528557844371,1,Gas Giant (Jupiter-like),Metal-rich ([Fe/H] > +0.15),1.73185606,3776.9,0.601,Transit
HATS-75 b,HATS-75,0.522,0.491,156.05374784,-0.3089185078770315,1,Gas Giant (Jupiter-like),Metal-rich ([Fe/H] > +0.15),2.7886556,3790.4,0.6017,Transit
HATS-76 b,HATS-76,0.322,2.629,835.570882,0.4197905861063627,1,Gas Giant (Jupiter-like),Metal-rich ([Fe/H] > +0.15),1.9416423,4016.0,0.662,Transit
HATS-77 b,HATS-77,0.253,1.374,436.69623122,0.13798673272353165,1,Gas Giant (Jupiter-like),Metal-rich ([Fe/H] > +0.15),3.0876262,4071.0,0.655,Transit
HATS-8 b,HATS-8,0.21,0.138,43.86054,-0.8601209135987634,1,Gas Giant (Jupiter-like),Metal-rich ([Fe/H] > +0.15),3.583893,5679.0,1.056,Transit
HD 100508 b,HD 100508,0.33,1.2,381.3940884,0.07918124604762482,1,Gas Giant (Jupiter-like),Metal-rich ([Fe/H] > +0.15),5681.0,5419.0,0.94,Radial Velocity
HD 100655 b,HD 100655,0.07,1.61,511.7063,0.20682587603184974,1,Gas Giant (Jupiter-like),Solar-like (-0.15 <= [Fe/H] <= +0.15),157.57001,4891.0,2.28,Radial Velocity
HD 10180 c,HD 10180,0.08,0.0416,13.221728,-1.3809066693732572,0,Neptunian / Sub-Neptune,Solar-like (-0.15 <= [Fe/H] <= +0.15),5.75969,5911.0,1.06,Radial Velocity
HD 10180 d,HD 10180,0.08,0.0378,12.013974,-1.4225082001627747,0,Neptunian / Sub-Neptune,Solar-like (-0.15 <= [Fe/H] <= +0.15),16.357,5911.0,1.06,Radial Velocity
HD 10180 e,HD 10180,0.08,0.0805,25.585315,-1.0942041196321315,0,Neptunian / Sub-Neptune,Solar-like (-0.15 <= [Fe/H] <= +0.15),49.748,5911.0,1.06,Radial Velocity
HD 10180 f,HD 10180,0.08,0.0722,22.947326,-1.1414628024303608,0,Neptunian / Sub-Neptune,Solar-like (-0.15 <= [Fe/H] <= +0.15),122.744,5911.0,1.06,Radial Velocity
HD 10180 g,HD 10180,0.08,0.0732,23.265156,-1.1354889189416082,0,Neptunian / Sub-Neptune,Solar-like (-0.15 <= [Fe/H] <= +0.15),604.67,5911.0,1.06,Radial Velocity
HD 10180 h,HD 10180,0.08,0.2066,65.663678,-0.6848696828163983,1,Gas Giant (Jupiter-like),Solar-like (-0.15 <= [Fe/H] <= +0.15),2205.0,5911.0,1.06,Radial Velocity
HD 101930 b,HD 101930,0.15,0.25,79.4575,-0.6020599913279624,1,Gas Giant (Jupiter-like),Solar-like (-0.15 <= [Fe/H] <= +0.15),70.46,5108.0,0.57,Radial Velocity
HD 102117 b,HD 102117,0.28,0.17,54.0311,-0.769551078621726,1,Gas Giant (Jupiter-like),Metal-rich ([Fe/H] > +0.15),20.8133,5655.0,1.06,Radial Velocity
HD 102195 b,HD 102195,0.04,0.41,130.3103,-0.38721614328026455,1,Gas Giant (Jupiter-like),Solar-like (-0.15 <= [Fe/H] <= +0.15),4.11377,5301.0,0.76,Radial Velocity
HD 102272 b,HD 102272,-0.41,4.94,1570.0802,0.693726948923647,1,Gas Giant (Jupiter-like),Metal-poor ([Fe/H] < -0.15),127.58,4790.0,1.45,Radial Velocity
HD 102329 b,HD 102329,0.05,8.16,2593.4928,0.9116901587538612,1,Gas Giant (Jupiter-like),Solar-like (-0.15 <= [Fe/H] <= +0.15),778.09998,4745.0,3.21,Radial Velocity
HD 102888 b,HD 102888,0.07,5.69,1808.44363583,0.7551122663950712,1,Gas Giant (Jupiter-like),Solar-like (-0.15 <= [Fe/H] <= +0.15),252.06,4990.0,2.42,Radial Velocity
HD 103197 b,HD 103197,0.22,0.09,28.6047,-1.0457574905606752,0,Neptunian / Sub-Neptune,Metal-rich ([Fe/H] > +0.15),47.84,5250.0,0.8,Radial Velocity
HD 103720 b,HD 103720,-0.02,0.62,197.046,-0.20760831050174613,1,Gas Giant (Jupiter-like),Solar-like (-0.15 <= [Fe/H] <= +0.15),4.5557,5017.0,0.794,Radial Velocity
HD 103774 b,HD 103774,0.28,0.367,116.0,-0.4353339357479107,1,Gas Giant (Jupiter-like),Metal-rich ([Fe/H] > +0.15),5.8881,6489.0,1.335,Radial Velocity
HD 103891 b,HD 103891,-0.19,1.44,457.67290608,0.15836249209524964,1,Gas Giant (Jupiter-like),Metal-poor ([Fe/H] < -0.15),1919.0,6072.0,1.28,Radial Velocity
HD 104067 b,HD 104067,0.11,0.19538845,62.1,-0.7091011123138757,1,Gas Giant (Jupiter-like),Solar-like (-0.15 <= [Fe/H] <= +0.15),55.851,4952.0,0.82,Radial Velocity
HD 104067 c,HD 104067,0.11,0.04153184,13.2,-1.3816188277597343,0,Neptunian / Sub-Neptune,Solar-like (-0.15 <= [Fe/H] <= +0.15),13.8992,4952.0,0.82,Radial Velocity
HD 104985 b,HD 104985,-0.32,5.559,1766.80811451,0.74499667403856,1,Gas Giant (Jupiter-like),Metal-poor ([Fe/H] < -0.15),199.68,4738.0,1.22,Radial Velocity
HD 105779 b,HD 105779,-0.25,0.64,203.41018048,-0.1938200260161128,1,Gas Giant (Jupiter-like),Metal-poor ([Fe/H] < -0.15),2412.0,5792.0,0.89,Radial Velocity
HD 106252 b,HD 106252,-0.06,10.0,3178.28407,1.0,1,Gas Giant (Jupiter-like),Solar-like (-0.15 <= [Fe/H] <= +0.15),1535.0,,1.05,Radial Velocity
HD 106315 b,HD 106315,-0.311,0.03964383,12.6,-1.4018243948649944,0,Neptunian / Sub-Neptune,Metal-poor ([Fe/H] < -0.15),9.55237,6327.0,1.091,Transit
HD 106315 c,HD 106315,-0.311,0.04782431,15.2,-1.3203512871732068,0,Neptunian / Sub-Neptune,Metal-poor ([Fe/H] < -0.15),21.05704,6327.0,1.091,Transit
HD 10647 b,HD 10647,0.0,0.94,298.75,-0.026872146400301365,1,Gas Giant (Jupiter-like),Solar-like (-0.15 <= [Fe/H] <= +0.15),989.2,6218.0,1.11,Radial Velocity
HD 106515 A b,HD 106515 A,0.03,18.9,6006.9568923,1.276461804173244,1,Gas Giant (Jupiter-like),Solar-like (-0.15 <= [Fe/H] <= +0.15),3626.0,,0.89,Radial Velocity
HD 107148 b,HD 107148,0.314,0.21,66.741,-0.6777807052660807,1,Gas Giant (Jupiter-like),Metal-rich ([Fe/H] > +0.15),48.056,5797.0,1.12,Radial Velocity
HD 107148 c,HD 107148,0.2964,0.0626,19.89605828,-1.2034256667895702,0,Neptunian / Sub-Neptune,Metal-rich ([Fe/H] > +0.15),18.3267,5752.92,1.105215,Radial Velocity
HD 108147 b,HD 108147,0.1803,0.261,82.95,-0.583359492661719,1,Gas Giant (Jupiter-like),Metal-rich ([Fe/H] > +0.15),10.8985,6255.73,1.22,Radial Velocity
HD 108341 b,HD 108341,0.04,3.5,1112.4,0.5440680443502757,1,Gas Giant (Jupiter-like),Solar-like (-0.15 <= [Fe/H] <= +0.15),1129.0,5122.0,0.843,Radial Velocity
HD 108874 b,HD 108874,0.26,1.42,451.3186,0.15228834438305647,1,Gas Giant (Jupiter-like),Metal-rich ([Fe/H] > +0.15),394.48123,5600.0,1.1,Radial Velocity
HD 108874 c,HD 108874,0.19,0.99,314.64,-0.004364805402450088,1,Gas Giant (Jupiter-like),Metal-rich ([Fe/H] > +0.15),1624.0,5551.0,0.95,Radial Velocity
HD 109246 b,HD 109246,0.1,0.86,273.3338,-0.06550154875643228,1,Gas Giant (Jupiter-like),Solar-like (-0.15 <= [Fe/H] <= +0.15),68.27,5844.0,1.2,Radial Velocity
HD 109271 b,HD 109271,0.1,0.054,17.162,-1.2676062401770316,0,Neptunian / Sub-Neptune,Solar-like (-0.15 <= [Fe/H] <= +0.15),7.8543,5783.0,1.047,Radial Velocity
HD 109271 c,HD 109271,0.1,0.076,24.154,-1.1191864077192086,0,Neptunian / Sub-Neptune,Solar-like (-0.15 <= [Fe/H] <= +0.15),30.93,5783.0,1.047,Radial Velocity
HD 109286 b,HD 109286,0.05,2.99,950.30693693,0.4756711883244297,1,Gas Giant (Jupiter-like),Solar-like (-0.15 <= [Fe/H] <= +0.15),520.1,5694.0,0.98,Radial Velocity
HD 109749 b,HD 109749,0.24,0.27,85.8141,-0.5686362358410126,1,Gas Giant (Jupiter-like),Metal-rich ([Fe/H] > +0.15),5.239891,5824.0,1.13,Radial Velocity
HD 10975 b,HD 10975,-0.21,0.45,143.02278315,-0.3467874862246563,1,Gas Giant (Jupiter-like),Metal-poor ([Fe/H] < -0.15),283.8,4840.0,1.41,Radial Velocity
HD 110014 b,HD 110014,0.19,11.09,3524.59,1.04493154614916,1,Gas Giant (Jupiter-like),Metal-rich ([Fe/H] > +0.15),835.477,4445.0,2.17,Radial Velocity
HD 110067 b,HD 110067,-0.2,0.01790274,5.69,-1.7470804955109431,0,Terrestrial (Earth-like),Metal-poor ([Fe/H] < -0.15),9.113678,5266.0,0.798,Transit
HD 110067 c,HD 110067,-0.2,0.01982202,6.3,-1.7028520900045396,0,Terrestrial (Earth-like),Metal-poor ([Fe/H] < -0.15),13.673694,5266.0,0.798,Transit
HD 110067 d,HD 110067,-0.2,0.02680692,8.52,-1.5717530817218992,0,Terrestrial (Earth-like),Metal-poor ([Fe/H] < -0.15),20.519617,5266.0,0.798,Transit
HD 110067 e,HD 110067,-0.2,0.01227077,3.9,-1.9111281841141767,0,Terrestrial (Earth-like),Metal-poor ([Fe/H] < -0.15),30.793091,5266.0,0.798,Transit
HD 110067 f,HD 110067,-0.2,0.01585761,5.04,-1.799762267335366,0,Terrestrial (Earth-like),Metal-poor ([Fe/H] < -0.15),41.05854,5266.0,0.798,Transit
HD 110067 g,HD 110067,-0.2,0.02642936,8.4,-1.5779133533962397,0,Terrestrial (Earth-like),Metal-poor ([Fe/H] < -0.15),54.76992,5266.0,0.798,Transit
HD 110113 b,HD 110113,0.14,0.01431583,4.55,-1.8441834674837856,0,Terrestrial (Earth-like),Solar-like (-0.15 <= [Fe/H] <= +0.15),2.541,5732.0,0.997,Transit
HD 110113 c,HD 110113,0.14,0.03303653,10.5,-1.4810055751831803,0,Neptunian / Sub-Neptune,Solar-like (-0.15 <= [Fe/H] <= +0.15),6.744,5732.0,0.997,Radial Velocity
HD 111591 b,HD 111591,0.07,4.4,1398.452,0.6434526764861874,1,Gas Giant (Jupiter-like),Solar-like (-0.15 <= [Fe/H] <= +0.15),1056.4,4884.0,1.94,Radial Velocity
HD 112300 b,HD 112300,-0.06,15.83,5031.22368281,1.199480914862356,1,Gas Giant (Jupiter-like),Solar-like (-0.15 <= [Fe/H] <= +0.15),466.63,3657.0,1.4,Radial Velocity
HD 112570 b,HD 112570,-0.4,3.42,1086.97315194,0.534026106056135,1,Gas Giant (Jupiter-like),Metal-poor ([Fe/H] < -0.15),2615.0,4750.0,1.15,Radial Velocity
HD 112640 b,HD 112640,-0.09,5.0,1589.15,0.6989700043360189,1,Gas Giant (Jupiter-like),Solar-like (-0.15 <= [Fe/H] <= +0.15),613.2,4155.0,1.8,Radial Velocity
HD 113538 b,HD 113538,-0.24,0.36,114.41,-0.44369749923271273,1,Gas Giant (Jupiter-like),Metal-poor ([Fe/H] < -0.15),663.2,4462.0,0.585,Radial Velocity
HD 113538 c,HD 113538,-0.24,0.93,295.57,-0.03151705144606486,1,Gas Giant (Jupiter-like),Metal-poor ([Fe/H] < -0.15),1818.0,4462.0,0.585,Radial Velocity
HD 113996 b,HD 113996,0.13,6.3,2002.329,0.7993405494535817,1,Gas Giant (Jupiter-like),Solar-like (-0.15 <= [Fe/H] <= +0.15),610.2,4181.0,1.49,Radial Velocity
HD 114386 b,HD 114386,-0.05,1.14,362.3262,0.05690485133647256,1,Gas Giant (Jupiter-like),Solar-like (-0.15 <= [Fe/H] <= +0.15),937.70001,4836.0,0.6,Radial Velocity
HD 114386 c,HD 114386,-0.1,0.37,117.59651059,-0.431798275933005,1,Gas Giant (Jupiter-like),Solar-like (-0.15 <= [Fe/H] <= +0.15),444.0,4895.0,0.8,Radial Velocity
HD 114729 b,HD 114729,-0.33,0.825,262.20975,-0.08354605145007493,1,Gas Giant (Jupiter-like),Metal-poor ([Fe/H] < -0.15),1121.79,5844.0,0.936,Radial Velocity
HD 114783 b,HD 114783,0.21,1.1,349.6,0.04139268515822508,1,Gas Giant (Jupiter-like),Metal-rich ([Fe/H] > +0.15),493.7,5135.0,0.853,Radial Velocity
HD 11506 b,HD 11506,0.3,4.8,1525.5763536,0.6812412373755872,1,Gas Giant (Jupiter-like),Metal-rich ([Fe/H] > +0.15),1617.7,6123.0,1.22,Radial Velocity
HD 11506 c,HD 11506,0.3,0.4,127.1313628,-0.3979400086720376,1,Gas Giant (Jupiter-like),Metal-rich ([Fe/H] > +0.15),223.92,6123.0,1.22,Radial Velocity
HD 11506 d,HD 11506,0.3,12.8,4068.2036096,1.1072099696478683,1,Gas Giant (Jupiter-like),Metal-rich ([Fe/H] > +0.15),26500.0,6123.0,1.22,Radial Velocity
HD 115954 b,HD 115954,0.34,8.29,2634.79749403,0.9185545305502735,1,Gas Giant (Jupiter-like),Metal-rich ([Fe/H] > +0.15),3700.0,5957.0,1.18,Radial Velocity
HD 116029 b,HD 116029,0.09,1.4,444.962,0.146128035678238,1,Gas Giant (Jupiter-like),Solar-like (-0.15 <= [Fe/H] <= +0.15),670.0,4819.0,0.83,Radial Velocity
HD 117207 b,HD 117207,0.19,1.926,612.14058,0.2846562827885157,1,Gas Giant (Jupiter-like),Metal-rich ([Fe/H] > +0.15),2621.75,5732.0,1.053,Radial Velocity
HD 11755 b,HD 11755,-0.74,5.63,1789.3829,0.7505083948513462,1,Gas Giant (Jupiter-like),Metal-poor ([Fe/H] < -0.15),433.70001,4312.0,0.72,Radial Velocity
HD 118203 b,HD 118203,0.287,2.14,680.15279098,0.33041377334919086,1,Gas Giant (Jupiter-like),Metal-rich ([Fe/H] > +0.15),6.1349779,5742.0,1.27,Radial Velocity
HD 118203 c,HD 118203,0.287,11.79,3747.19691853,1.0715138050950892,1,Gas Giant (Jupiter-like),Metal-rich ([Fe/H] > +0.15),5103.0,5742.0,1.27,Radial Velocity
HD 11964 b,HD 11964,0.1,0.622,198.0,-0.2062096153091813,1,Gas Giant (Jupiter-like),Solar-like (-0.15 <= [Fe/H] <= +0.15),1945.0,5303.0,0.91,Radial Velocity
HD 11964 c,HD 11964,0.1,0.0788,25.0,-1.1034737825104448,0,Neptunian / Sub-Neptune,Solar-like (-0.15 <= [Fe/H] <= +0.15),37.91,5303.0,0.91,Radial Velocity
HD 11977 b,HD 11977,-0.21,6.54,2080.0,0.8155777483242672,1,Gas Giant (Jupiter-like),Metal-poor ([Fe/H] < -0.15),711.0,4970.0,1.91,Radial Velocity
HD 120084 b,HD 120084,0.1,6.4,2034.1018048,0.8061799739838872,1,Gas Giant (Jupiter-like),Solar-like (-0.15 <= [Fe/H] <= +0.15),2142.0,4879.0,2.16,Radial Velocity
HD 121504 b,HD 121504,0.15,1.51,479.9233,0.17897694729316943,1,Gas Giant (Jupiter-like),Solar-like (-0.15 <= [Fe/H] <= +0.15),63.33,6027.0,1.62,Radial Velocity
HD 124330 b,HD 124330,0.22,0.75,238.37130525,-0.12493873660829995,1,Gas Giant (Jupiter-like),Metal-rich ([Fe/H] > +0.15),270.66,5873.0,1.15,Radial Velocity
HD 12484 b,HD 12484,0.05,2.98,947.1334,0.4742162640762552,1,Gas Giant (Jupiter-like),Solar-like (-0.15 <= [Fe/H] <= +0.15),58.83,5920.0,1.01,Radial Velocity
HD 125136 b,HD 125136,0.02,2.26,718.29219982,0.35410843914740087,1,Gas Giant (Jupiter-like),Solar-like (-0.15 <= [Fe/H] <= +0.15),849.77,4959.0,1.55,Radial Velocity
HD 125595 b,HD 125595,0.08,0.02,6.3566,-1.6989700043360187,0,Terrestrial (Earth-like),Solar-like (-0.15 <= [Fe/H] <= +0.15),9.6737,4691.0,0.29,Radial Velocity
HD 126105 b,HD 126105,0.0,1.67,530.77343969,0.22271647114758325,1,Gas Giant (Jupiter-like),Solar-like (-0.15 <= [Fe/H] <= +0.15),524.0,4875.0,1.2,Radial Velocity
HD 12648 b,HD 12648,-0.57,1.96,622.9468,0.292256071356476,1,Gas Giant (Jupiter-like),Metal-poor ([Fe/H] < -0.15),133.60001,4835.0,0.67,Radial Velocity
HD 126525 b,HD 126525,-0.1,0.237,75.32571,-0.6252516539898961,1,Gas Giant (Jupiter-like),Solar-like (-0.15 <= [Fe/H] <= +0.15),960.41,5638.0,0.897,Radial Velocity
HD 12661 b,HD 12661,0.36,2.43,772.3269,0.38560627359831223,1,Gas Giant (Jupiter-like),Metal-rich ([Fe/H] > +0.15),262.70862,5645.0,1.2,Radial Velocity
HD 12661 c,HD 12661,0.36,1.812,575.884,0.25815819334079426,1,Gas Giant (Jupiter-like),Metal-rich ([Fe/H] > +0.15),1708.0,5748.0,1.02,Radial Velocity
HD 127195 b,HD 127195,-0.04,0.67,212.94503269,-0.17392519729917355,1,Gas Giant (Jupiter-like),Solar-like (-0.15 <= [Fe/H] <= +0.15),534.5,4981.0,1.34,Radial Velocity
HD 127195 c,HD 127195,-0.04,0.65,206.58846455,-0.18708664335714442,1,Gas Giant (Jupiter-like),Solar-like (-0.15 <= [Fe/H] <= +0.15),836.99,4981.0,1.34,Radial Velocity
HD 128356 b,HD 128356,0.17,0.89,282.8687,-0.05060999335508721,1,Gas Giant (Jupiter-like),Metal-rich ([Fe/H] > +0.15),298.2,4875.0,0.65,Radial Velocity
HD 128717 b,HD 128717,0.16,19.8,6293.0024586,1.2966651902615312,1,Gas Giant (Jupiter-like),Metal-rich ([Fe/H] > +0.15),3420.0,6210.0,1.212,Astrometry
HD 129445 b,HD 129445,0.25,1.6,508.507,0.2041199826559248,1,Gas Giant (Jupiter-like),Metal-rich ([Fe/H] > +0.15),1840.0,,0.99,Radial Velocity
HD 13189 b,HD 13189,-0.37,10.95,3480.2385,1.039414119176137,1,Gas Giant (Jupiter-like),Metal-poor ([Fe/H] < -0.15),471.60001,4175.0,2.24,Radial Velocity
HD 133131 A b,HD 133131 A,-0.306,1.42,451.3186,0.15228834438305647,1,Gas Giant (Jupiter-like),Metal-poor ([Fe/H] < -0.15),649.0,5799.0,0.95,Radial Velocity
HD 133131 A c,HD 133131 A,-0.306,0.42,133.4886,-0.37675070960209955,1,Gas Giant (Jupiter-like),Metal-poor ([Fe/H] < -0.15),3568.0,5799.0,0.95,Radial Velocity
HD 133131 B b,HD 133131 B,-0.281,2.5,794.575,0.3979400086720376,1,Gas Giant (Jupiter-like),Metal-poor ([Fe/H] < -0.15),5769.0,5805.0,0.93,Radial Velocity
HD 134060 b,HD 134060,0.14,0.0318,10.1,-1.4975728800155672,0,Neptunian / Sub-Neptune,Solar-like (-0.15 <= [Fe/H] <= +0.15),3.2696,5966.0,1.095,Radial Velocity
HD 134060 c,HD 134060,0.14,0.0922,29.29,-1.0352690789463705,0,Neptunian / Sub-Neptune,Solar-like (-0.15 <= [Fe/H] <= +0.15),1291.5646,5966.0,1.095,Radial Velocity
HD 134606 b,HD 134606,0.343,0.02860034,9.09,-1.5436288039602524,0,Terrestrial (Earth-like),Metal-rich ([Fe/H] > +0.15),12.089,5576.0,1.046,Radial Velocity
HD 134606 c,HD 134606,0.343,0.03558524,11.31,-1.44873010078481,0,Neptunian / Sub-Neptune,Metal-rich ([Fe/H] > +0.15),58.883,5576.0,1.046,Radial Velocity
HD 134606 d,HD 134606,0.343,0.14095656,44.8,-0.8509147076213545,1,Gas Giant (Jupiter-like),Metal-rich ([Fe/H] > +0.15),966.5,5576.0,1.046,Radial Velocity
HD 134606 e,HD 134606,0.343,0.00736246,2.34,-2.13297705170589,0,Terrestrial (Earth-like),Metal-rich ([Fe/H] > +0.15),4.3203,5576.0,1.046,Radial Velocity
HD 134606 f,HD 134606,0.343,0.01771396,5.63,-1.7516843403401041,0,Terrestrial (Earth-like),Metal-rich ([Fe/H] > +0.15),26.915,5576.0,1.046,Radial Velocity
HD 134987 b,HD 134987,0.28,1.61,511.7063,0.20682587603184974,1,Gas Giant (Jupiter-like),Metal-rich ([Fe/H] > +0.15),258.17999,5736.0,1.1,Radial Velocity
HD 134987 c,HD 134987,0.28,0.82,260.0,-0.08618614761628333,1,Gas Giant (Jupiter-like),Metal-rich ([Fe/H] > +0.15),5000.0,5585.0,1.1,Radial Velocity
HD 135344 A b,HD 135344 A,0.05,10.0,3178.28407,1.0,1,Gas Giant (Jupiter-like),Solar-like (-0.15 <= [Fe/H] <= +0.15),,9540.0,,Imaging
HD 136352 b,HD 136352,-0.24,0.01485078,4.72,-1.8282507355185036,0,Terrestrial (Earth-like),Metal-poor ([Fe/H] < -0.15),11.57797,5664.0,0.87,Radial Velocity
HD 136352 c,HD 136352,-0.24,0.03536499,11.24,-1.4514264603850244,0,Neptunian / Sub-Neptune,Metal-poor ([Fe/H] < -0.15),27.59221,5664.0,0.87,Radial Velocity
HD 136352 d,HD 136352,-0.24,0.02775082,8.82,-1.556724179524597,0,Terrestrial (Earth-like),Metal-poor ([Fe/H] < -0.15),107.245,5664.0,0.87,Radial Velocity
HD 136418 b,HD 136418,-0.11,2.14,680.1562,0.33041377334919086,1,Gas Giant (Jupiter-like),Solar-like (-0.15 <= [Fe/H] <= +0.15),464.29999,4989.0,1.48,Radial Velocity
HD 136925 b,HD 136925,-0.2172,0.84,266.97586188,-0.07572071393811836,1,Gas Giant (Jupiter-like),Metal-poor ([Fe/H] < -0.15),4540.0,5773.19,0.875104,Radial Velocity
HD 137388 b,HD 137388,0.19,0.2,63.566,-0.6989700043360187,1,Gas Giant (Jupiter-like),Metal-rich ([Fe/H] > +0.15),330.0,5181.0,0.68,Radial Velocity
HD 137496 b,HD 137496,-0.03,0.01271126,4.04,-1.8958113979963276,0,Terrestrial (Earth-like),Solar-like (-0.15 <= [Fe/H] <= +0.15),1.62116,5799.0,1.04,Transit
HD 137496 c,HD 137496,-0.03,7.66,2434.56559762,0.884228769632604,1,Gas Giant (Jupiter-like),Solar-like (-0.15 <= [Fe/H] <= +0.15),479.9,5799.0,1.04,Radial Velocity
HD 13808 b,HD 13808,-0.21,0.03523896,11.2,-1.4529769173123757,0,Neptunian / Sub-Neptune,Metal-poor ([Fe/H] < -0.15),14.1815,5035.0,0.771,Radial Velocity
HD 13808 c,HD 13808,-0.21,0.03133751,9.96,-1.5039355144475564,0,Terrestrial (Earth-like),Metal-poor ([Fe/H] < -0.15),53.753,5035.0,0.771,Radial Velocity
HD 13908 b,HD 13908,0.01,0.865,274.91,-0.06298389253518578,1,Gas Giant (Jupiter-like),Solar-like (-0.15 <= [Fe/H] <= +0.15),19.382,6255.0,1.29,Radial Velocity
HD 13908 c,HD 13908,0.01,5.13,1630.4,0.7101173651118162,1,Gas Giant (Jupiter-like),Solar-like (-0.15 <= [Fe/H] <= +0.15),931.0,6255.0,1.29,Radial Velocity
HD 13931 b,HD 13931,0.05,2.2,699.226,0.3424226808222063,1,Gas Giant (Jupiter-like),Solar-like (-0.15 <= [Fe/H] <= +0.15),4218.0,5867.0,1.3,Radial Velocity
HD 1397 b,HD 1397,0.29,0.415,131.89945,-0.3819519032879073,1,Gas Giant (Jupiter-like),Metal-rich ([Fe/H] > +0.15),11.53533,5521.0,1.324,Transit
HD 14067 b,HD 14067,-0.1,15.3,4862.7746271,1.1846914308175989,1,Gas Giant (Jupiter-like),Solar-like (-0.15 <= [Fe/H] <= +0.15),2744.0,4815.0,2.4,Radial Velocity
HD 141004 b,HD 141004,0.0247,0.0429,13.63483866,-1.3675427078152758,0,Neptunian / Sub-Neptune,Solar-like (-0.15 <= [Fe/H] <= +0.15),15.5083,5885.38,1.051904,Radial Velocity
HD 141399 b,HD 141399,0.35,0.451,143.34133,-0.34582345812203946,1,Gas Giant (Jupiter-like),Metal-rich ([Fe/H] > +0.15),94.44,5600.0,1.07,Radial Velocity
HD 141399 c,HD 141399,0.35,1.33,422.7139,0.12385164096708581,1,Gas Giant (Jupiter-like),Metal-rich ([Fe/H] > +0.15),201.99,5600.0,1.07,Radial Velocity
HD 141399 d,HD 141399,0.35,1.18,375.0394,0.07188200730612536,1,Gas Giant (Jupiter-like),Metal-rich ([Fe/H] > +0.15),1069.8,5600.0,1.07,Radial Velocity
HD 141399 e,HD 141399,0.35,0.66,209.7678,-0.1804560644581313,1,Gas Giant (Jupiter-like),Metal-rich ([Fe/H] > +0.15),5000.0,5600.0,1.07,Radial Velocity
HD 142022 A b,HD 142022 A,0.19,4.44,1411.1652,0.6473829701146199,1,Gas Giant (Jupiter-like),Metal-rich ([Fe/H] > +0.15),1928.0,5421.0,0.9,Radial Velocity
HD 142245 b,HD 142245,0.17,3.07,975.7381,0.48713837547718647,1,Gas Giant (Jupiter-like),Metal-rich ([Fe/H] > +0.15),1299.0,4922.0,3.5,Radial Velocity
HD 142415 b,HD 142415,0.13,1.67,530.7761,0.22271647114758325,1,Gas Giant (Jupiter-like),Solar-like (-0.15 <= [Fe/H] <= +0.15),386.29999,5940.0,1.07,Radial Velocity
HD 143105 b,HD 143105,0.15,1.21,384.5743,0.08278537031645007,1,Gas Giant (Jupiter-like),Solar-like (-0.15 <= [Fe/H] <= +0.15),2.1974,6380.0,1.51,Radial Velocity
HD 143361 b,HD 143361,0.14,3.532,1122.57556,0.548020694905531,1,Gas Giant (Jupiter-like),Solar-like (-0.15 <= [Fe/H] <= +0.15),1039.15,5507.0,0.968,Radial Velocity
HD 145377 b,HD 145377,0.11,6.02,1913.3366,0.7795964912578245,1,Gas Giant (Jupiter-like),Solar-like (-0.15 <= [Fe/H] <= +0.15),103.95,6014.0,1.2,Radial Velocity
HD 145457 b,HD 145457,-0.14,2.794,888.01256916,0.4462264017781631,1,Gas Giant (Jupiter-like),Solar-like (-0.15 <= [Fe/H] <= +0.15),176.13,4757.0,1.9,Radial Velocity
HD 145675 c,14 Her,0.43,7.9,2510.8444153,0.8976270912904415,1,Gas Giant (Jupiter-like),Metal-rich ([Fe/H] > +0.15),,,0.97,Radial Velocity
HD 1461 b,HD 1461,0.19,0.0202624,6.44,-1.6933091154897757,0,Terrestrial (Earth-like),Metal-rich ([Fe/H] > +0.15),5.77152,5765.0,1.02,Radial Velocity
HD 1461 c,HD 1461,0.19,0.01758802,5.59,-1.7547830491994374,0,Terrestrial (Earth-like),Metal-rich ([Fe/H] > +0.15),13.5052,5765.0,1.02,Radial Velocity
HD 147018 b,HD 147018,0.1,2.12,674.0,0.32633586092875144,1,Gas Giant (Jupiter-like),Solar-like (-0.15 <= [Fe/H] <= +0.15),44.236,5441.0,0.927,Radial Velocity
HD 147018 c,HD 147018,0.1,6.56,2080.0,0.8169038393756602,1,Gas Giant (Jupiter-like),Solar-like (-0.15 <= [Fe/H] <= +0.15),1008.0,5441.0,0.927,Radial Velocity
HD 147379 b,HD 147379,0.16,0.0679612,21.6,-1.167738961339525,0,Neptunian / Sub-Neptune,Metal-rich ([Fe/H] > +0.15),86.58,4090.0,0.58,Radial Velocity
HD 147513 b,HD 147513,0.06,1.21,385.0,0.08278537031645007,1,Gas Giant (Jupiter-like),Solar-like (-0.15 <= [Fe/H] <= +0.15),528.4,5883.0,1.11,Radial Velocity
HD 147873 b,HD 147873,0.03,5.14,1633.6462,0.7109631189952758,1,Gas Giant (Jupiter-like),Solar-like (-0.15 <= [Fe/H] <= +0.15),116.596,5972.0,1.38,Radial Velocity
HD 147873 c,HD 147873,0.03,2.3,731.009,0.36172783601759284,1,Gas Giant (Jupiter-like),Solar-like (-0.15 <= [Fe/H] <= +0.15),491.54,5972.0,1.38,Radial Velocity
HD 148156 b,HD 148156,0.29,0.85,270.144,-0.07058107428570728,1,Gas Giant (Jupiter-like),Metal-rich ([Fe/H] > +0.15),1027.0,6308.0,1.22,Radial Velocity
HD 148164 b,HD 148164,0.24,1.23,390.9309,0.08990511143939793,1,Gas Giant (Jupiter-like),Metal-rich ([Fe/H] > +0.15),328.55,6032.0,1.21,Radial Velocity
HD 148164 c,HD 148164,0.24,5.16,1640.0028,0.7126497016272114,1,Gas Giant (Jupiter-like),Metal-rich ([Fe/H] > +0.15),5062.0,6032.0,1.21,Radial Velocity
HD 149026 b,HD 149026,0.32,0.38,120.7754,-0.42021640338318983,1,Gas Giant (Jupiter-like),Metal-rich ([Fe/H] > +0.15),2.87589,6179.0,1.42,Radial Velocity
HD 149143 b,HD 149143,0.29,1.33,422.7139,0.12385164096708581,1,Gas Giant (Jupiter-like),Metal-rich ([Fe/H] > +0.15),4.07182,5856.0,1.2,Radial Velocity
HD 150010 b,HD 150010,-0.25,2.4,762.7881768,0.38021124171160603,1,Gas Giant (Jupiter-like),Metal-poor ([Fe/H] < -0.15),562.0,4153.0,1.3,Radial Velocity
HD 150706 b,HD 150706,-0.01,2.71,861.28,0.4329692908744057,1,Gas Giant (Jupiter-like),Solar-like (-0.15 <= [Fe/H] <= +0.15),5894.0,5961.0,1.17,Radial Velocity
HD 152079 b,HD 152079,0.29,2.661,845.74563,0.42504487455138884,1,Gas Giant (Jupiter-like),Metal-rich ([Fe/H] > +0.15),2918.92,5907.0,1.147,Radial Velocity
HD 152843 b,HD 152843,-0.16,0.03089718,9.82,-1.5100811570258843,0,Terrestrial (Earth-like),Metal-poor ([Fe/H] < -0.15),11.62071,6310.0,1.15,Transit
HD 152843 c,HD 152843,-0.16,0.03042522,9.67,-1.5167662727711733,0,Terrestrial (Earth-like),Metal-poor ([Fe/H] < -0.15),19.502104,6310.0,1.15,Transit
HD 15337 b,HD 15337,0.03,0.02051107,6.519,-1.6880116832213674,0,Terrestrial (Earth-like),Solar-like (-0.15 <= [Fe/H] <= +0.15),4.7559804,5131.0,0.829,Transit
HD 15337 c,HD 15337,0.03,0.02137002,6.792,-1.6701950713836342,0,Terrestrial (Earth-like),Solar-like (-0.15 <= [Fe/H] <= +0.15),17.180546,5131.0,0.829,Transit
HD 153950 b,HD 153950,-0.01,2.95,937.5985,0.46982201597816303,1,Gas Giant (Jupiter-like),Solar-like (-0.15 <= [Fe/H] <= +0.15),499.39999,6124.0,1.25,Radial Velocity
HD 154088 b,HD 154088,0.28,0.02076592,6.6,-1.6826488234237156,0,Terrestrial (Earth-like),Metal-rich ([Fe/H] > +0.15),18.56,5374.0,0.91,Radial Velocity
HD 154391 b,HD 154391,0.1,9.1,2892.2385037,0.9590413923210935,1,Gas Giant (Jupiter-like),Solar-like (-0.15 <= [Fe/H] <= +0.15),5163.0,4909.0,2.07,Radial Velocity
HD 154672 b,HD 154672,0.25,5.37,1706.7471,0.7299742856995556,1,Gas Giant (Jupiter-like),Metal-rich ([Fe/H] > +0.15),163.94,5743.0,1.18,Radial Velocity
HD 154857 b,HD 154857,-0.22,2.45,778.6835,0.3891660843645325,1,Gas Giant (Jupiter-like),Metal-poor ([Fe/H] < -0.15),408.60001,5589.0,1.96,Radial Velocity
HD 154857 c,HD 154857,-0.2,2.58,819.97,0.41161970596323016,1,Gas Giant (Jupiter-like),Metal-poor ([Fe/H] < -0.15),3452.0,5605.0,1.718,Radial Velocity
HD 155193 b,HD 155193,0.05,0.75,238.37130525,-0.12493873660829995,1,Gas Giant (Jupiter-like),Solar-like (-0.15 <= [Fe/H] <= +0.15),352.65,6239.0,1.221,Radial Velocity
HD 155358 b,HD 155358,-0.6,0.99,314.6517,-0.004364805402450088,1,Gas Giant (Jupiter-like),Metal-poor ([Fe/H] < -0.15),194.3,5905.0,1.15,Radial Velocity
HD 155358 c,HD 155358,-0.51,0.82,261.0,-0.08618614761628333,1,Gas Giant (Jupiter-like),Metal-poor ([Fe/H] < -0.15),391.9,5900.0,0.92,Radial Velocity
HD 156411 b,HD 156411,-0.12,0.74,235.18,-0.13076828026902382,1,Gas Giant (Jupiter-like),Solar-like (-0.15 <= [Fe/H] <= +0.15),842.2,5900.0,1.25,Radial Velocity
HD 156668 b,HD 156668,0.05,0.013,4.15,-1.8860566476931633,0,Terrestrial (Earth-like),Solar-like (-0.15 <= [Fe/H] <= +0.15),4.6455,4850.0,0.772,Radial Velocity
HD 156668 c,HD 156668,0.0493,0.0991,31.49679513,-1.0039263455147247,0,Neptunian / Sub-Neptune,Solar-like (-0.15 <= [Fe/H] <= +0.15),811.3,4903.69,0.785167,Radial Velocity
HD 156846 b,HD 156846,0.15,10.67,3391.2461,1.02816441942447,1,Gas Giant (Jupiter-like),Solar-like (-0.15 <= [Fe/H] <= +0.15),359.51001,6090.0,1.38,Radial Velocity
HD 158038 b,HD 158038,0.19,1.53,486.2799,0.1846914308175988,1,Gas Giant (Jupiter-like),Metal-rich ([Fe/H] > +0.15),521.0,4860.0,1.3,Radial Velocity
HD 158996 b,HD 158996,-0.2,14.0,4449.62,1.146128035678238,1,Gas Giant (Jupiter-like),Metal-poor ([Fe/H] < -0.15),820.2,4069.0,1.8,Radial Velocity
HD 159243 b,HD 159243,0.05,1.13,359.13,0.05307844348341968,1,Gas Giant (Jupiter-like),Solar-like (-0.15 <= [Fe/H] <= +0.15),12.62,6123.0,1.125,Radial Velocity
HD 159243 c,HD 159243,0.05,1.9,603.9,0.2787536009528289,1,Gas Giant (Jupiter-like),Solar-like (-0.15 <= [Fe/H] <= +0.15),248.4,6123.0,1.125,Radial Velocity
HD 1605 b,HD 1605,0.22,0.934,296.85322,-0.029653123769906618,1,Gas Giant (Jupiter-like),Metal-rich ([Fe/H] > +0.15),577.2,4915.0,1.33,Radial Velocity
HD 1605 c,HD 1605,0.22,3.62,1150.5446,0.5587085705331657,1,Gas Giant (Jupiter-like),Metal-rich ([Fe/H] > +0.15),2149.0,4915.0,1.33,Radial Velocity
HD 160691 b,HD 160691,0.28,4.3,1366.6621501,0.6334684555795865,1,Gas Giant (Jupiter-like),Metal-rich ([Fe/H] > +0.15),645.0,5773.0,1.13,Radial Velocity
HD 160691 c,HD 160691,0.28,4.4,1398.4449908,0.6434526764861874,1,Gas Giant (Jupiter-like),Metal-rich ([Fe/H] > +0.15),3947.0,5773.0,1.13,Radial Velocity
HD 160691 e,HD 160691,0.28,7.0,2224.798849,0.8450980400142568,1,Gas Giant (Jupiter-like),Metal-rich ([Fe/H] > +0.15),307.9,5773.0,1.13,Radial Velocity
HD 161178 b,HD 161178,-0.21,0.57,181.16219199,-0.24412514432750865,1,Gas Giant (Jupiter-like),Metal-poor ([Fe/H] < -0.15),279.3,4786.0,1.06,Radial Velocity
HD 16141 b,HD 16141,0.13,0.26,82.6358,-0.585026652029182,1,Gas Giant (Jupiter-like),Solar-like (-0.15 <= [Fe/H] <= +0.15),75.523,5757.0,1.11,Radial Velocity
HD 16175 b,HD 16175,0.3,5.1,1620.933,0.7075701760979364,1,Gas Giant (Jupiter-like),Metal-rich ([Fe/H] > +0.15),990.0,5981.0,1.63,Radial Velocity
HD 162020 b,HD 162020,-0.1,9.84,3127.4472,0.9929950984313415,1,Gas Giant (Jupiter-like),Solar-like (-0.15 <= [Fe/H] <= +0.15),8.4282,4723.0,0.42,Radial Velocity
HD 16417 b,HD 16417,0.06,0.0696,22.1,-1.157390760389438,0,Neptunian / Sub-Neptune,Solar-like (-0.15 <= [Fe/H] <= +0.15),17.24,,1.2,Radial Velocity
HD 164509 b,HD 164509,0.2,0.443,140.79869,-0.3535962737769304,1,Gas Giant (Jupiter-like),Metal-rich ([Fe/H] > +0.15),280.17,5859.0,1.12,Radial Velocity
HD 164595 b,HD 164595,-0.04,0.05078186,16.14,-1.2942913961574003,0,Neptunian / Sub-Neptune,Solar-like (-0.15 <= [Fe/H] <= +0.15),40.0,5790.0,0.99,Radial Velocity
HD 164604 b,HD 164604,0.12,13.2,4195.3349724,1.1205739312058498,1,Gas Giant (Jupiter-like),Solar-like (-0.15 <= [Fe/H] <= +0.15),653.9,4663.0,0.77,Radial Velocity
HD 164604 c,HD 164604,0.12,9.5,3019.3698665,0.9777236052888477,1,Gas Giant (Jupiter-like),Solar-like (-0.15 <= [Fe/H] <= +0.15),5387.0,4663.0,0.77,Radial Velocity
HD 164922 b,HD 164922,0.18,0.36497499,116.0,-0.437736894658962,1,Gas Giant (Jupiter-like),Metal-rich ([Fe/H] > +0.15),1207.0,5390.0,0.926,Radial Velocity
HD 164922 c,HD 164922,0.18,0.04090237,13.0,-1.388251527002392,0,Neptunian / Sub-Neptune,Metal-rich ([Fe/H] > +0.15),75.74,5390.0,0.926,Radial Velocity
HD 164922 d,HD 164922,0.18,0.01258534,4.0,-1.9001350472487715,0,Terrestrial (Earth-like),Metal-rich ([Fe/H] > +0.15),12.458,5390.0,0.926,Radial Velocity
HD 164922 e,HD 164922,0.1967,0.0331,10.52012027,-1.4801720062242814,0,Neptunian / Sub-Neptune,Metal-rich ([Fe/H] > +0.15),41.763,5393.43,0.921146,Radial Velocity
HD 165131 b,HD 165131,0.06,18.7,5943.3912109,1.271841606536499,1,Gas Giant (Jupiter-like),Solar-like (-0.15 <= [Fe/H] <= +0.15),2342.6,5870.0,1.06,Radial Velocity
HD 165155 b,HD 165155,0.09,2.89,918.5287,0.4608978427565479,1,Gas Giant (Jupiter-like),Solar-like (-0.15 <= [Fe/H] <= +0.15),434.5,5426.0,1.02,Radial Velocity
HD 1666 b,HD 1666,0.37,6.43,2040.0,0.8082109729242221,1,Gas Giant (Jupiter-like),Metal-rich ([Fe/H] > +0.15),270.0,6317.0,1.5,Radial Velocity
HD 166724 b,HD 166724,-0.09,3.53,1121.89,0.5477747053878226,1,Gas Giant (Jupiter-like),Solar-like (-0.15 <= [Fe/H] <= +0.15),5144.0,5127.0,0.81,Radial Velocity
HD 167042 b,HD 167042,-0.01,1.397,444.00628458,0.14519640611418191,1,Gas Giant (Jupiter-like),Solar-like (-0.15 <= [Fe/H] <= +0.15),417.67,4919.0,1.39,Radial Velocity
HD 167677 b,HD 167677,-0.29,2.85,905.81095995,0.4548448600085102,1,Gas Giant (Jupiter-like),Metal-poor ([Fe/H] < -0.15),1820.0,5474.0,0.96,Radial Velocity
HD 167768 b,HD 167768,-0.67,0.85,270.15414595,-0.07058107428570728,1,Gas Giant (Jupiter-like),Metal-poor ([Fe/H] < -0.15),20.6532,4851.0,1.08,Radial Velocity
HD 168009 b,HD 168009,0.0183,0.03,9.53485221,-1.5228787452803376,0,Terrestrial (Earth-like),Solar-like (-0.15 <= [Fe/H] <= +0.15),15.1479,5778.33,0.986073,Radial Velocity
HD 168746 b,HD 168746,-0.08,0.27,85.8141,-0.5686362358410126,1,Gas Giant (Jupiter-like),Solar-like (-0.15 <= [Fe/H] <= +0.15),6.404,5570.0,1.07,Radial Velocity
HD 1690 b,HD 1690,-0.27,8.79,2793.7257,0.9439888750737718,1,Gas Giant (Jupiter-like),Metal-poor ([Fe/H] < -0.15),533.0,4374.0,1.86,Radial Velocity
HD 170469 b,HD 170469,0.29,0.66,209.7678,-0.1804560644581313,1,Gas Giant (Jupiter-like),Metal-rich ([Fe/H] > +0.15),1145.0,5842.0,1.1,Radial Velocity
HD 17092 b,HD 17092,0.18,10.13,3219.6179,1.0056094453602804,1,Gas Giant (Jupiter-like),Metal-rich ([Fe/H] > +0.15),359.89999,4326.0,6.73,Radial Velocity
HD 171028 b,HD 171028,-0.48,2.62,832.7146,0.41830129131974547,1,Gas Giant (Jupiter-like),Metal-poor ([Fe/H] < -0.15),550.0,5671.0,1.53,Radial Velocity
HD 171238 b,HD 171238,0.2,8.8,2796.8899816,0.9444826721501687,1,Gas Giant (Jupiter-like),Metal-rich ([Fe/H] > +0.15),1515.0,,0.92,Radial Velocity
HD 17156 b,HD 17156,0.208,3.26,1036.12060682,0.5132176000679389,1,Gas Giant (Jupiter-like),Metal-rich ([Fe/H] > +0.15),21.2164294,6046.0,1.285,Radial Velocity
HD 173416 b,HD 173416,-0.22,1.841,585.12209729,0.2650537885040147,1,Gas Giant (Jupiter-like),Metal-poor ([Fe/H] < -0.15),322.03,4683.0,2.0,Radial Velocity
HD 174205 b,HD 174205,-0.28,4.2,1334.8793094,0.6232492903979004,1,Gas Giant (Jupiter-like),Metal-poor ([Fe/H] < -0.15),582.0,4308.0,1.8,Radial Velocity
HD 175607 b,HD 175607,-0.62,0.0282541,8.98,-1.548918522068398,0,Terrestrial (Earth-like),Metal-poor ([Fe/H] < -0.15),29.01,5392.0,0.71,Radial Velocity
HD 17674 b,HD 17674,-0.16,0.87,276.5121,-0.060480747381381476,1,Gas Giant (Jupiter-like),Metal-poor ([Fe/H] < -0.15),623.8,5904.0,0.98,Radial Velocity
HD 176986 b,HD 176986,0.03,0.01686445,5.36,-1.7730278178818362,0,Terrestrial (Earth-like),Solar-like (-0.15 <= [Fe/H] <= +0.15),6.49164,4931.0,0.789,Radial Velocity
HD 176986 c,HD 176986,0.03,0.03067693,9.75,-1.5131881046569404,0,Terrestrial (Earth-like),Solar-like (-0.15 <= [Fe/H] <= +0.15),16.8124,4931.0,0.789,Radial Velocity
HD 176986 d,HD 176986,0.03,0.02126934,6.76,-1.672245986298739,0,Terrestrial (Earth-like),Solar-like (-0.15 <= [Fe/H] <= +0.15),61.376,4931.0,0.789,Radial Velocity
HD 177830 b,HD 177830,0.42,1.69,537.1327,0.22788670461367352,1,Gas Giant (Jupiter-like),Metal-rich ([Fe/H] > +0.15),410.10001,4901.0,1.7,Radial Velocity
HD 177830 c,HD 177830,0.545,0.15,47.6725,-0.8239087409443188,1,Gas Giant (Jupiter-like),Metal-rich ([Fe/H] > +0.15),110.9,4949.0,1.47,Radial Velocity
HD 178911 B b,HD 178911 B,0.24,8.03,2552.1749,0.9047155452786809,1,Gas Giant (Jupiter-like),Metal-rich ([Fe/H] > +0.15),71.484,5588.0,1.24,Radial Velocity
HD 179079 b,HD 179079,0.24,0.081,25.74423,-1.0915149811213503,0,Neptunian / Sub-Neptune,Metal-rich ([Fe/H] > +0.15),14.479,5646.0,1.14,Radial Velocity
HD 179949 b,HD 179949,0.137,0.916,291.12,-0.0381045263321496,1,Gas Giant (Jupiter-like),Solar-like (-0.15 <= [Fe/H] <= +0.15),3.092514,6168.0,1.21,Radial Velocity
HD 180314 b,HD 180314,0.2,22.707,7216.92963775,1.3561597599568995,1,Gas Giant (Jupiter-like),Metal-rich ([Fe/H] > +0.15),394.73,4917.0,2.6,Radial Velocity
HD 180617 b,HD 180617,-0.04,0.03842935,12.214,-1.4153369611979094,0,Neptunian / Sub-Neptune,Solar-like (-0.15 <= [Fe/H] <= +0.15),105.911,3534.0,0.484,Radial Velocity
HD 181720 b,HD 181720,-0.62,0.4,127.132,-0.3979400086720376,1,Gas Giant (Jupiter-like),Metal-poor ([Fe/H] < -0.15),956.0,5736.0,1.03,Radial Velocity
HD 183579 b,HD 183579,-0.038,0.06418558,20.4,-1.1925625300284872,0,Neptunian / Sub-Neptune,Solar-like (-0.15 <= [Fe/H] <= +0.15),17.471291,5784.0,0.996,Transit
HD 184010 b,HD 184010,-0.17,0.31,98.52680617,-0.5086383061657274,1,Gas Giant (Jupiter-like),Metal-poor ([Fe/H] < -0.15),286.6,4971.0,1.35,Radial Velocity
HD 184010 c,HD 184010,-0.17,0.3,95.3485221,-0.5228787452803376,1,Gas Giant (Jupiter-like),Metal-poor ([Fe/H] < -0.15),484.3,4971.0,1.35,Radial Velocity
HD 184010 d,HD 184010,-0.17,0.45,143.02278315,-0.3467874862246563,1,Gas Giant (Jupiter-like),Metal-poor ([Fe/H] < -0.15),836.4,4971.0,1.35,Radial Velocity
HD 18438 b,HD 18438,-0.4,21.0,6674.396547,1.3222192947339193,1,Gas Giant (Jupiter-like),Metal-poor ([Fe/H] < -0.15),803.0,3860.0,1.84,Radial Velocity
HD 18599 b,HD 18599,0.0,0.07582708,24.1,-1.1201756677943162,0,Neptunian / Sub-Neptune,Solar-like (-0.15 <= [Fe/H] <= +0.15),4.1374354,5145.0,0.863,Transit
HD 187085 b,HD 187085,0.12,0.836,265.70588,-0.07779372256098363,1,Gas Giant (Jupiter-like),Solar-like (-0.15 <= [Fe/H] <= +0.15),1019.74,6117.0,1.189,Radial Velocity
HD 187123 b,HD 187123,0.09,0.523,166.218,-0.2814983111327257,1,Gas Giant (Jupiter-like),Solar-like (-0.15 <= [Fe/H] <= +0.15),3.0965828,5790.0,1.04,Radial Velocity
HD 187123 c,HD 187123,0.09,1.99,632.46,0.29885307640970665,1,Gas Giant (Jupiter-like),Solar-like (-0.15 <= [Fe/H] <= +0.15),3810.0,5790.0,1.04,Radial Velocity
HD 188015 b,HD 188015,0.289,1.5,476.72,0.17609125905568124,1,Gas Giant (Jupiter-like),Metal-rich ([Fe/H] > +0.15),461.2,5746.0,1.09,Radial Velocity
HD 189567 b,HD 189567,-0.24,0.02674399,8.5,-1.5727737988050194,0,Terrestrial (Earth-like),Metal-poor ([Fe/H] < -0.15),14.288,5726.0,0.83,Radial Velocity
HD 189567 c,HD 189567,-0.24,0.02202446,7.0,-1.6570947309020754,0,Terrestrial (Earth-like),Metal-poor ([Fe/H] < -0.15),33.688,5726.0,0.83,Radial Velocity
HD 189733 b,HD 189733,-0.02,1.13,359.1479,0.05307844348341968,1,Gas Giant (Jupiter-like),Solar-like (-0.15 <= [Fe/H] <= +0.15),2.21857567,5052.0,0.79,Radial Velocity
HD 190007 b,HD 190007,0.16,0.04876845,15.5,-1.311861047302513,0,Neptunian / Sub-Neptune,Metal-rich ([Fe/H] > +0.15),11.724128,4610.0,0.77,Radial Velocity
HD 190360 b,HD 190360,0.26,1.68959095,537.0,0.22778157463710638,1,Gas Giant (Jupiter-like),Metal-rich ([Fe/H] > +0.15),2887.5,5560.0,0.996,Radial Velocity
HD 190360 c,HD 190360,0.26,0.08243442,26.2,-1.0838914133657276,0,Neptunian / Sub-Neptune,Metal-rich ([Fe/H] > +0.15),17.11625,5560.0,0.996,Radial Velocity
HD 190360 d,HD 190360,0.26,0.03744159,11.9,-1.4266457167297661,0,Neptunian / Sub-Neptune,Metal-rich ([Fe/H] > +0.15),88.69,5560.0,0.996,Radial Velocity
HD 190647 b,HD 190647,0.23,1.985,630.89255,0.2977605110991339,1,Gas Giant (Jupiter-like),Metal-rich ([Fe/H] > +0.15),1176.45,5656.0,1.069,Radial Velocity
HD 190984 b,HD 190984,-0.48,3.1,985.2,0.4913616938342727,1,Gas Giant (Jupiter-like),Metal-poor ([Fe/H] < -0.15),4885.0,5988.0,0.91,Radial Velocity
HD 191939 b,HD 191939,-0.15,0.03146352,10.0,-1.502192692041401,0,Neptunian / Sub-Neptune,Solar-like (-0.15 <= [Fe/H] <= +0.15),8.8803256,5348.0,0.81,Transit
HD 191939 c,HD 191939,-0.15,0.02517081,8.0,-1.5991028085728076,0,Terrestrial (Earth-like),Solar-like (-0.15 <= [Fe/H] <= +0.15),28.579743,5348.0,0.81,Transit
HD 191939 d,HD 191939,-0.15,0.00880979,2.8,-2.0550344437931947,0,Terrestrial (Earth-like),Solar-like (-0.15 <= [Fe/H] <= +0.15),38.353037,5348.0,0.81,Transit
HD 191939 e,HD 191939,-0.15,0.35302068,112.2,-0.4521998528364824,1,Gas Giant (Jupiter-like),Solar-like (-0.15 <= [Fe/H] <= +0.15),101.12,5348.0,0.81,Radial Velocity
HD 191939 f,HD 191939,-0.15,2.88,915.34581216,0.45939248775923086,1,Gas Giant (Jupiter-like),Solar-like (-0.15 <= [Fe/H] <= +0.15),2898.0,5348.0,0.81,Radial Velocity
HD 191939 g,HD 191939,-0.15,0.04247575,13.5,-1.3718589439954498,0,Neptunian / Sub-Neptune,Solar-like (-0.15 <= [Fe/H] <= +0.15),284.0,5348.0,0.81,Radial Velocity
HD 192263 b,HD 192263,0.03,0.56,177.9848,-0.25181197299379954,1,Gas Giant (Jupiter-like),Solar-like (-0.15 <= [Fe/H] <= +0.15),24.3556,4976.0,0.66,Radial Velocity
HD 192310 b,HD 192310,-0.04,0.0532,16.9,-1.274088367704952,0,Neptunian / Sub-Neptune,Solar-like (-0.15 <= [Fe/H] <= +0.15),74.72,5166.0,0.8,Radial Velocity
HD 192310 c,HD 192310,-0.04,0.076,24.0,-1.1191864077192086,0,Neptunian / Sub-Neptune,Solar-like (-0.15 <= [Fe/H] <= +0.15),525.8,5166.0,0.8,Radial Velocity
HD 195019 b,HD 195019,0.05,3.98,1264.9634,0.5998830720736879,1,Gas Giant (Jupiter-like),Solar-like (-0.15 <= [Fe/H] <= +0.15),18.20132,5751.0,1.21,Radial Velocity
HD 196067 b,HD 196067,0.213,11.4,3623.2438398,1.0569048513364727,1,Gas Giant (Jupiter-like),Metal-rich ([Fe/H] > +0.15),3413.7,6072.0,1.16,Radial Velocity
HD 196067 c,HD 196067,0.213,0.03272206,10.4,-1.485159363360399,0,Neptunian / Sub-Neptune,Metal-rich ([Fe/H] > +0.15),4.601088,6072.0,1.16,Radial Velocity
HD 19615 b,HD 19615,-0.31,8.5,2701.5414595,0.9294189257142927,1,Gas Giant (Jupiter-like),Metal-poor ([Fe/H] < -0.15),402.0,4263.0,1.1,Radial Velocity
HD 196885 A b,HD 196885 A,0.22,2.58,819.97,0.41161970596323016,1,Gas Giant (Jupiter-like),Metal-rich ([Fe/H] > +0.15),1333.0,6254.0,1.28,Radial Velocity
HD 197037 b,HD 197037,-0.2,0.79,251.0,-0.10237290870955855,1,Gas Giant (Jupiter-like),Metal-poor ([Fe/H] < -0.15),1035.7,6150.0,1.11,Radial Velocity
HD 19994 b,HD 19994,0.27,1.37,435.41,0.1367205671564068,1,Gas Giant (Jupiter-like),Metal-rich ([Fe/H] > +0.15),466.2,6188.0,1.365,Radial Velocity
HD 20003 b,HD 20003,0.04,0.0367,11.66,-1.4353339357479107,0,Neptunian / Sub-Neptune,Solar-like (-0.15 <= [Fe/H] <= +0.15),11.8482,5494.0,0.875,Radial Velocity
HD 20003 c,HD 20003,0.04,0.0454,14.44,-1.342944147142896,0,Neptunian / Sub-Neptune,Solar-like (-0.15 <= [Fe/H] <= +0.15),33.9239,5494.0,0.875,Radial Velocity
HD 202206 b,HD 202206,0.23,21.55,6849.20217085,1.3334472744967505,1,Gas Giant (Jupiter-like),Metal-rich ([Fe/H] > +0.15),256.26,5764.23,1.06,Radial Velocity
HD 202206 c,HD 202206,0.23,3.09,982.08977763,0.4899584794248346,1,Gas Giant (Jupiter-like),Metal-rich ([Fe/H] > +0.15),1299.22,5764.23,1.06,Radial Velocity
HD 202696 b,HD 202696,0.02,1.996,634.38868,0.3001605369513523,1,Gas Giant (Jupiter-like),Solar-like (-0.15 <= [Fe/H] <= +0.15),517.8,5040.0,1.91,Radial Velocity
HD 202696 c,HD 202696,0.02,1.864,592.43512,0.2704459080179626,1,Gas Giant (Jupiter-like),Solar-like (-0.15 <= [Fe/H] <= +0.15),946.6,5040.0,1.91,Radial Velocity
HD 202772 A b,HD 202772 A,0.232,1.018,323.54931833,0.007747778000739948,1,Gas Giant (Jupiter-like),Metal-rich ([Fe/H] > +0.15),3.3088775,6442.0,1.721,Transit
HD 20329 b,HD 20329,-0.07,0.02334593,7.42,-1.631788820991116,0,Terrestrial (Earth-like),Solar-like (-0.15 <= [Fe/H] <= +0.15),0.926118,5596.0,0.9,Transit
HD 2039 b,HD 2039,0.3,6.29,1999.1507,0.798650645445269,1,Gas Giant (Jupiter-like),Metal-rich ([Fe/H] > +0.15),1120.0,5945.0,1.23,Radial Velocity
HD 204941 b,HD 204941,-0.19,0.23,73.1009,-0.638272163982407,1,Gas Giant (Jupiter-like),Metal-poor ([Fe/H] < -0.15),1733.0,5026.0,0.58,Radial Velocity
HD 205739 b,HD 205739,0.19,1.37,435.41,0.1367205671564068,1,Gas Giant (Jupiter-like),Metal-rich ([Fe/H] > +0.15),279.8,6176.0,1.22,Radial Velocity
HD 207496 b,HD 207496,0.095,0.01919275,6.1,-1.7168627936720928,0,Terrestrial (Earth-like),Solar-like (-0.15 <= [Fe/H] <= +0.15),6.441008,4819.0,0.8,Transit
HD 20781 b,HD 20781,-0.11,0.0061,1.93,-2.214670164989233,0,Terrestrial (Earth-like),Solar-like (-0.15 <= [Fe/H] <= +0.15),5.3135,5256.0,0.7,Radial Velocity
HD 20781 c,HD 20781,-0.11,0.0168,5.33,-1.7746907182741372,0,Terrestrial (Earth-like),Solar-like (-0.15 <= [Fe/H] <= +0.15),13.8905,5256.0,0.7,Radial Velocity
HD 20781 d,HD 20781,-0.11,0.0334,10.61,-1.4762535331884354,0,Neptunian / Sub-Neptune,Solar-like (-0.15 <= [Fe/H] <= +0.15),29.158,5256.0,0.7,Radial Velocity
HD 20781 e,HD 20781,-0.11,0.0442,14.03,-1.3545777306509081,0,Neptunian / Sub-Neptune,Solar-like (-0.15 <= [Fe/H] <= +0.15),85.5073,5256.0,0.7,Radial Velocity
HD 20782 b,HD 20782,-0.0537,1.4878,472.83,0.17254455437236313,1,Gas Giant (Jupiter-like),Solar-like (-0.15 <= [Fe/H] <= +0.15),597.0643,5782.13,1.04,Radial Velocity
HD 207832 b,HD 207832,0.14,0.56,177.9848,-0.25181197299379954,1,Gas Giant (Jupiter-like),Solar-like (-0.15 <= [Fe/H] <= +0.15),160.07,5726.0,1.05,Radial Velocity
HD 207832 c,HD 207832,0.06,0.73,232.0159,-0.1366771398795441,1,Gas Giant (Jupiter-like),Solar-like (-0.15 <= [Fe/H] <= +0.15),1155.7,5710.0,0.94,Radial Velocity
HD 207897 b,HD 207897,-0.03,0.04656601,14.8,-1.3319309729158728,0,Neptunian / Sub-Neptune,Solar-like (-0.15 <= [Fe/H] <= +0.15),16.20166,5106.0,0.8208,Transit
HD 20794 b,HD 20794,-0.42,0.00676466,2.15,-2.1697540266841813,0,Terrestrial (Earth-like),Metal-poor ([Fe/H] < -0.15),18.314,5368.0,0.79,Radial Velocity
HD 20794 d,HD 20794,-0.42,0.00937613,2.98,-2.027976379793215,0,Terrestrial (Earth-like),Metal-poor ([Fe/H] < -0.15),89.68,5368.0,0.79,Radial Velocity
HD 20794 f,HD 20794,-0.42,0.01831177,5.82,-1.7372696751368195,0,Terrestrial (Earth-like),Metal-poor ([Fe/H] < -0.15),647.6,5368.0,0.79,Radial Velocity
HD 208487 b,HD 208487,0.09,0.46,146.20106722,-0.3372421683184259,1,Gas Giant (Jupiter-like),Solar-like (-0.15 <= [Fe/H] <= +0.15),129.36,6134.0,1.15,Radial Velocity
HD 208527 b,HD 208527,-0.09,9.9,3146.4,0.9956351945975499,1,Gas Giant (Jupiter-like),Solar-like (-0.15 <= [Fe/H] <= +0.15),875.5,4035.0,1.6,Radial Velocity
HD 20868 b,HD 20868,0.05,1.25,397.2875,0.09691001300805642,1,Gas Giant (Jupiter-like),Solar-like (-0.15 <= [Fe/H] <= +0.15),380.85001,4802.0,0.39,Radial Velocity
HD 208897 b,HD 208897,0.21,1.194,379.48711796,0.07700432679335026,1,Gas Giant (Jupiter-like),Metal-rich ([Fe/H] > +0.15),358.27,4860.0,1.25,Radial Velocity
HD 209458 b,HD 209458,0.01,0.73,232.0159,-0.1366771398795441,1,Gas Giant (Jupiter-like),Solar-like (-0.15 <= [Fe/H] <= +0.15),3.52474859,6091.0,1.23,Radial Velocity
HD 210277 b,HD 210277,0.22,1.29,410.0007,0.11058971029924898,1,Gas Giant (Jupiter-like),Metal-rich ([Fe/H] > +0.15),442.19,5538.0,1.01,Radial Velocity
HD 210702 b,HD 210702,-0.02,1.515,481.5100366,0.1804126328383238,1,Gas Giant (Jupiter-like),Solar-like (-0.15 <= [Fe/H] <= +0.15),355.5,4912.0,1.33,Radial Velocity
HD 211403 b,HD 211403,0.18,5.54,1760.76937478,0.7435097647284298,1,Gas Giant (Jupiter-like),Metal-rich ([Fe/H] > +0.15),223.8,6273.0,1.2,Radial Velocity
HD 211810 b,HD 211810,0.17,0.67,212.9461,-0.17392519729917355,1,Gas Giant (Jupiter-like),Metal-rich ([Fe/H] > +0.15),1558.0,5652.0,1.03,Radial Velocity
HD 212301 b,HD 212301,0.18,0.51,162.0933,-0.2924298239020636,1,Gas Giant (Jupiter-like),Metal-rich ([Fe/H] > +0.15),2.24571,6239.0,1.55,Radial Velocity
HD 213240 b,HD 213240,0.15,5.58,1773.4914,0.7466341989375788,1,Gas Giant (Jupiter-like),Solar-like (-0.15 <= [Fe/H] <= +0.15),882.70001,5979.0,1.57,Radial Velocity
HD 213472 b,HD 213472,0.1249,3.5,1112.3994245,0.5440680443502757,1,Gas Giant (Jupiter-like),Solar-like (-0.15 <= [Fe/H] <= +0.15),17000.0,5729.54,1.048132,Radial Velocity
HD 213885 b,HD 213885,-0.04,0.02778215,8.83,-1.5562341481950421,0,Terrestrial (Earth-like),Solar-like (-0.15 <= [Fe/H] <= +0.15),1.008035,5978.0,1.068,Transit
HD 213885 c,HD 213885,-0.04,0.06276941,19.95,-1.2022519534736886,0,Neptunian / Sub-Neptune,Solar-like (-0.15 <= [Fe/H] <= +0.15),4.78503,5978.0,1.068,Radial Velocity
HD 215152 b,HD 215152,-0.1,0.00572319,1.819,-2.2423618360273347,0,Terrestrial (Earth-like),Solar-like (-0.15 <= [Fe/H] <= +0.15),5.75999,4935.0,0.77,Radial Velocity
HD 215152 c,HD 215152,-0.1,0.0054117,1.72,-2.266666286715176,0,Terrestrial (Earth-like),Solar-like (-0.15 <= [Fe/H] <= +0.15),7.28243,4935.0,0.77,Radial Velocity
HD 215152 d,HD 215152,-0.1,0.00881289,2.801,-2.054881650584921,0,Terrestrial (Earth-like),Solar-like (-0.15 <= [Fe/H] <= +0.15),10.86499,4935.0,0.77,Radial Velocity
HD 215152 e,HD 215152,-0.1,0.00905201,2.877,-2.0432549749401967,0,Terrestrial (Earth-like),Solar-like (-0.15 <= [Fe/H] <= +0.15),25.1967,4935.0,0.77,Radial Velocity
HD 21520 b,HD 21520,0.049,0.05569043,17.7,-1.2542194287989417,0,Neptunian / Sub-Neptune,Solar-like (-0.15 <= [Fe/H] <= +0.15),25.1292,5871.0,1.09,Transit
HD 215497 b,HD 215497,0.2,0.02,6.3566,-1.6989700043360187,0,Terrestrial (Earth-like),Metal-rich ([Fe/H] > +0.15),3.93404,5110.0,0.67,Radial Velocity
HD 216435 b,HD 216435,0.244,1.26,400.4,0.10037054511756291,1,Gas Giant (Jupiter-like),Metal-rich ([Fe/H] > +0.15),1311.0,5999.0,1.3,Radial Velocity
HD 216520 b,HD 216520,-0.16,0.03228141,10.26,-1.4910475042521374,0,Neptunian / Sub-Neptune,Metal-poor ([Fe/H] < -0.15),35.45,5103.0,0.82,Radial Velocity
HD 216520 c,HD 216520,-0.16,0.02970141,9.44,-1.5272229331513318,0,Terrestrial (Earth-like),Metal-poor ([Fe/H] < -0.15),154.43,5103.0,0.82,Radial Velocity
HD 216536 b,HD 216536,-0.17,1.05,333.7215,0.021189299069938092,1,Gas Giant (Jupiter-like),Metal-poor ([Fe/H] < -0.15),148.60001,4639.0,0.81,Radial Velocity
HD 216770 b,HD 216770,0.27,0.57,181.1631,-0.24412514432750865,1,Gas Giant (Jupiter-like),Metal-rich ([Fe/H] > +0.15),118.45,5399.0,0.74,Radial Velocity
HD 21693 b,HD 21693,0.0,0.0259,8.23,-1.586700235918748,0,Terrestrial (Earth-like),Solar-like (-0.15 <= [Fe/H] <= +0.15),22.6786,5430.0,0.8,Radial Velocity
HD 21693 c,HD 21693,0.0,0.0547,17.37,-1.2620126736665693,0,Neptunian / Sub-Neptune,Solar-like (-0.15 <= [Fe/H] <= +0.15),53.7357,5430.0,0.8,Radial Velocity
HD 21749 c,GJ 143,0.003,0.01164144,3.7,-1.933993295856785,0,Terrestrial (Earth-like),Solar-like (-0.15 <= [Fe/H] <= +0.15),7.78993,4640.0,0.73,Transit
HD 218566 b,HD 218566,0.28,0.2,63.566,-0.6989700043360187,1,Gas Giant (Jupiter-like),Metal-rich ([Fe/H] > +0.15),225.7,4730.0,0.76,Radial Velocity
HD 219134 b,HD 219134,0.11,0.01491363,4.74,-1.8264166357492961,0,Terrestrial (Earth-like),Solar-like (-0.15 <= [Fe/H] <= +0.15),3.092926,4699.0,0.81,Radial Velocity
HD 219134 c,HD 219134,0.11,0.01371803,4.36,-1.8627082517166185,0,Terrestrial (Earth-like),Solar-like (-0.15 <= [Fe/H] <= +0.15),6.76458,4699.0,0.81,Radial Velocity
HD 219134 d,HD 219134,0.11,0.05087625,16.17,-1.2934849072717192,0,Neptunian / Sub-Neptune,Solar-like (-0.15 <= [Fe/H] <= +0.15),46.859,4699.0,0.81,Radial Velocity
HD 219134 f,HD 219134,0.11,0.02296825,7.3,-1.6388720933681515,0,Terrestrial (Earth-like),Solar-like (-0.15 <= [Fe/H] <= +0.15),22.717,4699.0,0.81,Radial Velocity
HD 219134 g,HD 219134,0.08,0.034,10.80622,-1.4685210829577449,0,Neptunian / Sub-Neptune,Solar-like (-0.15 <= [Fe/H] <= +0.15),94.2,4913.0,0.794,Radial Velocity
HD 219134 h,HD 219134,0.08,0.34,108.0622,-0.46852108295774486,1,Gas Giant (Jupiter-like),Solar-like (-0.15 <= [Fe/H] <= +0.15),2247.0,4913.0,0.794,Radial Velocity
HD 219139 b,HD 219139,-0.2,0.78,247.90615746,-0.10790539730951958,1,Gas Giant (Jupiter-like),Metal-poor ([Fe/H] < -0.15),275.5,4831.0,1.46,Radial Velocity
HD 219415 b,HD 219415,-0.04,1.0,317.83,0.0,1,Gas Giant (Jupiter-like),Solar-like (-0.15 <= [Fe/H] <= +0.15),2093.3,4820.0,1.0,Radial Velocity
HD 220074 b,HD 220074,-0.25,16.64,5288.6912,1.221153321954705,1,Gas Giant (Jupiter-like),Metal-poor ([Fe/H] < -0.15),672.09998,3787.0,2.2,Radial Velocity
HD 220197 b,HD 220197,-0.55,0.2,63.566,-0.6989700043360187,1,Gas Giant (Jupiter-like),Metal-poor ([Fe/H] < -0.15),1728.0,5683.0,0.91,Radial Velocity
HD 220689 b,HD 220689,-0.07,1.118,355.33394,0.04844180355040453,1,Gas Giant (Jupiter-like),Solar-like (-0.15 <= [Fe/H] <= +0.15),2266.4,5921.0,1.016,Radial Velocity
HD 220773 b,HD 220773,0.09,1.45,460.8,0.16136800223497488,1,Gas Giant (Jupiter-like),Solar-like (-0.15 <= [Fe/H] <= +0.15),3724.7,5940.0,1.16,Radial Velocity
HD 220842 b,HD 220842,-0.17,3.18,1010.6994,0.5024271199844327,1,Gas Giant (Jupiter-like),Metal-poor ([Fe/H] < -0.15),218.47,5960.0,1.13,Radial Velocity
HD 221287 b,HD 221287,-0.03,3.09,982.05,0.4899584794248346,1,Gas Giant (Jupiter-like),Solar-like (-0.15 <= [Fe/H] <= +0.15),456.1,6304.0,1.25,Radial Velocity
HD 221416 b,HD 221416,-0.08,0.19,60.5,-0.721246399047171,1,Gas Giant (Jupiter-like),Solar-like (-0.15 <= [Fe/H] <= +0.15),14.2767,5080.0,1.212,Transit
HD 221420 b,HD 221420,0.33,22.9,7278.2705203,1.359835482339888,1,Gas Giant (Jupiter-like),Metal-rich ([Fe/H] > +0.15),10090.0,5847.0,1.351,Radial Velocity
HD 221585 b,HD 221585,0.29,1.61,511.7063,0.20682587603184974,1,Gas Giant (Jupiter-like),Metal-rich ([Fe/H] > +0.15),1173.0,5620.0,1.19,Radial Velocity
HD 222076 b,HD 222076,0.05,1.56,495.8148,0.1931245983544616,1,Gas Giant (Jupiter-like),Solar-like (-0.15 <= [Fe/H] <= +0.15),871.0,4806.0,1.07,Radial Velocity
HD 222155 b,HD 222155,-0.18,2.12,673.7996,0.32633586092875144,1,Gas Giant (Jupiter-like),Metal-poor ([Fe/H] < -0.15),3999.0,5701.0,1.21,Radial Velocity
HD 222237 b,HD 222237,-0.32,5.19,1649.52943233,0.7151673578484579,1,Gas Giant (Jupiter-like),Metal-poor ([Fe/H] < -0.15),14892.0,4751.0,0.76,Radial Velocity
HD 222582 b,HD 222582,0.01,8.37,2660.2371,0.92272545799326,1,Gas Giant (Jupiter-like),Solar-like (-0.15 <= [Fe/H] <= +0.15),572.38,5790.0,1.12,Radial Velocity
HD 224018 b,HD 224018,0.05,0.01290004,4.1,-1.8894089430532826,0,Terrestrial (Earth-like),Solar-like (-0.15 <= [Fe/H] <= +0.15),10.6413,5784.0,1.013,Radial Velocity
HD 224018 c,HD 224018,0.05,0.03272206,10.4,-1.485159363360399,0,Neptunian / Sub-Neptune,Solar-like (-0.15 <= [Fe/H] <= +0.15),36.57669,5784.0,1.013,Transit
HD 224018 d,HD 224018,0.05,0.01321468,4.2,-1.878943349060221,0,Terrestrial (Earth-like),Solar-like (-0.15 <= [Fe/H] <= +0.15),138.0731,5784.0,1.013,Transit
HD 224693 b,HD 224693,0.27,0.7,222.481,-0.1549019599857432,1,Gas Giant (Jupiter-like),Metal-rich ([Fe/H] > +0.15),26.6904,5894.0,1.31,Radial Velocity
HD 22496 b,HD 22496,-0.08,0.01752518,5.57,-1.7563375127276213,0,Terrestrial (Earth-like),Solar-like (-0.15 <= [Fe/H] <= +0.15),5.09071,4385.0,0.684,Radial Velocity
HD 22532 b,HD 22532,-0.19,2.12,673.79622284,0.32633586092875144,1,Gas Giant (Jupiter-like),Metal-poor ([Fe/H] < -0.15),872.6,5038.0,1.57,Radial Velocity
HD 22781 b,HD 22781,-0.37,13.65,4338.2,1.1351326513767748,1,Gas Giant (Jupiter-like),Metal-poor ([Fe/H] < -0.15),528.07,5027.0,0.75,Radial Velocity
HD 22946 d,HD 22946,-0.08,0.08359857,26.57,-1.0778011513459205,0,Neptunian / Sub-Neptune,Solar-like (-0.15 <= [Fe/H] <= +0.15),47.42489,6169.0,1.098,Transit
HD 23079 b,HD 23079,-0.129,2.66,845.42356262,0.424881636631067,1,Gas Giant (Jupiter-like),Solar-like (-0.15 <= [Fe/H] <= +0.15),735.74,5994.0,1.16,Radial Velocity
HD 23079 c,HD 23079,-0.129,0.02598887,8.26,-1.5852126032782639,0,Terrestrial (Earth-like),Solar-like (-0.15 <= [Fe/H] <= +0.15),5.748913,5994.0,1.16,Radial Velocity
HD 23127 b,HD 23127,0.29,1.527,485.32641,0.18383903705642116,1,Gas Giant (Jupiter-like),Metal-rich ([Fe/H] > +0.15),1211.17,5843.0,1.208,Radial Velocity
HD 231701 b,HD 231701,0.05,1.13,359.1479,0.05307844348341968,1,Gas Giant (Jupiter-like),Solar-like (-0.15 <= [Fe/H] <= +0.15),141.63,6101.0,1.21,Radial Velocity
HD 233604 b,HD 233604,-0.36,6.575,2089.644,0.8178957571617955,1,Gas Giant (Jupiter-like),Metal-poor ([Fe/H] < -0.15),192.0,4791.0,1.5,Radial Velocity
HD 233832 b,HD 233832,-0.66,1.78,565.7374,0.250420002308894,1,Gas Giant (Jupiter-like),Metal-poor ([Fe/H] < -0.15),2058.0,4981.0,0.71,Radial Velocity
HD 23472 b,HD 23472,-0.2,0.02617765,8.32,-1.582069343187899,0,Terrestrial (Earth-like),Metal-poor ([Fe/H] < -0.15),17.667087,4684.0,0.67,Transit
HD 23472 c,HD 23472,-0.2,0.01072906,3.41,-1.96943832600197,0,Terrestrial (Earth-like),Metal-poor ([Fe/H] < -0.15),29.79749,4684.0,0.67,Transit
HD 23472 d,HD 23472,-0.2,0.00173049,0.55,-2.761830906024501,0,Terrestrial (Earth-like),Metal-poor ([Fe/H] < -0.15),3.97664,4684.0,0.67,Transit
HD 23472 e,HD 23472,-0.2,0.00226537,0.72,-2.644860855092638,0,Terrestrial (Earth-like),Metal-poor ([Fe/H] < -0.15),7.90754,4684.0,0.67,Transit
HD 23472 f,HD 23472,-0.2,0.00242269,0.77,-2.615702153300598,0,Terrestrial (Earth-like),Metal-poor ([Fe/H] < -0.15),12.1621839,4684.0,0.67,Transit
HD 235088 b,HD 235088,-0.02,0.01305736,4.15,-1.8841446219377171,0,Terrestrial (Earth-like),Solar-like (-0.15 <= [Fe/H] <= +0.15),7.4341325,5075.0,0.849,Transit
HD 238090 b,HD 238090,-0.03,0.02167826,6.89,-1.6639755792703954,0,Terrestrial (Earth-like),Solar-like (-0.15 <= [Fe/H] <= +0.15),13.671,3933.0,0.578,Radial Velocity
HD 238914 b,HD 238914,-0.25,6.0,1906.98,0.7781512503836436,1,Gas Giant (Jupiter-like),Metal-poor ([Fe/H] < -0.15),4100.0,4769.0,1.47,Radial Velocity
HD 240210 b,HD 240210,-0.18,5.21,1655.82,0.7168377232995244,1,Gas Giant (Jupiter-like),Metal-poor ([Fe/H] < -0.15),501.75,4297.0,0.82,Radial Velocity
HD 240237 b,HD 240237,-0.25,15.89,5050.3187,1.2011238972073797,1,Gas Giant (Jupiter-like),Metal-poor ([Fe/H] < -0.15),745.70001,3926.0,8.76,Radial Velocity
HD 24040 b,HD 24040,0.19,3.86,1226.8238,0.5865873046717549,1,Gas Giant (Jupiter-like),Metal-rich ([Fe/H] > +0.15),3668.0,5802.0,1.11,Radial Velocity
HD 24040 c,HD 24040,0.1971,0.201,63.88350981,-0.6968039425795111,1,Gas Giant (Jupiter-like),Metal-rich ([Fe/H] > +0.15),515.4,5776.49,1.10394,Radial Velocity
HD 24064 b,HD 24064,-0.49,12.89,4096.8287,1.110252917353403,1,Gas Giant (Jupiter-like),Metal-poor ([Fe/H] < -0.15),535.59998,4052.0,1.61,Radial Velocity
HD 25171 b,HD 25171,-0.12,0.915,290.81445,-0.038578905933551705,1,Gas Giant (Jupiter-like),Solar-like (-0.15 <= [Fe/H] <= +0.15),1802.29,6125.0,1.076,Radial Velocity
HD 25463 b,HD 25463,-0.018,0.02737326,8.7,-1.5626734775003337,0,Terrestrial (Earth-like),Solar-like (-0.15 <= [Fe/H] <= +0.15),7.0491423,6353.0,1.251,Transit
HD 25463 c,HD 25463,-0.018,0.01352931,4.3,-1.8687243520227652,0,Terrestrial (Earth-like),Solar-like (-0.15 <= [Fe/H] <= +0.15),3.04405,6353.0,1.251,Transit
HD 25723 b,HD 25723,-0.03,2.5,794.5710175,0.3979400086720376,1,Gas Giant (Jupiter-like),Solar-like (-0.15 <= [Fe/H] <= +0.15),457.01,4766.0,2.12,Radial Velocity
HD 260655 b,HD 260655,-0.43,0.00673319,2.14,-2.171779130253974,0,Terrestrial (Earth-like),Metal-poor ([Fe/H] < -0.15),2.76953,3803.0,0.439,Transit
HD 260655 c,HD 260655,-0.43,0.00972223,3.09,-2.012234108981565,0,Terrestrial (Earth-like),Metal-poor ([Fe/H] < -0.15),5.70588,3803.0,0.439,Transit
HD 2638 b,HD 2638,0.13,0.42,133.4886,-0.37675070960209955,1,Gas Giant (Jupiter-like),Solar-like (-0.15 <= [Fe/H] <= +0.15),3.4442,5186.0,0.77,Radial Velocity
HD 2685 b,HD 2685,0.02,1.17,371.8611,0.06818586174616162,1,Gas Giant (Jupiter-like),Solar-like (-0.15 <= [Fe/H] <= +0.15),4.12688,6801.0,1.43,Transit
HD 27442 b,HD 27442,0.42,1.56,495.8,0.1931245983544616,1,Gas Giant (Jupiter-like),Metal-rich ([Fe/H] > +0.15),428.1,4846.0,1.23,Radial Velocity
HD 27631 b,HD 27631,-0.12,1.494,474.83802,0.17435059747937998,1,Gas Giant (Jupiter-like),Solar-like (-0.15 <= [Fe/H] <= +0.15),2198.14,5737.0,0.944,Radial Velocity
HD 278555 b,HD 278555,0.269,0.84,266.97586188,-0.07572071393811836,1,Gas Giant (Jupiter-like),Metal-rich ([Fe/H] > +0.15),28.842438,6047.0,1.255,Transit
HD 27894 c,HD 27894,0.3,0.162,51.48846,-0.790484985457369,1,Gas Giant (Jupiter-like),Metal-rich ([Fe/H] > +0.15),36.07,,0.8,Radial Velocity
HD 27969 b,HD 27969,0.18,4.8,1525.5763536,0.6812412373755872,1,Gas Giant (Jupiter-like),Metal-rich ([Fe/H] > +0.15),654.5,5966.0,1.16,Radial Velocity
HD 28109 b,HD 28109,0.1,0.01950738,6.2,-1.7098010559745507,0,Terrestrial (Earth-like),Solar-like (-0.15 <= [Fe/H] <= +0.15),22.891054,6189.0,1.227,Transit
HD 28109 c,HD 28109,0.1,0.02894644,9.2,-1.5384048406904347,0,Terrestrial (Earth-like),Solar-like (-0.15 <= [Fe/H] <= +0.15),55.99712,6189.0,1.227,Transit
HD 28109 d,HD 28109,0.1,0.01824884,5.8,-1.738764736556015,0,Terrestrial (Earth-like),Solar-like (-0.15 <= [Fe/H] <= +0.15),84.2899,6189.0,1.227,Transit
HD 28185 b,HD 28185,0.19,5.85,1859.29618095,0.7671558660821804,1,Gas Giant (Jupiter-like),Metal-rich ([Fe/H] > +0.15),385.92,5602.0,0.974,Radial Velocity
HD 28185 c,HD 28185,0.19,6.0,1906.970442,0.7781512503836436,1,Gas Giant (Jupiter-like),Metal-rich ([Fe/H] > +0.15),9090.0,5602.0,0.974,Radial Velocity
HD 28471 b,HD 28471,-0.04,0.01170443,3.72,-1.931649731380626,0,Terrestrial (Earth-like),Solar-like (-0.15 <= [Fe/H] <= +0.15),3.1649,5766.0,0.98,Radial Velocity
HD 28471 c,HD 28471,-0.04,0.01799713,5.72,-1.7447967462601055,0,Terrestrial (Earth-like),Solar-like (-0.15 <= [Fe/H] <= +0.15),6.1245,5766.0,0.98,Radial Velocity
HD 28471 d,HD 28471,-0.04,0.01544859,4.91,-1.8111111526898653,0,Terrestrial (Earth-like),Solar-like (-0.15 <= [Fe/H] <= +0.15),11.681,5766.0,0.98,Radial Velocity
HD 285507 b,HD 285507,0.13,0.98,311.4734,-0.00877392430750515,1,Gas Giant (Jupiter-like),Solar-like (-0.15 <= [Fe/H] <= +0.15),6.0881,4503.0,0.82,Radial Velocity
HD 285968 b,HD 285968,-0.1,0.026,8.4,-1.585026652029182,0,Terrestrial (Earth-like),Solar-like (-0.15 <= [Fe/H] <= +0.15),8.7836,,0.5,Radial Velocity
HD 29021 b,HD 29021,-0.3,4.47,1420.69297929,0.6503075231319364,1,Gas Giant (Jupiter-like),Metal-poor ([Fe/H] < -0.15),1365.0,,0.86,Radial Velocity
HD 290327 b,HD 290327,-0.14,2.43,772.3269,0.38560627359831223,1,Gas Giant (Jupiter-like),Solar-like (-0.15 <= [Fe/H] <= +0.15),2443.0,5505.0,0.84,Radial Velocity
HD 29399 b,HD 29399,0.14,1.57,498.99059899,0.19589965240923377,1,Gas Giant (Jupiter-like),Solar-like (-0.15 <= [Fe/H] <= +0.15),892.7,4845.0,1.17,Radial Velocity
HD 2952 b,HD 2952,0.0,0.896,284.77425267,-0.047691990337874794,1,Gas Giant (Jupiter-like),Solar-like (-0.15 <= [Fe/H] <= +0.15),312.08,4853.0,1.91,Radial Velocity
HD 30177 b,HD 30177,0.43,8.25,2622.08435775,0.9164539485499251,1,Gas Giant (Jupiter-like),Metal-rich ([Fe/H] > +0.15),2539.0,5680.0,0.98,Radial Velocity
HD 30177 c,HD 30177,0.43,4.67,1484.25866069,0.6693168805661122,1,Gas Giant (Jupiter-like),Metal-rich ([Fe/H] > +0.15),11320.0,5680.0,0.98,Radial Velocity
HD 30562 b,HD 30562,0.2,1.22,387.7526,0.08635983067474821,1,Gas Giant (Jupiter-like),Metal-rich ([Fe/H] > +0.15),1157.0,5882.0,1.12,Radial Velocity
HD 30669 b,HD 30669,0.13,0.47,149.37,-0.3279021420642826,1,Gas Giant (Jupiter-like),Solar-like (-0.15 <= [Fe/H] <= +0.15),1684.0,5400.0,0.92,Radial Velocity
HD 31253 b,HD 31253,0.17,0.62,197.0546,-0.20760831050174613,1,Gas Giant (Jupiter-like),Metal-rich ([Fe/H] > +0.15),466.0,6130.0,1.7,Radial Velocity
HD 31527 b,HD 31527,-0.17,0.0329,10.47,-1.4828041020500258,0,Neptunian / Sub-Neptune,Metal-poor ([Fe/H] < -0.15),16.5535,5898.0,0.96,Radial Velocity
HD 31527 c,HD 31527,-0.17,0.0445,14.16,-1.3516399890190685,0,Neptunian / Sub-Neptune,Metal-poor ([Fe/H] < -0.15),51.2053,5898.0,0.96,Radial Velocity
HD 31527 d,HD 31527,-0.17,0.0372,11.82,-1.4294570601181025,0,Neptunian / Sub-Neptune,Metal-poor ([Fe/H] < -0.15),271.6737,5898.0,0.96,Radial Velocity
HD 3167 b,HD 3167,0.037,0.01524093,4.844,-1.8169885315826952,0,Terrestrial (Earth-like),Solar-like (-0.15 <= [Fe/H] <= +0.15),0.95965451,5338.0,0.864,Transit
HD 3167 c,HD 3167,0.037,0.03589987,11.41,-1.444907124078641,0,Neptunian / Sub-Neptune,Solar-like (-0.15 <= [Fe/H] <= +0.15),29.846511,5338.0,0.864,Transit
HD 3167 d,HD 3167,0.037,0.02296837,7.3,-1.6388698243575963,0,Terrestrial (Earth-like),Solar-like (-0.15 <= [Fe/H] <= +0.15),8.3967,5338.0,0.864,Radial Velocity
HD 3167 e,HD 3167,0.037,0.04688064,14.9,-1.3290064680955294,0,Neptunian / Sub-Neptune,Solar-like (-0.15 <= [Fe/H] <= +0.15),91.9,5338.0,0.864,Radial Velocity
HD 32518 b,HD 32518,-0.15,2.849,905.49313154,0.4546924492394769,1,Gas Giant (Jupiter-like),Solar-like (-0.15 <= [Fe/H] <= +0.15),157.35,4580.0,1.13,Radial Velocity
HD 32963 b,HD 32963,0.11,0.7,222.481,-0.1549019599857432,1,Gas Giant (Jupiter-like),Solar-like (-0.15 <= [Fe/H] <= +0.15),2372.0,5727.0,0.94,Radial Velocity
HD 330075 b,HD 330075,0.05,0.48,152.5584,-0.3187587626244128,1,Gas Giant (Jupiter-like),Solar-like (-0.15 <= [Fe/H] <= +0.15),3.38773,5000.0,0.47,Radial Velocity
HD 331093 b,HD 331093,0.17,1.5,476.7426105,0.17609125905568124,1,Gas Giant (Jupiter-like),Metal-rich ([Fe/H] > +0.15),621.62,5544.0,1.03,Radial Velocity
HD 33142 b,HD 33142,0.06,1.26,400.46379282,0.10037054511756291,1,Gas Giant (Jupiter-like),Solar-like (-0.15 <= [Fe/H] <= +0.15),330.0,5025.4,1.52,Radial Velocity
HD 33142 c,HD 33142,0.06,0.89,282.86728223,-0.05060999335508721,1,Gas Giant (Jupiter-like),Solar-like (-0.15 <= [Fe/H] <= +0.15),810.2,5025.4,1.52,Radial Velocity
HD 33142 d,HD 33142,0.06,0.2,63.5656814,-0.6989700043360187,1,Gas Giant (Jupiter-like),Solar-like (-0.15 <= [Fe/H] <= +0.15),89.9,5025.4,1.52,Radial Velocity
HD 332231 b,HD 332231,0.043,0.23314467,74.1,-0.6323745086506126,1,Gas Giant (Jupiter-like),Solar-like (-0.15 <= [Fe/H] <= +0.15),18.712024,6128.0,1.1642,Transit
HD 33283 b,HD 33283,0.35,0.329,104.56607,-0.48280410205002566,1,Gas Giant (Jupiter-like),Metal-rich ([Fe/H] > +0.15),18.1991,5935.0,1.38,Radial Velocity
HD 33564 b,HD 33564,-0.12,9.1,2892.1,0.9590413923210935,1,Gas Giant (Jupiter-like),Solar-like (-0.15 <= [Fe/H] <= +0.15),388.0,6250.0,1.25,Radial Velocity
HD 33844 b,HD 33844,0.27,2.01,638.8383,0.30319605742048883,1,Gas Giant (Jupiter-like),Metal-rich ([Fe/H] > +0.15),551.40002,4861.0,1.84,Radial Velocity
HD 33844 c,HD 33844,0.27,1.75,556.2025,0.24303804868629444,1,Gas Giant (Jupiter-like),Metal-rich ([Fe/H] > +0.15),916.0,4861.0,1.78,Radial Velocity
HD 34445 b,HD 34445,0.18,0.82,260.6206,-0.08618614761628333,1,Gas Giant (Jupiter-like),Metal-rich ([Fe/H] > +0.15),1049.0,5879.0,1.14,Radial Velocity
HD 34445 c,HD 34445,0.14,0.168,53.5,-0.7746907182741372,1,Gas Giant (Jupiter-like),Solar-like (-0.15 <= [Fe/H] <= +0.15),214.67,5836.0,1.07,Radial Velocity
HD 34445 d,HD 34445,0.14,0.097,30.7,-1.0132282657337552,0,Neptunian / Sub-Neptune,Solar-like (-0.15 <= [Fe/H] <= +0.15),117.87,5836.0,1.07,Radial Velocity
HD 34445 e,HD 34445,0.14,0.0529,16.8,-1.2765443279648143,0,Neptunian / Sub-Neptune,Solar-like (-0.15 <= [Fe/H] <= +0.15),49.175,5836.0,1.07,Radial Velocity
HD 34445 f,HD 34445,0.14,0.119,37.9,-0.9244530386074693,1,Gas Giant (Jupiter-like),Solar-like (-0.15 <= [Fe/H] <= +0.15),676.8,5836.0,1.07,Radial Velocity
HD 34445 g,HD 34445,0.14,0.38,120.6,-0.42021640338318983,1,Gas Giant (Jupiter-like),Solar-like (-0.15 <= [Fe/H] <= +0.15),5700.0,5836.0,1.07,Radial Velocity
HD 35759 b,HD 35759,0.04,3.76,1195.0408,0.5751878449276611,1,Gas Giant (Jupiter-like),Solar-like (-0.15 <= [Fe/H] <= +0.15),82.467,6060.0,1.15,Radial Velocity
HD 35843 b,HD 35843,-0.27,0.01837469,5.84,-1.7357799791784652,0,Terrestrial (Earth-like),Metal-poor ([Fe/H] < -0.15),9.8991,5666.0,0.94,Radial Velocity
HD 35843 c,HD 35843,-0.27,0.0356167,11.32,-1.4483463217672778,0,Neptunian / Sub-Neptune,Metal-poor ([Fe/H] < -0.15),46.9622,5666.0,0.94,Transit
HD 360 b,HD 360,-0.06,0.75,238.37130525,-0.12493873660829995,1,Gas Giant (Jupiter-like),Solar-like (-0.15 <= [Fe/H] <= +0.15),273.1,4770.0,1.69,Radial Velocity
HD 36384 b,HD 36384,-0.16,6.6,2097.6674862,0.8195439355418687,1,Gas Giant (Jupiter-like),Metal-poor ([Fe/H] < -0.15),490.0,3940.0,1.14,Radial Velocity
HD 37124 b,HD 37124,-0.44,0.675,214.53525,-0.17069622716897506,1,Gas Giant (Jupiter-like),Metal-poor ([Fe/H] < -0.15),154.378,,0.85,Radial Velocity
HD 37124 c,HD 37124,-0.44,0.652,207.22516,-0.1857524042680798,1,Gas Giant (Jupiter-like),Metal-poor ([Fe/H] < -0.15),885.5,,0.85,Radial Velocity
HD 37124 d,HD 37124,-0.44,0.696,221.20968,-0.15739076038943792,1,Gas Giant (Jupiter-like),Metal-poor ([Fe/H] < -0.15),1862.0,,0.85,Radial Velocity
HD 37605 b,HD 37605,0.27,2.69,854.9627,0.42975228000240795,1,Gas Giant (Jupiter-like),Metal-rich ([Fe/H] > +0.15),55.01292,5329.0,0.94,Radial Velocity
HD 37605 c,HD 37605,0.27,3.19,1013.8777,0.5037906830571811,1,Gas Giant (Jupiter-like),Metal-rich ([Fe/H] > +0.15),2720.0,5329.0,0.94,Radial Velocity
HD 3765 b,HD 3765,0.1716,0.173,54.98431441,-0.7619538968712046,1,Gas Giant (Jupiter-like),Metal-rich ([Fe/H] > +0.15),1211.0,5049.8,0.851785,Radial Velocity
HD 38283 b,HD 38283,-0.18,0.4,127.132,-0.3979400086720376,1,Gas Giant (Jupiter-like),Metal-poor ([Fe/H] < -0.15),363.20001,5981.0,1.37,Radial Velocity
HD 38801 b,HD 38801,0.25,9.698,3082.31534,0.9866821797795056,1,Gas Giant (Jupiter-like),Metal-rich ([Fe/H] > +0.15),685.25,5338.0,1.207,Radial Velocity
HD 39091 b,HD 39091,0.09,14.1,4481.3805387,1.14921911265538,1,Gas Giant (Jupiter-like),Solar-like (-0.15 <= [Fe/H] <= +0.15),2088.8,5998.0,1.07,Radial Velocity
HD 40307 b,HD 40307,-0.31,0.0126,4.0,-1.899629454882437,0,Terrestrial (Earth-like),Metal-poor ([Fe/H] < -0.15),4.3123,4956.0,0.77,Radial Velocity
HD 40307 c,HD 40307,-0.31,0.0208,6.6,-1.6819366650372385,0,Terrestrial (Earth-like),Metal-poor ([Fe/H] < -0.15),9.6184,4956.0,0.77,Radial Velocity
HD 40307 d,HD 40307,-0.31,0.0299,9.5,-1.5243288116755704,0,Terrestrial (Earth-like),Metal-poor ([Fe/H] < -0.15),20.432,4956.0,0.77,Radial Velocity
HD 40307 f,HD 40307,-0.31,0.0164,5.2,-1.785156151952302,0,Terrestrial (Earth-like),Metal-poor ([Fe/H] < -0.15),51.76,4956.0,0.77,Radial Velocity
HD 40307 g,HD 40307,-0.31,0.0223,7.1,-1.6516951369518393,0,Terrestrial (Earth-like),Metal-poor ([Fe/H] < -0.15),197.8,4956.0,0.77,Radial Velocity
HD 40956 b,HD 40956,0.14,2.7,858.141,0.43136376415898736,1,Gas Giant (Jupiter-like),Solar-like (-0.15 <= [Fe/H] <= +0.15),578.6,4869.0,2.0,Radial Velocity
HD 40979 b,HD 40979,0.2,4.67,1484.2661,0.6693168805661122,1,Gas Giant (Jupiter-like),Metal-rich ([Fe/H] > +0.15),264.14999,6165.0,1.45,Radial Velocity
HD 42012 b,HD 42012,-0.09,1.6,508.528,0.2041199826559248,1,Gas Giant (Jupiter-like),Solar-like (-0.15 <= [Fe/H] <= +0.15),857.5,5405.0,0.83,Radial Velocity
HD 4203 b,HD 4203,0.4,2.23,708.7609,0.34830486304816066,1,Gas Giant (Jupiter-like),Metal-rich ([Fe/H] > +0.15),431.88,5596.0,1.25,Radial Velocity
HD 4203 c,HD 4203,0.34,2.17,689.66,0.3364597338485295,1,Gas Giant (Jupiter-like),Metal-rich ([Fe/H] > +0.15),6700.0,5582.0,0.99,Radial Velocity
HD 4208 b,HD 4208,-0.28,0.81,257.4423,-0.09151498112135022,1,Gas Giant (Jupiter-like),Metal-poor ([Fe/H] < -0.15),832.97,5717.0,0.883,Radial Velocity
HD 42618 b,HD 42618,-0.09,0.04530724,14.4,-1.3438323931127747,0,Neptunian / Sub-Neptune,Solar-like (-0.15 <= [Fe/H] <= +0.15),149.61,5727.0,1.015,Radial Velocity
HD 4308 b,HD 4308,-0.35,0.05,15.8915,-1.3010299956639813,0,Neptunian / Sub-Neptune,Metal-poor ([Fe/H] < -0.15),15.56,5686.0,0.93,Radial Velocity
HD 43691 b,HD 43691,0.33,2.55,810.4665,0.4065401804339551,1,Gas Giant (Jupiter-like),Metal-rich ([Fe/H] > +0.15),36.9987,6093.0,1.32,Radial Velocity
HD 45184 b,HD 45184,0.04,0.0384,12.19,-1.4156687756324693,0,Neptunian / Sub-Neptune,Solar-like (-0.15 <= [Fe/H] <= +0.15),5.8854,5869.0,1.03,Radial Velocity
HD 45184 c,HD 45184,0.04,0.0277,8.81,-1.5575202309355514,0,Terrestrial (Earth-like),Solar-like (-0.15 <= [Fe/H] <= +0.15),13.1354,5869.0,1.03,Radial Velocity
HD 45350 b,HD 45350,0.23,1.79,568.89,0.2528530309798932,1,Gas Giant (Jupiter-like),Metal-rich ([Fe/H] > +0.15),963.6,5566.0,0.98,Radial Velocity
HD 45652 b,HD 45652,0.26,0.433,137.62039,-0.36351210364663455,1,Gas Giant (Jupiter-like),Metal-rich ([Fe/H] > +0.15),44.073,5294.0,0.92,Radial Velocity
HD 46375 b,HD 46375,0.24,0.226,71.8,-0.645891560852599,1,Gas Giant (Jupiter-like),Metal-rich ([Fe/H] > +0.15),3.023573,5285.0,0.92,Radial Velocity
HD 47186 b,HD 47186,0.24,0.07,22.2481,-1.154901959985743,0,Neptunian / Sub-Neptune,Metal-rich ([Fe/H] > +0.15),4.0845,5657.0,0.96,Radial Velocity
HD 4732 b,HD 4732,-0.01,1.986,631.2072163,0.2979792441593624,1,Gas Giant (Jupiter-like),Solar-like (-0.15 <= [Fe/H] <= +0.15),371.74,4898.0,1.39,Radial Velocity
HD 4732 c,HD 4732,-0.01,3.365,1069.49258955,0.5269850685599957,1,Gas Giant (Jupiter-like),Solar-like (-0.15 <= [Fe/H] <= +0.15),3184.2,4898.0,1.39,Radial Velocity
HD 47366 b,HD 47366,-0.02,2.082,661.71874337,0.3184807251745173,1,Gas Giant (Jupiter-like),Solar-like (-0.15 <= [Fe/H] <= +0.15),360.08,4866.0,1.81,Radial Velocity
HD 47366 c,HD 47366,-0.02,1.522,483.73483545,0.18241465243455401,1,Gas Giant (Jupiter-like),Solar-like (-0.15 <= [Fe/H] <= +0.15),677.53,4866.0,1.81,Radial Velocity
HD 4760 b,HD 4760,-0.91,13.9,4417.837,1.1430148002540952,1,Gas Giant (Jupiter-like),Metal-poor ([Fe/H] < -0.15),434.0,4076.0,1.05,Radial Velocity
HD 48265 b,HD 48265,0.3,1.525,484.69075,0.1832698436828046,1,Gas Giant (Jupiter-like),Metal-rich ([Fe/H] > +0.15),778.51,5733.0,1.312,Radial Velocity
HD 48265 c,HD 48265,0.39,4.45,1414.33641115,0.6483600109809317,1,Gas Giant (Jupiter-like),Metal-rich ([Fe/H] > +0.15),10418.0,5805.0,1.38,Radial Velocity
HD 48948 b,HD 48948,-0.21,0.0153542,4.88,-1.8137728066801493,0,Terrestrial (Earth-like),Metal-poor ([Fe/H] < -0.15),7.34013,4593.0,0.686,Radial Velocity
HD 48948 c,HD 48948,-0.21,0.02287398,7.27,-1.640658262955421,0,Terrestrial (Earth-like),Metal-poor ([Fe/H] < -0.15),38.06,4593.0,0.686,Radial Velocity
HD 48948 d,HD 48948,-0.21,0.03331987,10.59,-1.4772967016948053,0,Neptunian / Sub-Neptune,Metal-poor ([Fe/H] < -0.15),151.92,4593.0,0.686,Radial Velocity
HD 49674 b,HD 49674,0.32,0.1,31.783,-1.0,1,Gas Giant (Jupiter-like),Metal-rich ([Fe/H] > +0.15),4.94737,5602.0,1.03,Radial Velocity
HD 50499 b,HD 50499,0.26,1.636,519.96988,0.21378329933530416,1,Gas Giant (Jupiter-like),Metal-rich ([Fe/H] > +0.15),2447.1,6102.0,1.253,Radial Velocity
HD 50499 c,HD 50499,0.38,2.93,931.2419,0.4668676203541095,1,Gas Giant (Jupiter-like),Metal-rich ([Fe/H] > +0.15),8619.9,6099.0,1.31,Radial Velocity
HD 50554 b,HD 50554,0.02,5.85,1859.29618095,0.7671558660821804,1,Gas Giant (Jupiter-like),Solar-like (-0.15 <= [Fe/H] <= +0.15),1240.0,6050.0,1.1,Radial Velocity
HD 50554 c,HD 50554,-0.02,0.01667566,5.3,-1.777916968284836,0,Terrestrial (Earth-like),Solar-like (-0.15 <= [Fe/H] <= +0.15),5.969362,5968.0,1.04,Transit
HD 50554 d,HD 50554,-0.02,0.03272206,10.4,-1.485159363360399,0,Neptunian / Sub-Neptune,Solar-like (-0.15 <= [Fe/H] <= +0.15),28.0694,5968.0,1.04,Transit
HD 51608 b,HD 51608,-0.07,0.0402,12.77,-1.39577394691553,0,Neptunian / Sub-Neptune,Solar-like (-0.15 <= [Fe/H] <= +0.15),14.0726,5358.0,0.8,Radial Velocity
HD 51608 c,HD 51608,-0.07,0.045,14.31,-1.3467874862246563,0,Neptunian / Sub-Neptune,Solar-like (-0.15 <= [Fe/H] <= +0.15),95.9446,5358.0,0.8,Radial Velocity
HD 5278 b,HD 5278,-0.12,0.02454154,7.8,-1.6100981884501955,0,Terrestrial (Earth-like),Solar-like (-0.15 <= [Fe/H] <= +0.15),14.339156,6203.0,1.126,Transit
HD 5278 c,HD 5278,-0.12,0.05789287,18.4,-1.2373749200433675,0,Neptunian / Sub-Neptune,Solar-like (-0.15 <= [Fe/H] <= +0.15),40.87,6203.0,1.126,Radial Velocity
HD 55696 b,HD 55696,0.37,3.87,1230.0021,0.5877109650189114,1,Gas Giant (Jupiter-like),Metal-rich ([Fe/H] > +0.15),1827.0,6012.0,1.29,Radial Velocity
HD 5583 b,HD 5583,-0.5,5.78,1837.0574,0.761927838420529,1,Gas Giant (Jupiter-like),Metal-poor ([Fe/H] < -0.15),139.35,4830.0,1.01,Radial Velocity
HD 5608 b,HD 5608,0.04,1.168,371.22357938,0.06744284277638066,1,Gas Giant (Jupiter-like),Solar-like (-0.15 <= [Fe/H] <= +0.15),768.7,4807.0,1.29,Radial Velocity
HD 564 b,HD 564,-0.2,0.33,104.88,-0.4814860601221125,1,Gas Giant (Jupiter-like),Metal-poor ([Fe/H] < -0.15),492.3,5902.0,0.961,Radial Velocity
HD 5891 b,HD 5891,-0.37,7.63,2425.0429,0.8825245379548805,1,Gas Giant (Jupiter-like),Metal-poor ([Fe/H] < -0.15),177.11,4673.0,1.93,Radial Velocity
HD 59686 A b,HD 59686 A,0.15,6.92,2199.3836,0.8401060944567578,1,Gas Giant (Jupiter-like),Solar-like (-0.15 <= [Fe/H] <= +0.15),299.36,4658.0,1.9,Radial Velocity
HD 60292 b,HD 60292,-0.17,6.5,2065.895,0.8129133566428556,1,Gas Giant (Jupiter-like),Metal-poor ([Fe/H] < -0.15),495.4,4348.0,1.7,Radial Velocity
HD 60532 b,HD 60532,-0.26,1.06,336.8998,0.02530586526477026,1,Gas Giant (Jupiter-like),Metal-poor ([Fe/H] < -0.15),201.9,6245.0,1.5,Radial Velocity
HD 60532 c,HD 60532,-0.26,2.51,797.7533,0.3996737214810381,1,Gas Giant (Jupiter-like),Metal-poor ([Fe/H] < -0.15),600.1,6245.0,1.5,Radial Velocity
HD 6061 b,HD 6061,-0.05,0.03146352,10.0,-1.502192692041401,0,Neptunian / Sub-Neptune,Solar-like (-0.15 <= [Fe/H] <= +0.15),5.2549,5934.0,1.0269,Transit
HD 60779 b,HD 60779,-0.12,0.04464673,14.19,-1.3502103440534048,0,Neptunian / Sub-Neptune,Solar-like (-0.15 <= [Fe/H] <= +0.15),29.986175,6081.0,1.05,Transit
HD 60779 c,HD 60779,-0.12,0.08904176,28.3,-1.0504062643209902,0,Neptunian / Sub-Neptune,Solar-like (-0.15 <= [Fe/H] <= +0.15),104.79,6081.0,1.05,Radial Velocity
HD 62364 b,HD 62364,-0.11,18.77,5965.63919939,1.2734642726213463,1,Gas Giant (Jupiter-like),Solar-like (-0.15 <= [Fe/H] <= +0.15),5138.0,6255.0,1.157,Radial Velocity
HD 62509 b,HD 62509,0.1027,2.3,731.0,0.36172783601759284,1,Gas Giant (Jupiter-like),Solar-like (-0.15 <= [Fe/H] <= +0.15),589.64,4892.63,,Radial Velocity
HD 63433 b,HD 63433,-0.07,0.06844888,21.755,-1.1646336536483135,0,Neptunian / Sub-Neptune,Solar-like (-0.15 <= [Fe/H] <= +0.15),7.1079475,5553.0,0.956,Transit
HD 63433 c,HD 63433,-0.07,0.04889116,15.539,-1.3107696584689819,0,Neptunian / Sub-Neptune,Solar-like (-0.15 <= [Fe/H] <= +0.15),20.5438281,5553.0,0.956,Transit
HD 63454 b,HD 63454,0.1,0.25,79.4575,-0.6020599913279624,1,Gas Giant (Jupiter-like),Solar-like (-0.15 <= [Fe/H] <= +0.15),2.81805,4812.0,0.42,Radial Velocity
HD 63765 b,HD 63765,-0.16,0.53,168.4499,-0.27572413039921095,1,Gas Giant (Jupiter-like),Metal-poor ([Fe/H] < -0.15),358.0,5449.0,0.65,Radial Velocity
HD 63935 b,HD 63935,0.107,0.03303669,10.5,-1.4810034718463942,0,Neptunian / Sub-Neptune,Solar-like (-0.15 <= [Fe/H] <= +0.15),9.058807,5513.0,0.9406,Transit
HD 63935 c,HD 63935,0.107,0.03492451,11.1,-1.4568696784360848,0,Neptunian / Sub-Neptune,Solar-like (-0.15 <= [Fe/H] <= +0.15),21.4027,5513.0,0.9406,Radial Velocity
HD 64121 b,HD 64121,-0.21,2.56,813.64072192,0.4082399653118496,1,Gas Giant (Jupiter-like),Metal-poor ([Fe/H] < -0.15),623.0,5078.0,1.64,Radial Velocity
HD 6434 b,HD 6434,-0.55,0.49,155.7367,-0.3098039199714863,1,Gas Giant (Jupiter-like),Metal-poor ([Fe/H] < -0.15),21.998,5769.0,1.1,Radial Velocity
HD 66141 b,HD 66141,-0.323,6.0,1906.9,0.7781512503836436,1,Gas Giant (Jupiter-like),Metal-poor ([Fe/H] < -0.15),480.5,4323.0,1.1,Radial Velocity
HD 67087 b,HD 67087,0.25,3.06,973.0,0.48572142648158,1,Gas Giant (Jupiter-like),Metal-rich ([Fe/H] > +0.15),352.2,6330.0,1.36,Radial Velocity
HD 67087 c,HD 67087,0.25,4.85,1540.0,0.6857417386022636,1,Gas Giant (Jupiter-like),Metal-rich ([Fe/H] > +0.15),2374.0,6330.0,1.36,Radial Velocity
HD 68402 b,HD 68402,0.29,3.07,975.7381,0.48713837547718647,1,Gas Giant (Jupiter-like),Metal-rich ([Fe/H] > +0.15),1103.0,5950.0,1.12,Radial Velocity
HD 68475 b,HD 68475,0.07,5.16,1639.99458012,0.7126497016272114,1,Gas Giant (Jupiter-like),Solar-like (-0.15 <= [Fe/H] <= +0.15),7832.0,5022.0,0.83,Radial Velocity
HD 6860 b,HD 6860,-0.03,28.26,8981.83078182,1.4511721575125398,1,Gas Giant (Jupiter-like),Solar-like (-0.15 <= [Fe/H] <= +0.15),663.87,3802.0,2.49,Radial Velocity
HD 68988 b,HD 68988,0.35,1.97,626.1251,0.2944662261615929,1,Gas Giant (Jupiter-like),Metal-rich ([Fe/H] > +0.15),6.27711,5932.0,1.28,Radial Velocity
HD 68988 c,HD 68988,0.3052,15.0,4767.426105,1.1760912590556813,1,Gas Giant (Jupiter-like),Metal-rich ([Fe/H] > +0.15),16000.0,5883.41,1.171665,Radial Velocity
HD 69123 b,HD 69123,0.05,3.04,966.19835728,0.48287358360875376,1,Gas Giant (Jupiter-like),Solar-like (-0.15 <= [Fe/H] <= +0.15),1193.3,4842.0,1.68,Radial Velocity
HD 69830 b,HD 69830,-0.05,0.0321,10.2,-1.493494967595128,0,Neptunian / Sub-Neptune,Solar-like (-0.15 <= [Fe/H] <= +0.15),8.667,5385.0,0.86,Radial Velocity
HD 69830 c,HD 69830,-0.05,0.0371,11.8,-1.4306260903849541,0,Neptunian / Sub-Neptune,Solar-like (-0.15 <= [Fe/H] <= +0.15),31.56,5385.0,0.86,Radial Velocity
HD 69830 d,HD 69830,-0.05,0.057,18.1,-1.2441251443275085,0,Neptunian / Sub-Neptune,Solar-like (-0.15 <= [Fe/H] <= +0.15),197.0,5385.0,0.86,Radial Velocity
HD 70573 b,HD 70573,-0.18,6.1,1900.0,0.785329835010767,1,Gas Giant (Jupiter-like),Metal-poor ([Fe/H] < -0.15),851.8,5737.0,1.0,Radial Velocity
HD 70642 b,HD 70642,0.22,1.993,633.43519,0.29950729870048765,1,Gas Giant (Jupiter-like),Metal-rich ([Fe/H] > +0.15),2124.54,5732.0,1.078,Radial Velocity
HD 715 b,HD 715,0.09,0.635,201.82103844,-0.1972262747080243,1,Gas Giant (Jupiter-like),Solar-like (-0.15 <= [Fe/H] <= +0.15),56.4,6070.0,1.6,Transit
HD 7199 b,HD 7199,0.32,0.27,85.8141,-0.5686362358410126,1,Gas Giant (Jupiter-like),Metal-rich ([Fe/H] > +0.15),615.0,5371.0,0.77,Radial Velocity
HD 72659 b,HD 72659,-0.02,2.851,906.12878836,0.45499721730945997,1,Gas Giant (Jupiter-like),Solar-like (-0.15 <= [Fe/H] <= +0.15),3549.0,5929.0,1.033,Radial Velocity
HD 72659 c,HD 72659,-0.02,19.4,6165.8710958,1.287801729930226,1,Gas Giant (Jupiter-like),Solar-like (-0.15 <= [Fe/H] <= +0.15),35500.0,5929.0,1.033,Radial Velocity
HD 73344 b,HD 73344,0.143,0.03297377,10.48,-1.4818313956959488,0,Neptunian / Sub-Neptune,Solar-like (-0.15 <= [Fe/H] <= +0.15),15.611,6252.6,1.2,Transit
HD 73344 c,HD 73344,0.16,0.373,118.54999581,-0.4282911681913124,1,Gas Giant (Jupiter-like),Metal-rich ([Fe/H] > +0.15),65.94,6148.0,1.19,Radial Velocity
HD 73344 d,HD 73344,0.16,2.55,810.46243785,0.4065401804339551,1,Gas Giant (Jupiter-like),Metal-rich ([Fe/H] > +0.15),5823.0,6148.0,1.19,Radial Velocity
HD 73526 b,HD 73526,0.22,3.08,978.9164,0.4885507165004443,1,Gas Giant (Jupiter-like),Metal-rich ([Fe/H] > +0.15),188.3,5601.0,1.14,Radial Velocity
HD 73583 b,HD 73583,0.0,0.03209279,10.2,-1.4935925256924685,0,Neptunian / Sub-Neptune,Solar-like (-0.15 <= [Fe/H] <= +0.15),6.398042,4511.0,0.73,Transit
HD 73583 c,HD 73583,0.0,0.03051961,9.7,-1.5154210203872138,0,Terrestrial (Earth-like),Solar-like (-0.15 <= [Fe/H] <= +0.15),18.87974,4511.0,0.73,Transit
HD 74698 b,HD 74698,0.07,0.07,23.0,-1.154901959985743,0,Neptunian / Sub-Neptune,Solar-like (-0.15 <= [Fe/H] <= +0.15),15.017,5783.0,1.039,Radial Velocity
HD 74698 c,HD 74698,0.07,0.4,126.0,-0.3979400086720376,1,Gas Giant (Jupiter-like),Solar-like (-0.15 <= [Fe/H] <= +0.15),3449.0,5783.0,1.039,Radial Velocity
HD 75289 b,HD 75289,0.26,0.49,155.7367,-0.3098039199714863,1,Gas Giant (Jupiter-like),Metal-rich ([Fe/H] > +0.15),3.50927,6117.0,1.29,Radial Velocity
HD 75898 b,HD 75898,0.29,2.55,810.46243785,0.4065401804339551,1,Gas Giant (Jupiter-like),Metal-rich ([Fe/H] > +0.15),422.82,6122.0,1.295,Radial Velocity
HD 75898 c,HD 75898,0.29,8.49,2698.36317543,0.9289076902439527,1,Gas Giant (Jupiter-like),Metal-rich ([Fe/H] > +0.15),6717.0,6122.0,1.295,Radial Velocity
HD 76700 b,HD 76700,0.31,0.21,66.7443,-0.6777807052660807,1,Gas Giant (Jupiter-like),Metal-rich ([Fe/H] > +0.15),3.97097,5644.0,0.99,Radial Velocity
HD 76920 b,HD 76920,-0.19,3.13,994.80291391,0.49554433754644844,1,Gas Giant (Jupiter-like),Metal-poor ([Fe/H] < -0.15),415.891,4664.0,1.0,Radial Velocity
HD 77338 b,HD 77338,0.32,0.06,19.0698,-1.2218487496163564,0,Neptunian / Sub-Neptune,Metal-rich ([Fe/H] > +0.15),5.7361,5341.0,1.37,Radial Velocity
HD 77946 b,HD 77946,0.215,0.03429524,10.9,-1.4647661535778824,0,Neptunian / Sub-Neptune,Metal-rich ([Fe/H] > +0.15),6.527363,6007.0,1.1973,Transit
HD 79181 b,HD 79181,-0.28,0.64,203.41018048,-0.1938200260161128,1,Gas Giant (Jupiter-like),Metal-poor ([Fe/H] < -0.15),273.1,4862.0,1.28,Radial Velocity
HD 7924 b,HD 7924,-0.21,0.02,6.3566,-1.6989700043360187,0,Terrestrial (Earth-like),Metal-poor ([Fe/H] < -0.15),5.39792,5131.0,0.65,Radial Velocity
HD 7924 c,HD 7924,-0.15,0.0247302,7.86,-1.6067723713643334,0,Terrestrial (Earth-like),Solar-like (-0.15 <= [Fe/H] <= +0.15),15.299,5075.0,0.832,Radial Velocity
HD 7924 d,HD 7924,-0.15,0.0202624,6.44,-1.6933091154897757,0,Terrestrial (Earth-like),Solar-like (-0.15 <= [Fe/H] <= +0.15),24.451,5075.0,0.832,Radial Velocity
HD 79498 b,HD 79498,0.18,1.34,425.8922,0.12710479836480765,1,Gas Giant (Jupiter-like),Metal-rich ([Fe/H] > +0.15),1807.0,5748.0,1.08,Radial Velocity
HD 80606 b,HD 80606,0.35,4.1641,1323.46926959,0.6195211504558644,1,Gas Giant (Jupiter-like),Metal-rich ([Fe/H] > +0.15),111.436765,5565.0,1.05,Radial Velocity
HD 80653 b,HD 80653,0.255,0.01765103,5.61,-1.7532299469183876,0,Terrestrial (Earth-like),Metal-rich ([Fe/H] > +0.15),0.71957926,5959.0,1.15,Transit
HD 81040 b,HD 81040,-0.04,7.24,2301.07766668,0.859738566197147,1,Gas Giant (Jupiter-like),Solar-like (-0.15 <= [Fe/H] <= +0.15),1002.7,,0.99,Radial Velocity
HD 81688 b,HD 81688,-0.32,1.654,525.68818518,0.21853550521652784,1,Gas Giant (Jupiter-like),Metal-poor ([Fe/H] < -0.15),183.93,4797.0,1.07,Radial Velocity
HD 82886 b,HD 82886,-0.31,2.33,740.5439,0.367355921026019,1,Gas Giant (Jupiter-like),Metal-poor ([Fe/H] < -0.15),705.0,4953.0,2.53,Radial Velocity
HD 82943 b,HD 82943,0.26,1.681,534.25,0.225567713439471,1,Gas Giant (Jupiter-like),Metal-rich ([Fe/H] > +0.15),441.47,5935.0,1.08,Radial Velocity
HD 82943 c,HD 82943,0.26,1.959,622.603,0.2920344359947364,1,Gas Giant (Jupiter-like),Metal-rich ([Fe/H] > +0.15),220.078,5935.0,1.08,Radial Velocity
HD 83443 b,HD 83443,0.34,0.402,127.76701961,-0.3957739469155299,1,Gas Giant (Jupiter-like),Metal-rich ([Fe/H] > +0.15),2.985628,5442.0,1.0,Radial Velocity
HD 83443 c,HD 83443,0.34,1.5,476.7426105,0.17609125905568124,1,Gas Giant (Jupiter-like),Metal-rich ([Fe/H] > +0.15),8241.0,5442.0,1.0,Radial Velocity
HD 8535 b,HD 8535,0.06,0.68,216.1244,-0.16749108729376366,1,Gas Giant (Jupiter-like),Solar-like (-0.15 <= [Fe/H] <= +0.15),1313.0,6136.0,1.13,Radial Velocity
HD 85426 c,TOI-1774,-0.02,0.03240742,10.3,-1.4893555423822795,0,Neptunian / Sub-Neptune,Solar-like (-0.15 <= [Fe/H] <= +0.15),35.73,5746.0,0.991,Radial Velocity
HD 8574 b,HD 8574,0.01,2.03,645.1949,0.3074960379132129,1,Gas Giant (Jupiter-like),Solar-like (-0.15 <= [Fe/H] <= +0.15),227.0,6064.0,1.34,Radial Velocity
HD 86081 b,HD 86081,0.22,1.48,470.3884,0.17026171539495738,1,Gas Giant (Jupiter-like),Metal-rich ([Fe/H] > +0.15),2.1378431,5939.0,1.21,Radial Velocity
HD 86226 b,HD 86226,0.018,0.45,143.0235,-0.3467874862246563,1,Gas Giant (Jupiter-like),Solar-like (-0.15 <= [Fe/H] <= +0.15),1628.0,5863.0,1.019,Radial Velocity
HD 86226 c,HD 86226,0.018,0.02281094,7.25,-1.6418568178184194,0,Terrestrial (Earth-like),Solar-like (-0.15 <= [Fe/H] <= +0.15),3.98442,5863.0,1.019,Transit
HD 86728 b,HD 86728,0.2,0.0296701,9.43,-1.5276809899361072,0,Terrestrial (Earth-like),Metal-rich ([Fe/H] > +0.15),31.1515,5610.0,0.967,Radial Velocity
HD 86950 b,HD 86950,0.04,3.6,1144.188,0.5563025007672873,1,Gas Giant (Jupiter-like),Solar-like (-0.15 <= [Fe/H] <= +0.15),1270.0,4805.0,1.66,Radial Velocity
HD 87646 b,HD 87646,-0.17,12.4,3941.092,1.0934216851622351,1,Gas Giant (Jupiter-like),Metal-poor ([Fe/H] < -0.15),13.481,5770.0,1.12,Radial Velocity
HD 87816 b,HD 87816,0.14,6.74,2142.16346318,0.8286598965353198,1,Gas Giant (Jupiter-like),Solar-like (-0.15 <= [Fe/H] <= +0.15),484.17,4989.0,2.41,Radial Velocity
HD 87816 c,HD 87816,0.14,12.2,3877.5065654,1.0863598306747482,1,Gas Giant (Jupiter-like),Solar-like (-0.15 <= [Fe/H] <= +0.15),7596.0,4989.0,2.41,Radial Velocity
HD 87883 b,HD 87883,0.11,6.31,2005.49724817,0.8000293592441343,1,Gas Giant (Jupiter-like),Solar-like (-0.15 <= [Fe/H] <= +0.15),3006.0,,0.8,Radial Velocity
HD 88986 b,HD 88986,0.06,0.05411725,17.2,-1.2666642804441393,0,Neptunian / Sub-Neptune,Solar-like (-0.15 <= [Fe/H] <= +0.15),146.05,5861.0,1.25,Radial Velocity
HD 89307 b,HD 89307,-0.13,2.11,670.6213,0.3242824552976926,1,Gas Giant (Jupiter-like),Solar-like (-0.15 <= [Fe/H] <= +0.15),2166.0,5955.0,1.27,Radial Velocity
HD 89345 b,HD 89345,0.421,0.11,34.9613,-0.958607314841775,1,Gas Giant (Jupiter-like),Metal-rich ([Fe/H] > +0.15),11.8143,5576.0,1.157,Transit
HD 90156 b,HD 90156,-0.24,0.057,17.98,-1.2441251443275085,0,Neptunian / Sub-Neptune,Metal-poor ([Fe/H] < -0.15),49.77,5599.0,0.84,Radial Velocity
HD 9174 b,HD 9174,0.39,1.11,352.7913,0.045322978786657475,1,Gas Giant (Jupiter-like),Metal-rich ([Fe/H] > +0.15),1179.0,5577.0,1.03,Radial Velocity
HD 92788 b,HD 92788,0.27,3.76,1195.0408,0.5751878449276611,1,Gas Giant (Jupiter-like),Metal-rich ([Fe/H] > +0.15),325.803,5744.0,1.15,Radial Velocity
HD 92788 c,HD 92788,0.27,3.67,1166.4361,0.5646660642520893,1,Gas Giant (Jupiter-like),Metal-rich ([Fe/H] > +0.15),11611.2975,5744.0,1.15,Radial Velocity
HD 93083 b,HD 93083,0.13,0.451,143.34061156,-0.34582345812203946,1,Gas Giant (Jupiter-like),Solar-like (-0.15 <= [Fe/H] <= +0.15),144.72,5033.8,0.836,Radial Velocity
HD 93385 b,HD 93385,0.02,0.01321468,4.2,-1.878943349060221,0,Terrestrial (Earth-like),Solar-like (-0.15 <= [Fe/H] <= +0.15),7.3426,5977.0,1.04,Radial Velocity
HD 93385 c,HD 93385,0.02,0.0223391,7.1,-1.650934327769524,0,Terrestrial (Earth-like),Solar-like (-0.15 <= [Fe/H] <= +0.15),13.18,5977.0,1.04,Radial Velocity
HD 93385 d,HD 93385,0.02,0.02737326,8.7,-1.5626734775003337,0,Terrestrial (Earth-like),Solar-like (-0.15 <= [Fe/H] <= +0.15),45.85,5977.0,1.04,Radial Velocity
HD 93963 A b,HD 93963 A,0.11,0.00880979,2.8,-2.0550344437931947,0,Terrestrial (Earth-like),Solar-like (-0.15 <= [Fe/H] <= +0.15),1.0376109,5908.0,1.0844,Transit
HD 93963 A c,HD 93963 A,0.11,0.05789287,18.4,-1.2373749200433675,0,Neptunian / Sub-Neptune,Solar-like (-0.15 <= [Fe/H] <= +0.15),3.6451389,5908.0,1.0844,Transit
HD 9446 b,HD 9446,0.09,0.7,222.472,-0.1549019599857432,1,Gas Giant (Jupiter-like),Solar-like (-0.15 <= [Fe/H] <= +0.15),30.052,5793.0,1.0,Radial Velocity
HD 9446 c,HD 9446,0.09,1.82,578.426,0.2600713879850748,1,Gas Giant (Jupiter-like),Solar-like (-0.15 <= [Fe/H] <= +0.15),192.9,5793.0,1.0,Radial Velocity
HD 94771 b,HD 94771,0.22,0.53,169.0,-0.27572413039921095,1,Gas Giant (Jupiter-like),Metal-rich ([Fe/H] > +0.15),2164.0,5631.0,1.2,Radial Velocity
HD 94890 b,HD 94890,-0.02,2.13,676.97450691,0.3283796034387377,1,Gas Giant (Jupiter-like),Solar-like (-0.15 <= [Fe/H] <= +0.15),824.61,4867.0,1.74,Radial Velocity
HD 94890 c,HD 94890,-0.02,8.91,2831.85110637,0.9498777040368748,1,Gas Giant (Jupiter-like),Solar-like (-0.15 <= [Fe/H] <= +0.15),2492.19,4867.0,1.74,Radial Velocity
HD 95127 b,HD 95127,-0.18,10.63,3378.5329,1.0265332645232967,1,Gas Giant (Jupiter-like),Metal-poor ([Fe/H] < -0.15),482.0,4218.0,3.7,Radial Velocity
HD 95735 c,GJ 411,-0.3621,0.04279039,13.6,-1.3686537552530131,0,Neptunian / Sub-Neptune,Metal-poor ([Fe/H] < -0.15),2946.0,3719.0,0.3899,Radial Velocity
HD 95872 b,HD 95872,0.41,3.74,1188.6842,0.5728716022004802,1,Gas Giant (Jupiter-like),Metal-rich ([Fe/H] > +0.15),4375.0,5312.0,0.7,Radial Velocity
HD 96700 b,HD 96700,-0.18,0.02800253,8.9,-1.5528027288220103,0,Terrestrial (Earth-like),Metal-poor ([Fe/H] < -0.15),8.1245,5845.0,0.89,Radial Velocity
HD 96700 c,HD 96700,-0.18,0.01101223,3.5,-1.9581247265660566,0,Terrestrial (Earth-like),Metal-poor ([Fe/H] < -0.15),19.88,5845.0,0.89,Radial Velocity
HD 96700 d,HD 96700,-0.18,0.03995867,12.7,-1.3983889754328809,0,Neptunian / Sub-Neptune,Metal-poor ([Fe/H] < -0.15),103.5,5845.0,0.89,Radial Velocity
HD 96992 b,HD 96992,-0.45,1.14,362.3262,0.05690485133647256,1,Gas Giant (Jupiter-like),Metal-poor ([Fe/H] < -0.15),514.0,4725.0,0.96,Radial Velocity
HD 97658 b,HD 97658,-0.23,0.02611472,8.3,-1.5831146262737361,0,Terrestrial (Earth-like),Metal-poor ([Fe/H] < -0.15),9.4897116,5212.0,0.85,Radial Velocity
HD 98649 b,HD 98649,-0.06,9.7,3082.9355479,0.9867717342662449,1,Gas Giant (Jupiter-like),Solar-like (-0.15 <= [Fe/H] <= +0.15),5384.0,,0.97,Radial Velocity
HD 98736 b,HD 98736,0.36,2.33,740.5439,0.367355921026019,1,Gas Giant (Jupiter-like),Metal-rich ([Fe/H] > +0.15),968.8,5271.0,0.92,Radial Velocity
HD 99109 b,HD 99109,0.35,0.44,139.8452,-0.3565473235138126,1,Gas Giant (Jupiter-like),Metal-rich ([Fe/H] > +0.15),439.29999,5282.0,0.76,Radial Velocity
HD 99283 b,HD 99283,-0.16,0.97,308.29355479,-0.01322826573375516,1,Gas Giant (Jupiter-like),Metal-poor ([Fe/H] < -0.15),310.4,4886.0,1.76,Radial Velocity
HD 99492 b,HD 99492,0.3,0.08023197,25.5,-1.095652544085357,0,Neptunian / Sub-Neptune,Metal-rich ([Fe/H] > +0.15),17.0503,4929.0,0.85,Radial Velocity
HD 99492 c,HD 99492,0.3,0.0563197,17.9,-1.2493396672304964,0,Neptunian / Sub-Neptune,Metal-rich ([Fe/H] > +0.15),95.233,4929.0,0.85,Radial Velocity
HIP 10090 b,HIP 10090,0.47,3.87,1229.99593509,0.5877109650189114,1,Gas Giant (Jupiter-like),Metal-rich ([Fe/H] > +0.15),2960.0,5661.0,0.94,Radial Velocity
HIP 10090 c,HIP 10090,0.47,0.85,270.15414595,-0.07058107428570728,1,Gas Giant (Jupiter-like),Metal-rich ([Fe/H] > +0.15),321.82,5661.0,0.94,Radial Velocity
HIP 105854 b,HIP 105854,0.31,8.2,2606.1,0.9138138523837167,1,Gas Giant (Jupiter-like),Metal-rich ([Fe/H] > +0.15),184.2,4780.0,2.1,Radial Velocity
HIP 107773 b,HIP 107773,0.03,1.98,629.3034,0.2966651902615311,1,Gas Giant (Jupiter-like),Solar-like (-0.15 <= [Fe/H] <= +0.15),144.3,4945.0,2.42,Radial Velocity
HIP 109384 b,HIP 109384,-0.26,1.56,495.8148,0.1931245983544616,1,Gas Giant (Jupiter-like),Metal-poor ([Fe/H] < -0.15),499.48,5180.0,0.78,Radial Velocity
HIP 109600 b,HIP 109600,-0.12,2.68,851.7844,0.42813479402878885,1,Gas Giant (Jupiter-like),Solar-like (-0.15 <= [Fe/H] <= +0.15),232.08,5530.0,0.87,Radial Velocity
HIP 111909 b,HIP 111909,-0.01,1.21,384.57237247,0.08278537031645007,1,Gas Giant (Jupiter-like),Solar-like (-0.15 <= [Fe/H] <= +0.15),487.08,4891.0,1.28,Radial Velocity
HIP 111909 c,HIP 111909,-0.01,0.81,257.44100967,-0.09151498112135022,1,Gas Giant (Jupiter-like),Solar-like (-0.15 <= [Fe/H] <= +0.15),893.63,4891.0,1.28,Radial Velocity
HIP 114933 b,HIP 114933,0.06,1.94,616.58710958,0.287801729930226,1,Gas Giant (Jupiter-like),Solar-like (-0.15 <= [Fe/H] <= +0.15),1481.6,4823.0,1.39,Radial Velocity
HIP 116454 b,HIP 116454,0.0,0.03051961,9.7,-1.5154210203872138,0,Terrestrial (Earth-like),Solar-like (-0.15 <= [Fe/H] <= +0.15),9.1004157,5048.0,0.8,Transit
HIP 12961 b,HIP 12961,-0.14,0.36,114.4188,-0.44369749923271273,1,Gas Giant (Jupiter-like),Solar-like (-0.15 <= [Fe/H] <= +0.15),57.435,3901.0,0.69,Radial Velocity
HIP 14810 b,HIP 14810,0.24,3.9,1239.537,0.5910646070264992,1,Gas Giant (Jupiter-like),Metal-rich ([Fe/H] > +0.15),6.673892,5544.0,1.01,Radial Velocity
HIP 14810 c,HIP 14810,0.24,1.31,416.3573,0.11727129565576427,1,Gas Giant (Jupiter-like),Metal-rich ([Fe/H] > +0.15),147.747,5544.0,1.01,Radial Velocity
HIP 14810 d,HIP 14810,0.24,0.59,187.5197,-0.22914798835785583,1,Gas Giant (Jupiter-like),Metal-rich ([Fe/H] > +0.15),981.8,5544.0,1.01,Radial Velocity
HIP 18606 b,HIP 18606,-0.01,0.77,244.72787339,-0.11350927482751812,1,Gas Giant (Jupiter-like),Solar-like (-0.15 <= [Fe/H] <= +0.15),674.94,4860.0,1.21,Radial Velocity
HIP 21152 b,HIP 21152,0.13,24.0,7627.881768,1.380211241711606,1,Gas Giant (Jupiter-like),Solar-like (-0.15 <= [Fe/H] <= +0.15),22000.0,6655.0,1.4,Imaging
HIP 29442 c,TOI-469,0.24,0.01415858,4.5,-1.8489803009604011,0,Terrestrial (Earth-like),Metal-rich ([Fe/H] > +0.15),3.5379559,5289.0,0.901,Radial Velocity
HIP 29442 d,TOI-469,0.24,0.01617225,5.14,-1.7912295537110277,0,Terrestrial (Earth-like),Metal-rich ([Fe/H] > +0.15),6.429575,5289.0,0.901,Radial Velocity
HIP 39017 b,HIP 39017,-0.26,23.6,7500.7504052,1.3729120029701065,1,Gas Giant (Jupiter-like),Metal-poor ([Fe/H] < -0.15),31000.0,,1.52,Imaging
HIP 39330 b,HIP 39330,0.16,1.67,530.77343969,0.22271647114758325,1,Gas Giant (Jupiter-like),Metal-rich ([Fe/H] > +0.15),4650.0,5748.0,0.96,Radial Velocity
HIP 41378 b,HIP 41378,-0.05,0.02170983,6.9,-1.6633435772987346,0,Terrestrial (Earth-like),Solar-like (-0.15 <= [Fe/H] <= +0.15),15.57209,6290.0,1.22,Transit
HIP 41378 c,HIP 41378,-0.05,0.01878372,5.97,-1.726218394205971,0,Terrestrial (Earth-like),Solar-like (-0.15 <= [Fe/H] <= +0.15),31.70591,6290.0,1.22,Transit
HIP 41378 d,HIP 41378,-0.05,0.02054568,6.53,-1.6872794803276132,0,Terrestrial (Earth-like),Solar-like (-0.15 <= [Fe/H] <= +0.15),278.3618,6290.0,1.22,Transit
HIP 41378 e,HIP 41378,-0.05,0.0239752,7.62,-1.6202377612778789,0,Terrestrial (Earth-like),Solar-like (-0.15 <= [Fe/H] <= +0.15),393.0,6290.0,1.22,Transit
HIP 41378 f,HIP 41378,-0.05,0.0786588,25.0,-1.1042526833693633,0,Neptunian / Sub-Neptune,Solar-like (-0.15 <= [Fe/H] <= +0.15),542.0797,6290.0,1.22,Transit
HIP 41378 g,HIP 41378,-0.05,0.01809152,5.75,-1.742524943373428,0,Terrestrial (Earth-like),Solar-like (-0.15 <= [Fe/H] <= +0.15),63.19,6290.0,1.22,Radial Velocity
HIP 5158 b,HIP 5158,0.1,1.42,451.0,0.15228834438305647,1,Gas Giant (Jupiter-like),Solar-like (-0.15 <= [Fe/H] <= +0.15),345.72,4962.0,0.78,Radial Velocity
HIP 5158 c,HIP 5158,0.17,15.04,4780.1632,1.1772478362556233,1,Gas Giant (Jupiter-like),Metal-rich ([Fe/H] > +0.15),9017.76,4813.0,0.78,Radial Velocity
HIP 57274 b,HIP 57274,0.01,0.02,6.3566,-1.6989700043360187,0,Terrestrial (Earth-like),Solar-like (-0.15 <= [Fe/H] <= +0.15),8.1352,4510.0,0.29,Radial Velocity
HIP 57274 c,HIP 57274,0.09,0.40902369,130.0,-0.3882515376202239,1,Gas Giant (Jupiter-like),Solar-like (-0.15 <= [Fe/H] <= +0.15),32.03,4640.0,0.73,Radial Velocity
HIP 57274 d,HIP 57274,0.09,0.5267,167.4,-0.27843668164251917,1,Gas Giant (Jupiter-like),Solar-like (-0.15 <= [Fe/H] <= +0.15),431.7,4640.0,0.73,Radial Velocity
HIP 63242 b,HIP 63242,-0.31,9.18,2917.56,0.9628426812012424,1,Gas Giant (Jupiter-like),Metal-poor ([Fe/H] < -0.15),124.6,4830.0,1.54,Radial Velocity
HIP 65 A b,HIP 65 A,0.18,3.213,1021.18779,0.5069107255515181,1,Gas Giant (Jupiter-like),Metal-rich ([Fe/H] > +0.15),0.9809734,4590.0,0.781,Transit
HIP 65407 b,HIP 65407,0.25,0.428,136.03124,-0.368556230986828,1,Gas Giant (Jupiter-like),Metal-rich ([Fe/H] > +0.15),28.125,5460.0,0.93,Radial Velocity
HIP 65407 c,HIP 65407,0.25,0.784,249.17872,-0.10568393731556154,1,Gas Giant (Jupiter-like),Metal-rich ([Fe/H] > +0.15),67.3,5460.0,0.93,Radial Velocity
HIP 66074 b,HIP 66074,0.12,5.0,1589.142035,0.6989700043360189,1,Gas Giant (Jupiter-like),Solar-like (-0.15 <= [Fe/H] <= +0.15),310.9,4300.0,0.705,Astrometry
HIP 67851 b,HIP 67851,0.01,1.15,365.50266805,0.06069784035361165,1,Gas Giant (Jupiter-like),Solar-like (-0.15 <= [Fe/H] <= +0.15),89.23,4840.0,1.28,Radial Velocity
HIP 67851 c,HIP 67851,0.01,4.97,1579.60718279,0.696356388733332,1,Gas Giant (Jupiter-like),Solar-like (-0.15 <= [Fe/H] <= +0.15),3128.41,4840.0,1.28,Radial Velocity
HIP 74890 b,HIP 74890,0.2,2.4,762.792,0.38021124171160603,1,Gas Giant (Jupiter-like),Metal-rich ([Fe/H] > +0.15),822.3,4850.0,1.74,Radial Velocity
HIP 75092 b,HIP 75092,-0.01,1.79,568.91284853,0.2528530309798932,1,Gas Giant (Jupiter-like),Solar-like (-0.15 <= [Fe/H] <= +0.15),926.4,4891.0,1.28,Radial Velocity
HIP 79431 b,HIP 79431,0.4,2.1,667.415,0.3222192947339193,1,Gas Giant (Jupiter-like),Metal-rich ([Fe/H] > +0.15),111.7,3191.0,0.49,Radial Velocity
HIP 8152 b,HIP 8152,0.007,0.02800253,8.9,-1.5528027288220103,0,Terrestrial (Earth-like),Solar-like (-0.15 <= [Fe/H] <= +0.15),10.751014,5618.0,0.9373,Transit
HIP 8152 c,HIP 8152,0.007,0.03366596,10.7,-1.4728089969168674,0,Neptunian / Sub-Neptune,Solar-like (-0.15 <= [Fe/H] <= +0.15),19.60562,5618.0,0.9373,Transit
HIP 81991 b,HIP 81991,-0.27,9.5,3019.3698665,0.9777236052888477,1,Gas Giant (Jupiter-like),Metal-poor ([Fe/H] < -0.15),5860.0,5100.0,1.09,Radial Velocity
HIP 8923 b,HIP 8923,0.42,9.98,3171.92750186,0.9991305412873711,1,Gas Giant (Jupiter-like),Metal-rich ([Fe/H] > +0.15),5160.0,5980.0,1.01,Radial Velocity
HIP 91258 b,HIP 91258,0.23,1.09,346.4347,0.037426497940623665,1,Gas Giant (Jupiter-like),Metal-rich ([Fe/H] > +0.15),5.0505,5519.0,0.97,Radial Velocity
HIP 94235 b,HIP 94235,0.0,1.19246736,379.0,0.07644650044515747,1,Gas Giant (Jupiter-like),Solar-like (-0.15 <= [Fe/H] <= +0.15),7.713057,5991.0,1.094,Transit
HIP 9618 b,HIP 9618,-0.018,0.02611472,8.3,-1.5831146262737361,0,Terrestrial (Earth-like),Solar-like (-0.15 <= [Fe/H] <= +0.15),20.772858,5649.0,0.942,Transit
HIP 9618 c,HIP 9618,-0.018,0.02202446,7.0,-1.6570947309020754,0,Terrestrial (Earth-like),Solar-like (-0.15 <= [Fe/H] <= +0.15),52.56363,5649.0,0.942,Transit
HIP 97166 b,HIP 97166,0.248,0.06009532,19.1,-1.2211593479193064,0,Neptunian / Sub-Neptune,Metal-rich ([Fe/H] > +0.15),10.288914,5216.0,0.9342,Transit
HIP 97166 c,HIP 97166,0.248,0.02517081,8.0,-1.5991028085728076,0,Terrestrial (Earth-like),Metal-rich ([Fe/H] > +0.15),16.432,5216.0,0.9342,Radial Velocity
HIP 98599 b,HIP 98599,-0.12,6.85,2177.12458795,0.8356905714924255,1,Gas Giant (Jupiter-like),Solar-like (-0.15 <= [Fe/H] <= +0.15),2656.0,5978.0,1.19,Radial Velocity
HN Lib b,HN Lib,-0.18,0.01717908,5.46,-1.7650000978750813,0,Terrestrial (Earth-like),Metal-poor ([Fe/H] < -0.15),36.116,3347.0,0.291,Radial Velocity
HR 2562 b,HR 2562,0.02,22.0,6992.224954,1.3424226808222062,1,Gas Giant (Jupiter-like),Solar-like (-0.15 <= [Fe/H] <= +0.15),,,1.3,Imaging
HR 5183 b,HR 5183,0.1,3.23,1026.5909,0.5092025223311029,1,Gas Giant (Jupiter-like),Solar-like (-0.15 <= [Fe/H] <= +0.15),27000.0,5794.0,1.07,Radial Velocity
HR 810 b,HR 810,0.16,2.27,721.4741,0.35602585719312274,1,Gas Giant (Jupiter-like),Metal-rich ([Fe/H] > +0.15),302.79999,6167.0,1.34,Radial Velocity
HR 858 b,HR 858,0.025,0.01116955,3.55,-1.9519643234335051,0,Terrestrial (Earth-like),Solar-like (-0.15 <= [Fe/H] <= +0.15),3.585287,6354.0,1.204,Transit
HR 858 c,HR 858,0.025,0.01195614,3.8,-1.9224090082470517,0,Terrestrial (Earth-like),Solar-like (-0.15 <= [Fe/H] <= +0.15),5.973865,6354.0,1.204,Transit
HR 858 d,HR 858,0.025,0.0223391,7.1,-1.650934327769524,0,Terrestrial (Earth-like),Solar-like (-0.15 <= [Fe/H] <= +0.15),11.230511,6354.0,1.204,Transit
HR 8799 b,HR 8799,-0.47,7.0,2000.0,0.8450980400142568,1,Gas Giant (Jupiter-like),Metal-poor ([Fe/H] < -0.15),170000.0,,1.5,Imaging
HR 8799 c,HR 8799,-0.47,10.0,3000.0,1.0,1,Gas Giant (Jupiter-like),Metal-poor ([Fe/H] < -0.15),69000.0,,1.5,Imaging
HR 8799 d,HR 8799,-0.47,10.0,3000.0,1.0,1,Gas Giant (Jupiter-like),Metal-poor ([Fe/H] < -0.15),37000.0,,1.5,Imaging
HR 8799 e,HR 8799,-0.5,10.0,3178.3,1.0,1,Gas Giant (Jupiter-like),Metal-poor ([Fe/H] < -0.15),,7400.0,,Imaging
HS Psc b,HS Psc,-0.05,1.46,464.02947422,0.1643528557844371,1,Gas Giant (Jupiter-like),Solar-like (-0.15 <= [Fe/H] <= +0.15),3.986,4203.0,0.69,Radial Velocity
IC 4651 9122 b,IC 4651 9122,0.12,6.3,2002.329,0.7993405494535817,1,Gas Giant (Jupiter-like),Solar-like (-0.15 <= [Fe/H] <= +0.15),734.0,,2.1,Radial Velocity
K2-10 b,K2-10,-0.07,0.07928807,25.2,-1.100792153450827,0,Neptunian / Sub-Neptune,Solar-like (-0.15 <= [Fe/H] <= +0.15),19.30553,5533.0,0.88,Transit
K2-100 b,K2-100,0.22,0.06859047,21.8,-1.1637362212309261,0,Neptunian / Sub-Neptune,Metal-rich ([Fe/H] > +0.15),1.6739035,5945.0,1.15,Transit
K2-105 b,K2-105,0.22,0.04845382,15.4,-1.3146719783753855,0,Neptunian / Sub-Neptune,Metal-rich ([Fe/H] > +0.15),8.26726,5373.0,0.94,Transit
K2-110 b,K2-110,-0.34,0.05002699,15.9,-1.3007956267531295,0,Neptunian / Sub-Neptune,Metal-poor ([Fe/H] < -0.15),13.86375,5010.0,0.738,Transit
K2-111 b,K2-111,-0.46,0.01683298,5.35,-1.7738389925808487,0,Terrestrial (Earth-like),Metal-poor ([Fe/H] < -0.15),5.3518963,5775.0,0.84,Transit
K2-111 c,K2-111,-0.46,0.03492451,11.1,-1.4568696784360848,0,Neptunian / Sub-Neptune,Metal-poor ([Fe/H] < -0.15),15.6748,5775.0,0.84,Radial Velocity
K2-114 b,K2-114,0.42,2.01,638.83509807,0.30319605742048883,1,Gas Giant (Jupiter-like),Metal-rich ([Fe/H] > +0.15),11.390931,4899.0,0.863,Transit
K2-115 b,K2-115,-0.198,1.01,321.00669107,0.004321373782642578,1,Gas Giant (Jupiter-like),Metal-poor ([Fe/H] < -0.15),20.2729914,5870.0,0.918,Transit
K2-12 b,K2-12,0.0,0.01636103,5.2,-1.7861893590243803,0,Terrestrial (Earth-like),Solar-like (-0.15 <= [Fe/H] <= +0.15),8.28246,5672.0,0.965,Transit
K2-121 b,K2-121,0.04,0.16046394,51.0,-0.7946225484213758,1,Gas Giant (Jupiter-like),Solar-like (-0.15 <= [Fe/H] <= +0.15),5.185738,4526.0,0.71,Transit
K2-131 b,K2-131,-0.04,0.02485618,7.9,-1.6045656147287946,0,Terrestrial (Earth-like),Solar-like (-0.15 <= [Fe/H] <= +0.15),0.3693038,5120.0,0.803,Transit
K2-132 b,K2-132,-0.01,0.49,155.7367,-0.3098039199714863,1,Gas Giant (Jupiter-like),Solar-like (-0.15 <= [Fe/H] <= +0.15),9.1751,4840.0,1.08,Transit
K2-136 b,K2-136,-0.02,0.01352931,4.3,-1.8687243520227652,0,Terrestrial (Earth-like),Solar-like (-0.15 <= [Fe/H] <= +0.15),7.97525,4500.0,0.742,Transit
K2-136 c,K2-136,-0.02,0.05694897,18.1,-1.244514126323451,0,Neptunian / Sub-Neptune,Solar-like (-0.15 <= [Fe/H] <= +0.15),17.30723,4500.0,0.742,Transit
K2-136 d,K2-136,-0.02,0.00943906,3.0,-2.025071253280288,0,Terrestrial (Earth-like),Solar-like (-0.15 <= [Fe/H] <= +0.15),25.575,4500.0,0.742,Transit
K2-138 b,K2-138,0.14,0.00975364,3.1,-2.0108332779528553,0,Terrestrial (Earth-like),Solar-like (-0.15 <= [Fe/H] <= +0.15),2.35309,5356.3,0.935,Transit
K2-138 c,K2-138,0.14,0.01985338,6.31,-1.7021655448007729,0,Terrestrial (Earth-like),Solar-like (-0.15 <= [Fe/H] <= +0.15),3.56004,5356.3,0.935,Transit
K2-138 d,K2-138,0.14,0.02491898,7.92,-1.603469738475051,0,Terrestrial (Earth-like),Solar-like (-0.15 <= [Fe/H] <= +0.15),5.40479,5356.3,0.935,Transit
K2-138 e,K2-138,0.14,0.04080798,12.97,-1.3892549023246388,0,Neptunian / Sub-Neptune,Solar-like (-0.15 <= [Fe/H] <= +0.15),8.26146,5356.3,0.935,Transit
K2-138 f,K2-138,0.14,0.00512853,1.63,-2.2900070996785127,0,Terrestrial (Earth-like),Solar-like (-0.15 <= [Fe/H] <= +0.15),12.75758,5356.3,0.935,Transit
K2-138 g,K2-138,0.14,0.01359217,4.32,-1.8667112022967347,0,Terrestrial (Earth-like),Solar-like (-0.15 <= [Fe/H] <= +0.15),41.96797,5356.3,0.935,Transit
K2-140 b,K2-140,0.1,0.93,295.58041851,-0.03151705144606486,1,Gas Giant (Jupiter-like),Solar-like (-0.15 <= [Fe/H] <= +0.15),6.569188,5585.0,0.96,Transit
K2-141 b,K2-141,0.0,0.01563737,4.97,-1.8058362877552672,0,Terrestrial (Earth-like),Solar-like (-0.15 <= [Fe/H] <= +0.15),0.2803244,4570.0,0.708,Transit
K2-141 c,K2-141,0.0,0.02517081,8.0,-1.5991028085728076,0,Terrestrial (Earth-like),Solar-like (-0.15 <= [Fe/H] <= +0.15),7.7485,4570.0,0.708,Transit
K2-157 b,K2-157,0.02,0.0036,1.14,-2.4436974992327127,0,Terrestrial (Earth-like),Solar-like (-0.15 <= [Fe/H] <= +0.15),0.3652575,5334.0,0.89,Transit
K2-157 c,K2-157,0.02,0.0967,30.8,-1.0145735259169983,0,Neptunian / Sub-Neptune,Solar-like (-0.15 <= [Fe/H] <= +0.15),25.942,5334.0,0.89,Radial Velocity
K2-157 d,K2-157,0.02,0.0732,23.3,-1.1354889189416082,0,Neptunian / Sub-Neptune,Solar-like (-0.15 <= [Fe/H] <= +0.15),66.5,5334.0,0.89,Radial Velocity
K2-18 b,K2-18,0.12,0.02806532,8.92,-1.5518300016024447,0,Terrestrial (Earth-like),Solar-like (-0.15 <= [Fe/H] <= +0.15),32.939623,3457.0,0.359,Transit
K2-180 b,K2-180,-0.578,0.0359,11.41003981,-1.4449055514216809,0,Neptunian / Sub-Neptune,Metal-poor ([Fe/H] < -0.15),8.865663,5365.0,0.735,Transit
K2-182 b,K2-182,0.022,0.066,20.97667486,-1.1804560644581312,0,Neptunian / Sub-Neptune,Solar-like (-0.15 <= [Fe/H] <= +0.15),4.7369696,5128.0,0.823,Transit
K2-19 b,K2-19,0.06,0.09690764,30.8,-1.0136419827114045,0,Neptunian / Sub-Neptune,Solar-like (-0.15 <= [Fe/H] <= +0.15),7.9193,5322.0,0.88,Transit
K2-19 c,K2-19,0.06,0.03460987,11.0,-1.4608000319797434,0,Neptunian / Sub-Neptune,Solar-like (-0.15 <= [Fe/H] <= +0.15),11.906,5322.0,0.88,Transit
K2-19 d,K2-19,0.03,0.01950738,6.2,-1.7098010559745507,0,Terrestrial (Earth-like),Solar-like (-0.15 <= [Fe/H] <= +0.15),2.50827,5350.0,0.892,Transit
K2-199 b,K2-199,-0.01,0.02170983,6.9,-1.6633435772987346,0,Terrestrial (Earth-like),Solar-like (-0.15 <= [Fe/H] <= +0.15),3.2253993,4491.0,0.711,Transit
K2-199 c,K2-199,-0.01,0.03901476,12.4,-1.4087710603105694,0,Neptunian / Sub-Neptune,Solar-like (-0.15 <= [Fe/H] <= +0.15),7.3744897,4491.0,0.711,Transit
K2-216 b,K2-216,0.0,0.02517069,8.0,-1.5991048790449958,0,Terrestrial (Earth-like),Solar-like (-0.15 <= [Fe/H] <= +0.15),2.1748,4503.0,0.7,Transit
K2-222 b,K2-222,-0.315,0.02359764,7.5,-1.627131428649701,0,Terrestrial (Earth-like),Metal-poor ([Fe/H] < -0.15),15.3889274,5942.0,0.94,Transit
K2-232 b,K2-232,0.1,0.398,126.49634,-0.40011692792631215,1,Gas Giant (Jupiter-like),Solar-like (-0.15 <= [Fe/H] <= +0.15),11.168454,6154.0,1.188,Transit
K2-233 b,K2-233,-0.082,0.00755124,2.4,-2.1219817263921175,0,Terrestrial (Earth-like),Solar-like (-0.15 <= [Fe/H] <= +0.15),2.467583,4796.0,0.79,Transit
K2-233 c,K2-233,-0.082,0.01447322,4.6,-1.839434836354416,0,Terrestrial (Earth-like),Solar-like (-0.15 <= [Fe/H] <= +0.15),7.06024,4796.0,0.79,Transit
K2-233 d,K2-233,-0.082,0.03240742,10.3,-1.4893555423822795,0,Neptunian / Sub-Neptune,Solar-like (-0.15 <= [Fe/H] <= +0.15),24.3681,4796.0,0.79,Transit
K2-237 b,K2-237,0.337,1.366,434.15360396,0.1354506993455138,1,Gas Giant (Jupiter-like),Metal-rich ([Fe/H] > +0.15),2.18053332,6180.0,1.256,Transit
K2-238 b,K2-238,0.34,0.86,273.3338,-0.06550154875643228,1,Gas Giant (Jupiter-like),Metal-rich ([Fe/H] > +0.15),3.20466,5630.0,1.19,Transit
K2-24 b,K2-24,0.41,0.06481485,20.6,-1.1883254797128953,0,Neptunian / Sub-Neptune,Metal-rich ([Fe/H] > +0.15),20.8895961,5726.0,1.091,Transit
K2-24 c,K2-24,0.41,0.05160017,16.4,-1.287348867559992,0,Neptunian / Sub-Neptune,Metal-rich ([Fe/H] > +0.15),42.34732,5726.0,1.091,Transit
K2-25 b,K2-25,0.15,0.07708562,24.5,-1.1130266302125618,0,Neptunian / Sub-Neptune,Solar-like (-0.15 <= [Fe/H] <= +0.15),3.48456408,3207.0,0.2634,Transit
K2-260 b,K2-260,0.334,1.72,546.66486004,0.2355284469075489,1,Gas Giant (Jupiter-like),Metal-rich ([Fe/H] > +0.15),2.62669762,6860.0,1.637,Transit
K2-261 b,K2-261,0.372,0.217,68.96876432,-0.6635402661514705,1,Gas Giant (Jupiter-like),Metal-rich ([Fe/H] > +0.15),11.6334681,5490.0,1.107,Transit
K2-263 b,K2-263,-0.08,0.04845382,15.4,-1.3146719783753855,0,Neptunian / Sub-Neptune,Solar-like (-0.15 <= [Fe/H] <= +0.15),50.819172,5368.0,0.88,Transit
K2-265 b,K2-265,0.033,0.0231,7.3418362,-1.6363880201078558,0,Terrestrial (Earth-like),Solar-like (-0.15 <= [Fe/H] <= +0.15),2.36902,5420.0,0.901,Transit
K2-266 b,K2-266,-0.12,0.03545236,11.26782377,-1.4503548493141305,0,Neptunian / Sub-Neptune,Solar-like (-0.15 <= [Fe/H] <= +0.15),0.658524,4285.0,0.686,Transit
K2-266 c,K2-266,-0.12,0.00091285,0.29013072,-3.0396005801045347,0,Terrestrial (Earth-like),Solar-like (-0.15 <= [Fe/H] <= +0.15),7.814,4285.0,0.686,Transit
K2-266 d,K2-266,-0.12,0.02800239,8.9,-1.5528049001036572,0,Terrestrial (Earth-like),Solar-like (-0.15 <= [Fe/H] <= +0.15),14.697,4285.0,0.686,Transit
K2-266 e,K2-266,-0.12,0.04499261,14.3,-1.3468588128864452,0,Neptunian / Sub-Neptune,Solar-like (-0.15 <= [Fe/H] <= +0.15),19.482,4285.0,0.686,Transit
K2-27 b,K2-27,0.12,0.09501983,30.2,-1.022185750912477,0,Neptunian / Sub-Neptune,Solar-like (-0.15 <= [Fe/H] <= +0.15),6.771347,5246.0,0.88,Transit
K2-280 b,K2-280,0.33,0.11672965,37.1,-0.9328188166550971,1,Gas Giant (Jupiter-like),Metal-rich ([Fe/H] > +0.15),19.89526,5500.0,1.03,Transit
K2-285 b,K2-285,0.0,0.03045653,9.68,-1.5163195786000245,0,Terrestrial (Earth-like),Solar-like (-0.15 <= [Fe/H] <= +0.15),3.471745,4975.0,0.83,Transit
K2-285 c,K2-285,0.0,0.04933455,15.68,-1.3068488288158377,0,Neptunian / Sub-Neptune,Solar-like (-0.15 <= [Fe/H] <= +0.15),7.138048,4975.0,0.83,Transit
K2-285 d,K2-285,0.0,0.02045118,6.5,-1.6892816288447035,0,Terrestrial (Earth-like),Solar-like (-0.15 <= [Fe/H] <= +0.15),10.45582,4975.0,0.83,Transit
K2-285 e,K2-285,0.0,0.0336658,10.7,-1.4728110609388714,0,Neptunian / Sub-Neptune,Solar-like (-0.15 <= [Fe/H] <= +0.15),14.76289,4975.0,0.83,Transit
K2-287 b,K2-287,0.2,0.315,100.11645,-0.5016894462103995,1,Gas Giant (Jupiter-like),Metal-rich ([Fe/H] > +0.15),14.893291,5695.0,1.056,Transit
K2-29 b,K2-29,0.16,0.73,232.0159,-0.1366771398795441,1,Gas Giant (Jupiter-like),Metal-rich ([Fe/H] > +0.15),3.2588321,5358.0,0.94,Transit
K2-290 b,K2-290,-0.06,0.03429506,10.9,-1.4647684329965973,0,Neptunian / Sub-Neptune,Solar-like (-0.15 <= [Fe/H] <= +0.15),9.21165,6302.0,1.194,Transit
K2-290 c,K2-290,-0.06,0.774,246.00042,-0.11125903931710739,1,Gas Giant (Jupiter-like),Solar-like (-0.15 <= [Fe/H] <= +0.15),48.36685,6302.0,1.194,Transit
K2-291 b,K2-291,0.08,0.02041972,6.49,-1.6899502173562904,0,Terrestrial (Earth-like),Solar-like (-0.15 <= [Fe/H] <= +0.15),2.225177,5520.0,0.934,Transit
K2-292 b,K2-292,0.07,0.07708523,24.5,-1.113028827448264,0,Neptunian / Sub-Neptune,Solar-like (-0.15 <= [Fe/H] <= +0.15),16.9841,5725.0,1.0,Transit
K2-295 b,K2-295,0.14,0.335,106.47305,-0.47495519296315475,1,Gas Giant (Jupiter-like),Solar-like (-0.15 <= [Fe/H] <= +0.15),4.024867,4444.0,0.74,Transit
K2-3 b,K2-3,-0.157,0.01607786,5.11,-1.7937717573313805,0,Terrestrial (Earth-like),Metal-poor ([Fe/H] < -0.15),10.0546535,3844.0,0.549,Transit
K2-3 c,K2-3,-0.157,0.00843222,2.68,-2.0740580710665846,0,Terrestrial (Earth-like),Metal-poor ([Fe/H] < -0.15),24.646729,3844.0,0.549,Transit
K2-3 d,K2-3,-0.157,0.00692197,2.2,-2.159770287281517,0,Terrestrial (Earth-like),Metal-poor ([Fe/H] < -0.15),44.55603,3844.0,0.549,Transit
K2-30 b,K2-30,-0.15,0.579,184.02357,-0.23732143627256383,1,Gas Giant (Jupiter-like),Solar-like (-0.15 <= [Fe/H] <= +0.15),4.098503,5425.0,0.9,Transit
K2-31 b,K2-31,0.08,1.774,563.83042,0.2489536154957076,1,Gas Giant (Jupiter-like),Solar-like (-0.15 <= [Fe/H] <= +0.15),1.25785,5280.0,0.91,Transit
K2-312 c,HD 80653,0.255,5.29,1681.31227303,0.7234556720351858,1,Gas Giant (Jupiter-like),Metal-rich ([Fe/H] > +0.15),871.32,5959.0,1.15,Radial Velocity
K2-32 b,K2-32,-0.06,0.04719528,15.0,-1.3261014329857197,0,Neptunian / Sub-Neptune,Solar-like (-0.15 <= [Fe/H] <= +0.15),8.992,5271.0,0.83,Transit
K2-32 c,K2-32,-0.06,0.02548545,8.1,-1.5937076936118062,0,Terrestrial (Earth-like),Solar-like (-0.15 <= [Fe/H] <= +0.15),20.66093,5271.0,0.83,Transit
K2-32 d,K2-32,-0.06,0.02108056,6.7,-1.6761178563779209,0,Terrestrial (Earth-like),Solar-like (-0.15 <= [Fe/H] <= +0.15),31.71701,5271.0,0.83,Transit
K2-32 e,K2-32,-0.06,0.00660734,2.1,-2.179973344724202,0,Terrestrial (Earth-like),Solar-like (-0.15 <= [Fe/H] <= +0.15),4.34934,5271.0,0.83,Transit
K2-329 b,K2-329,0.098,0.26,82.6358,-0.585026652029182,1,Gas Giant (Jupiter-like),Solar-like (-0.15 <= [Fe/H] <= +0.15),12.4551225,5282.0,0.901,Transit
K2-360 c,EPIC 201595106,0.01,0.04791894,15.23,-1.3194927974059412,0,Neptunian / Sub-Neptune,Solar-like (-0.15 <= [Fe/H] <= +0.15),9.79692,5679.0,0.958,Radial Velocity
K2-37 d,K2-37,-0.08,0.0393294,12.5,-1.4052826790333446,0,Neptunian / Sub-Neptune,Solar-like (-0.15 <= [Fe/H] <= +0.15),14.09229,5352.0,0.84,Transit
K2-370 b,K2-370,0.08,0.03492451,11.1,-1.4568696784360848,0,Neptunian / Sub-Neptune,Solar-like (-0.15 <= [Fe/H] <= +0.15),2.1408093,5662.0,0.962,Transit
K2-38 b,K2-38,0.26,0.02296837,7.3,-1.6388698243575963,0,Terrestrial (Earth-like),Metal-rich ([Fe/H] > +0.15),4.01593,5731.0,1.03,Transit
K2-38 c,K2-38,0.26,0.02611472,8.3,-1.5831146262737361,0,Terrestrial (Earth-like),Metal-rich ([Fe/H] > +0.15),10.56103,5731.0,1.03,Transit
K2-39 b,K2-39,0.32,0.09,28.6047,-1.0457574905606752,0,Neptunian / Sub-Neptune,Metal-rich ([Fe/H] > +0.15),4.60543,4881.0,0.66,Transit
K2-415 b,K2-415,-0.13,0.02359764,7.5,-1.627131428649701,0,Terrestrial (Earth-like),Solar-like (-0.15 <= [Fe/H] <= +0.15),4.0179694,3173.0,0.1635,Transit
K2-419 A b,K2-419 A,-0.11,0.617,196.0,-0.20971483596675833,1,Gas Giant (Jupiter-like),Solar-like (-0.15 <= [Fe/H] <= +0.15),20.35847252,3711.0,0.562,Transit
K2-55 b,K2-55,0.376,0.13843948,44.0,-0.858740040651781,1,Gas Giant (Jupiter-like),Metal-rich ([Fe/H] > +0.15),2.849271,4300.0,0.688,Transit
K2-60 b,K2-60,0.01,0.426,135.39558,-0.37059040089728107,1,Gas Giant (Jupiter-like),Solar-like (-0.15 <= [Fe/H] <= +0.15),3.00265,5500.0,0.97,Transit
K2-66 b,K2-66,-0.047,0.06701696,21.3,-1.1738152763689809,0,Neptunian / Sub-Neptune,Solar-like (-0.15 <= [Fe/H] <= +0.15),5.06963,5887.0,1.11,Transit
K2-73 b,K2-73,0.04,0.02894644,9.2,-1.5384048406904347,0,Terrestrial (Earth-like),Solar-like (-0.15 <= [Fe/H] <= +0.15),7.49556,5867.0,1.02,Transit
K2-73 c,K2-73,0.04,3.59313383,1142.0,0.5554733932547746,1,Gas Giant (Jupiter-like),Solar-like (-0.15 <= [Fe/H] <= +0.15),1000.0,5867.0,1.02,Radial Velocity
K2-79 b,K2-79,0.035,0.01856348,5.9,-1.7313406055349285,0,Terrestrial (Earth-like),Solar-like (-0.15 <= [Fe/H] <= +0.15),10.995039,5897.0,1.06,Transit
K2-85 b,K2-85,0.14,0.01006833,3.2,-1.997042558436516,0,Terrestrial (Earth-like),Solar-like (-0.15 <= [Fe/H] <= +0.15),0.68453862616,4232.0,0.7,Transit
K2-97 b,K2-97,0.328,0.549,174.48779544,-0.26042765554990804,1,Gas Giant (Jupiter-like),Metal-rich ([Fe/H] > +0.15),8.407115,4673.0,1.17,Transit
K2-98 b,K2-98,-0.044,0.107,34.00763955,-0.9706162223147904,1,Gas Giant (Jupiter-like),Solar-like (-0.15 <= [Fe/H] <= +0.15),10.1367349,6260.0,1.246,Transit
K2-99 b,K2-99,0.2,0.87,276.51071409,-0.060480747381381476,1,Gas Giant (Jupiter-like),Metal-rich ([Fe/H] > +0.15),18.24783,6069.0,1.44,Transit
K2-99 c,K2-99,0.2,8.4,2669.7586188,0.9242792860618817,1,Gas Giant (Jupiter-like),Metal-rich ([Fe/H] > +0.15),522.2,6069.0,1.44,Radial Velocity
KELT-1 b,KELT-1,0.052,27.23,8654.15,1.4350476413399647,1,Gas Giant (Jupiter-like),Solar-like (-0.15 <= [Fe/H] <= +0.15),1.217514,6516.0,1.335,Transit
KELT-10 b,KELT-10,0.09,0.679,215.80657,-0.1681302257194983,1,Gas Giant (Jupiter-like),Solar-like (-0.15 <= [Fe/H] <= +0.15),4.1662739,5948.0,1.112,Transit
KELT-11 b,KELT-11,0.17,0.205,65.15482343,-0.6882461389442457,1,Gas Giant (Jupiter-like),Metal-rich ([Fe/H] > +0.15),4.73620865,5375.0,1.44,Transit
KELT-12 b,KELT-12,0.19,0.95,301.9385,-0.022276394711152253,1,Gas Giant (Jupiter-like),Metal-rich ([Fe/H] > +0.15),5.031623,6279.0,1.591,Transit
KELT-14 b,KELT-14,0.32,1.284,408.09372,0.10856502373283448,1,Gas Giant (Jupiter-like),Metal-rich ([Fe/H] > +0.15),1.7100566,5720.0,1.239,Transit
KELT-15 b,KELT-15,0.05,1.31,416.3573,0.11727129565576427,1,Gas Giant (Jupiter-like),Solar-like (-0.15 <= [Fe/H] <= +0.15),3.32944,6003.0,2.06,Transit
KELT-16 b,KELT-16,-0.002,2.75,874.0325,0.43933269383026263,1,Gas Giant (Jupiter-like),Solar-like (-0.15 <= [Fe/H] <= +0.15),0.9689951,6236.0,1.211,Transit
KELT-17 b,KELT-17,-0.018,1.31,416.3573,0.11727129565576427,1,Gas Giant (Jupiter-like),Solar-like (-0.15 <= [Fe/H] <= +0.15),3.0801716,7454.0,1.635,Transit
KELT-18 b,KELT-18,0.09,1.18,375.0394,0.07188200730612536,1,Gas Giant (Jupiter-like),Solar-like (-0.15 <= [Fe/H] <= +0.15),2.8717518,6670.0,1.524,Transit
KELT-19 A b,KELT-19 A,-0.12,4.07,1293.5681,0.60959440922522,1,Gas Giant (Jupiter-like),Solar-like (-0.15 <= [Fe/H] <= +0.15),4.6117093,7500.0,1.62,Transit
KELT-2 A b,KELT-2 A,0.0,1.7,540.311,0.2304489213782739,1,Gas Giant (Jupiter-like),Solar-like (-0.15 <= [Fe/H] <= +0.15),4.11379,6327.0,1.54,Transit
KELT-20 b,KELT-20,-0.29,3.382,1074.90106,0.5291736032617229,1,Gas Giant (Jupiter-like),Metal-poor ([Fe/H] < -0.15),3.4741085,8720.0,1.76,Transit
KELT-21 b,KELT-21,-0.405,3.91,1242.7153,0.5921767573958668,1,Gas Giant (Jupiter-like),Metal-poor ([Fe/H] < -0.15),3.6127647,7598.0,1.458,Transit
KELT-23 A b,KELT-23 A,-0.105,0.938,298.12454,-0.027797161620935564,1,Gas Giant (Jupiter-like),Solar-like (-0.15 <= [Fe/H] <= +0.15),2.255251,5899.0,0.944,Transit
KELT-24 b,KELT-24,0.138,4.59,1458.83238813,0.6618126855372612,1,Gas Giant (Jupiter-like),Solar-like (-0.15 <= [Fe/H] <= +0.15),5.55149296,6426.0,1.268,Transit
KELT-3 b,KELT-3,0.05,1.94,616.5902,0.287801729930226,1,Gas Giant (Jupiter-like),Solar-like (-0.15 <= [Fe/H] <= +0.15),2.70339,6304.0,1.96,Transit
KELT-4 A b,KELT-4 A,-0.116,0.902,286.68266,-0.04479346245805826,1,Gas Giant (Jupiter-like),Solar-like (-0.15 <= [Fe/H] <= +0.15),2.9895932,6206.0,1.201,Transit
KELT-6 b,KELT-6,-0.28,0.52,165.2716,-0.28399665636520083,1,Gas Giant (Jupiter-like),Metal-poor ([Fe/H] < -0.15),7.8457,6102.0,1.42,Transit
KELT-6 c,KELT-6,-0.27,3.71,1179.1493,0.5693739096150459,1,Gas Giant (Jupiter-like),Metal-poor ([Fe/H] < -0.15),1276.0,6272.0,1.126,Radial Velocity
KELT-7 b,KELT-7,0.0,1.39,441.7837,0.14301480025409505,1,Gas Giant (Jupiter-like),Solar-like (-0.15 <= [Fe/H] <= +0.15),2.73477,6768.0,1.76,Transit
KELT-8 b,KELT-8,0.27,0.66,209.7678,-0.1804560644581313,1,Gas Giant (Jupiter-like),Metal-rich ([Fe/H] > +0.15),3.24406,5754.0,0.81,Transit
KELT-9 b,KELT-9,0.07,2.88,915.34581216,0.45939248775923086,1,Gas Giant (Jupiter-like),Solar-like (-0.15 <= [Fe/H] <= +0.15),1.4811235,9270.0,2.32,Transit
KIC 10068024 b,KIC 10068024,0.01,2.0,635.656814,0.3010299956639812,1,Gas Giant (Jupiter-like),Solar-like (-0.15 <= [Fe/H] <= +0.15),2.073549,6118.4,1.22,Orbital Brightness Modulation
KIC 3526061 b,KIC 3526061,0.12,18.15,5768.58558705,1.2588766293721312,1,Gas Giant (Jupiter-like),Solar-like (-0.15 <= [Fe/H] <= +0.15),3552.0,4829.0,1.42,Radial Velocity
KIC 5479689 b,KIC 5479689,0.161,0.5,158.9142035,-0.3010299956639812,1,Gas Giant (Jupiter-like),Metal-rich ([Fe/H] > +0.15),1.701531,5459.1,0.966,Orbital Brightness Modulation
KIC 7917485 b,KIC 7917485,-0.02,11.8,3750.394,1.0718820073061255,1,Gas Giant (Jupiter-like),Solar-like (-0.15 <= [Fe/H] <= +0.15),840.0,7067.0,1.63,Pulsation Timing Variations
KIC 8121913 b,KIC 8121913,0.252,2.1,667.4396547,0.3222192947339193,1,Gas Giant (Jupiter-like),Metal-rich ([Fe/H] > +0.15),3.294601,5975.3,1.456,Orbital Brightness Modulation
KOBE-1 b,KOBE-1,-0.01,0.0276879,8.8,-1.5577099822463838,0,Terrestrial (Earth-like),Solar-like (-0.15 <= [Fe/H] <= +0.15),8.5399,4135.0,0.629,Radial Velocity
KOBE-1 c,KOBE-1,-0.01,0.03901476,12.4,-1.4087710603105694,0,Neptunian / Sub-Neptune,Solar-like (-0.15 <= [Fe/H] <= +0.15),29.671,4135.0,0.629,Radial Velocity
KOI-1257 b,KOI-1257,0.27,1.45,460.83,0.16136800223497488,1,Gas Giant (Jupiter-like),Metal-rich ([Fe/H] > +0.15),86.647661,5520.0,0.99,Transit
KOI-13 b,KOI-13,0.2,9.28,2949.4624,0.967547976218862,1,Gas Giant (Jupiter-like),Metal-rich ([Fe/H] > +0.15),1.763588,7650.0,1.72,Transit
KOI-134 b,KOI-134,0.427,1.09,346.43296363,0.037426497940623665,1,Gas Giant (Jupiter-like),Metal-rich ([Fe/H] > +0.15),67.1277,6160.0,1.407,Transit
KOI-134 c,KOI-134,0.427,0.22,69.92224954,-0.6575773191777937,1,Gas Giant (Jupiter-like),Metal-rich ([Fe/H] > +0.15),33.95,6160.0,1.407,Transit Timing Variations
KOI-142 b,KOI-142,0.27,0.03,9.5,-1.5228787452803376,0,Terrestrial (Earth-like),Metal-rich ([Fe/H] > +0.15),10.91647,5466.0,0.99,Transit
KOI-142 c,KOI-142,0.27,0.674,214.1,-0.17134010346468015,1,Gas Giant (Jupiter-like),Metal-rich ([Fe/H] > +0.15),22.26492,5466.0,0.99,Transit Timing Variations
KOI-1783.01,KOI-1783,0.11,0.22338986,71.0,-0.6509365440493771,1,Gas Giant (Jupiter-like),Solar-like (-0.15 <= [Fe/H] <= +0.15),134.4628,5922.0,1.076,Transit
KOI-1783.02,KOI-1783,0.11,0.04719504,15.0,-1.3261036414892116,0,Neptunian / Sub-Neptune,Solar-like (-0.15 <= [Fe/H] <= +0.15),284.215,5922.0,1.076,Transit
KOI-1843.03,Kepler-974,0.0,0.02517081,8.0,-1.5991028085728076,0,Terrestrial (Earth-like),Solar-like (-0.15 <= [Fe/H] <= +0.15),0.1768913,3584.0,0.46,Transit
KOI-2513.01,KOI-2513,-0.37,23.0,7310.053361,1.3617278360175928,1,Gas Giant (Jupiter-like),Metal-poor ([Fe/H] < -0.15),19.00547,5900.0,0.91,Transit
KOI-319 b,KOI-319,0.16,10.0,3178.28407,1.0,1,Gas Giant (Jupiter-like),Metal-rich ([Fe/H] > +0.15),46.14827,5880.0,1.325,Transit
KOI-319 c,KOI-319,0.16,27.7,8803.8468739,1.4424797690644486,1,Gas Giant (Jupiter-like),Metal-rich ([Fe/H] > +0.15),80.099,5880.0,1.325,Transit Timing Variations
KOI-3680 b,KOI-3680,0.16,1.93,613.4119,0.28555730900777376,1,Gas Giant (Jupiter-like),Metal-rich ([Fe/H] > +0.15),141.241671,5830.0,1.01,Transit
KOI-4777.01,KOI-4777,0.1,0.3121181,99.2,-0.505681045489769,1,Gas Giant (Jupiter-like),Solar-like (-0.15 <= [Fe/H] <= +0.15),0.412,3515.0,0.41,Transit
KOI-94 b,KOI-94,0.0228,0.033,10.5,-1.4814860601221125,0,Neptunian / Sub-Neptune,Solar-like (-0.15 <= [Fe/H] <= +0.15),3.743208,6182.0,1.277,Transit
KOI-94 c,KOI-94,0.0228,0.049,15.6,-1.3098039199714864,0,Neptunian / Sub-Neptune,Solar-like (-0.15 <= [Fe/H] <= +0.15),10.423648,6182.0,1.277,Transit
KOI-94 d,KOI-94,0.0228,0.334,106.0,-0.4762535331884355,1,Gas Giant (Jupiter-like),Solar-like (-0.15 <= [Fe/H] <= +0.15),22.342989,6182.0,1.277,Transit
KOI-94 e,KOI-94,0.0228,0.11,35.0,-0.958607314841775,1,Gas Giant (Jupiter-like),Solar-like (-0.15 <= [Fe/H] <= +0.15),54.32031,6182.0,1.277,Transit
KOI-984 c,KOI-984,0.12,0.66010462,209.8,-0.180387227658224,1,Gas Giant (Jupiter-like),Solar-like (-0.15 <= [Fe/H] <= +0.15),21.512,5295.0,0.928,Transit Timing Variations
KOINTREAU-1 b,XEST 17-036,-0.15,10.6,3368.9811142,1.0253058652647702,1,Gas Giant (Jupiter-like),Solar-like (-0.15 <= [Fe/H] <= +0.15),,3551.0,0.26,Imaging
KOINTREAU-3 b,ISO-Oph 96,-0.05,3.4,1080.6165838,0.5314789170422551,1,Gas Giant (Jupiter-like),Solar-like (-0.15 <= [Fe/H] <= +0.15),,3920.0,,Imaging
KPS-1 b,KPS-1,0.22,1.09,346.4347,0.037426497940623665,1,Gas Giant (Jupiter-like),Metal-rich ([Fe/H] > +0.15),1.706291,5165.0,0.892,Transit
Kapteyn c,Kapteyn,-0.89,0.022,7.0,-1.6575773191777938,0,Terrestrial (Earth-like),Metal-poor ([Fe/H] < -0.15),121.54,3550.0,0.281,Radial Velocity
Kepler-10 b,Kepler-10,-0.15,0.01019418,3.24,-1.9916477022838437,0,Terrestrial (Earth-like),Solar-like (-0.15 <= [Fe/H] <= +0.15),0.8374907,5708.0,0.91,Transit
Kepler-10 c,Kepler-10,-0.15,0.03552231,11.29,-1.4494987999983633,0,Neptunian / Sub-Neptune,Solar-like (-0.15 <= [Fe/H] <= +0.15),45.294301,5708.0,0.91,Transit
Kepler-10 d,Kepler-10,-0.15,0.03775622,12.0,-1.423011492004151,0,Neptunian / Sub-Neptune,Solar-like (-0.15 <= [Fe/H] <= +0.15),151.06,5708.0,0.91,Radial Velocity
Kepler-100 b,Kepler-100,0.1,0.01261687,4.01,-1.8990483717422437,0,Terrestrial (Earth-like),Solar-like (-0.15 <= [Fe/H] <= +0.15),6.88734,5837.0,1.13,Transit
Kepler-100 c,Kepler-100,0.02,0.02218167,7.05,-1.654005760058717,0,Terrestrial (Earth-like),Solar-like (-0.15 <= [Fe/H] <= +0.15),12.8159,5825.0,1.08,Transit
Kepler-100 d,Kepler-100,0.02,0.00943901,3.0,-2.0250735538040274,0,Terrestrial (Earth-like),Solar-like (-0.15 <= [Fe/H] <= +0.15),35.3331,5825.0,1.08,Transit
Kepler-101 b,Kepler-101,0.33,0.16,51.1,-0.7958800173440752,1,Gas Giant (Jupiter-like),Metal-rich ([Fe/H] > +0.15),3.4876812,5667.0,1.17,Transit
Kepler-101 c,Kepler-101,0.33,0.01,3.78,-2.0,0,Terrestrial (Earth-like),Metal-rich ([Fe/H] > +0.15),6.02976,5667.0,1.17,Transit
Kepler-102 b,Kepler-102,0.11,0.00346099,1.1,-2.460799655531383,0,Terrestrial (Earth-like),Solar-like (-0.15 <= [Fe/H] <= +0.15),5.286965,4909.0,0.803,Transit
Kepler-102 c,Kepler-102,0.11,0.0053488,1.7,-2.271743640751507,0,Terrestrial (Earth-like),Solar-like (-0.15 <= [Fe/H] <= +0.15),7.071392,4909.0,0.803,Transit
Kepler-102 d,Kepler-102,0.11,0.00943906,3.0,-2.025071253280288,0,Terrestrial (Earth-like),Solar-like (-0.15 <= [Fe/H] <= +0.15),10.311767,4909.0,0.803,Transit
Kepler-102 e,Kepler-102,0.11,0.01478785,4.7,-1.8300949633263233,0,Terrestrial (Earth-like),Solar-like (-0.15 <= [Fe/H] <= +0.15),16.1456994,4909.0,0.803,Transit
Kepler-102 f,Kepler-102,0.11,0.01352931,4.3,-1.8687243520227652,0,Terrestrial (Earth-like),Solar-like (-0.15 <= [Fe/H] <= +0.15),27.453592,4909.0,0.803,Transit
Kepler-103 b,Kepler-103,0.15,0.03671793,11.67,-1.4351218104478556,0,Neptunian / Sub-Neptune,Solar-like (-0.15 <= [Fe/H] <= +0.15),15.9653287,6047.0,1.212,Transit
Kepler-103 c,Kepler-103,0.15,0.18396719,58.47,-0.7352596252107193,1,Gas Giant (Jupiter-like),Solar-like (-0.15 <= [Fe/H] <= +0.15),179.60978,6047.0,1.212,Transit
Kepler-105 b,Kepler-105,-0.09,0.0339806,10.8,-1.468768957003506,0,Neptunian / Sub-Neptune,Solar-like (-0.15 <= [Fe/H] <= +0.15),5.4122034,5933.0,0.991,Transit
Kepler-105 c,Kepler-105,-0.09,0.01761957,5.6,-1.754004694613298,0,Terrestrial (Earth-like),Solar-like (-0.15 <= [Fe/H] <= +0.15),7.12592,5933.0,0.991,Transit
Kepler-106 b,Kepler-106,-0.12,0.01667558,5.3,-1.777919051779096,0,Terrestrial (Earth-like),Solar-like (-0.15 <= [Fe/H] <= +0.15),6.16486,5858.0,1.0,Transit
Kepler-106 c,Kepler-106,-0.12,0.033,10.44,-1.4814860601221125,0,Neptunian / Sub-Neptune,Solar-like (-0.15 <= [Fe/H] <= +0.15),13.5708,5858.0,1.0,Transit
Kepler-106 d,Kepler-106,-0.12,0.02548532,8.1,-1.5937099089317885,0,Terrestrial (Earth-like),Solar-like (-0.15 <= [Fe/H] <= +0.15),23.9802,5858.0,1.0,Transit
Kepler-106 e,Kepler-106,-0.12,0.035,11.17,-1.4559319556497243,0,Neptunian / Sub-Neptune,Solar-like (-0.15 <= [Fe/H] <= +0.15),43.8445,5858.0,1.0,Transit
Kepler-107 b,Kepler-107,0.321,0.01195614,3.8,-1.9224090082470517,0,Terrestrial (Earth-like),Metal-rich ([Fe/H] > +0.15),3.1800218,5854.0,1.238,Transit
Kepler-107 c,Kepler-107,0.321,0.03146352,10.0,-1.502192692041401,0,Neptunian / Sub-Neptune,Metal-rich ([Fe/H] > +0.15),4.901452,5854.0,1.238,Transit
Kepler-107 d,Kepler-107,0.321,0.02422691,7.7,-1.6157019740393668,0,Terrestrial (Earth-like),Metal-rich ([Fe/H] > +0.15),7.95839,5854.0,1.238,Transit
Kepler-107 e,Kepler-107,0.321,0.04436356,14.1,-1.3529736107122332,0,Neptunian / Sub-Neptune,Metal-rich ([Fe/H] > +0.15),14.749143,5854.0,1.238,Transit
Kepler-109 b,Kepler-109,-0.02,0.01541712,4.9,-1.8119967472270642,0,Terrestrial (Earth-like),Solar-like (-0.15 <= [Fe/H] <= +0.15),6.4816307,5950.0,1.094,Transit
Kepler-109 c,Kepler-109,-0.02,0.02580009,8.2,-1.5883787790586614,0,Terrestrial (Earth-like),Solar-like (-0.15 <= [Fe/H] <= +0.15),21.22265,5950.0,1.094,Transit
Kepler-111 c,Kepler-111,0.237,0.7,222.4798849,-0.1549019599857432,1,Gas Giant (Jupiter-like),Metal-rich ([Fe/H] > +0.15),224.77833,5914.0,1.118,Transit
Kepler-113 b,Kepler-113,0.05,0.037,11.7,-1.431798275933005,0,Neptunian / Sub-Neptune,Solar-like (-0.15 <= [Fe/H] <= +0.15),4.754,4725.0,0.75,Transit
Kepler-113 c,Kepler-113,0.05,0.02737312,8.7,-1.5626756986966015,0,Terrestrial (Earth-like),Solar-like (-0.15 <= [Fe/H] <= +0.15),8.92507,4725.0,0.75,Transit
Kepler-117 b,Kepler-117,-0.04,0.094,29.875,-1.0268721464003014,0,Neptunian / Sub-Neptune,Solar-like (-0.15 <= [Fe/H] <= +0.15),18.7959228,6150.0,1.129,Transit
Kepler-117 c,Kepler-117,-0.04,1.84,584.78,0.2648178230095365,1,Gas Giant (Jupiter-like),Solar-like (-0.15 <= [Fe/H] <= +0.15),50.790391,6150.0,1.129,Transit
Kepler-12 b,Kepler-12,0.07,0.432,137.30256,-0.3645162531850879,1,Gas Giant (Jupiter-like),Solar-like (-0.15 <= [Fe/H] <= +0.15),4.4379629,5947.0,1.166,Transit
Kepler-129 b,Kepler-129,0.29,0.06292704,20.0,-1.2011626963774198,0,Neptunian / Sub-Neptune,Metal-rich ([Fe/H] > +0.15),15.79,5770.0,1.178,Transit
Kepler-129 c,Kepler-129,0.29,0.13529313,43.0,-0.8687242557219708,1,Gas Giant (Jupiter-like),Metal-rich ([Fe/H] > +0.15),82.2,5770.0,1.178,Transit
Kepler-129 d,Kepler-129,0.29,8.3,2637.9757781,0.919078092376074,1,Gas Giant (Jupiter-like),Metal-rich ([Fe/H] > +0.15),2646.0,5770.0,1.178,Radial Velocity
Kepler-131 b,Kepler-131,0.12,0.051,16.13,-1.2924298239020637,0,Neptunian / Sub-Neptune,Solar-like (-0.15 <= [Fe/H] <= +0.15),16.092,5685.0,1.02,Transit
Kepler-131 c,Kepler-131,0.12,0.026,8.25,-1.585026652029182,0,Terrestrial (Earth-like),Solar-like (-0.15 <= [Fe/H] <= +0.15),25.5169,5685.0,1.02,Transit
Kepler-138 b,Kepler-138,-0.18,0.00022024,0.07,-3.6571038016147264,0,Terrestrial (Earth-like),Metal-poor ([Fe/H] < -0.15),10.3134,3841.0,0.535,Transit
Kepler-138 c,Kepler-138,-0.18,0.00723661,2.3,-2.140464832018397,0,Terrestrial (Earth-like),Metal-poor ([Fe/H] < -0.15),13.7815,3841.0,0.535,Transit
Kepler-138 d,Kepler-138,-0.18,0.00660734,2.1,-2.179973344724202,0,Terrestrial (Earth-like),Metal-poor ([Fe/H] < -0.15),23.0923,3841.0,0.535,Transit
Kepler-138 e,Kepler-138,-0.18,0.00135293,0.43,-2.8687246730255676,0,Terrestrial (Earth-like),Metal-poor ([Fe/H] < -0.15),38.23,3841.0,0.535,Transit Timing Variations
Kepler-139 f,Kepler-139,0.35,0.11326867,36.0,-0.9458901989425091,1,Gas Giant (Jupiter-like),Metal-rich ([Fe/H] > +0.15),355.0,5630.0,1.078,Transit Timing Variations
Kepler-14 b,Kepler-14,0.12,8.4,2669.66,0.9242792860618817,1,Gas Giant (Jupiter-like),Solar-like (-0.15 <= [Fe/H] <= +0.15),6.790123,6395.0,1.512,Transit
Kepler-15 b,Kepler-15,0.36,0.66,209.76,-0.1804560644581313,1,Gas Giant (Jupiter-like),Metal-rich ([Fe/H] > +0.15),4.942782,5515.0,1.018,Transit
Kepler-1513 b,Kepler-1513,0.17,0.152,48.30991786,-0.8181564120552275,1,Gas Giant (Jupiter-like),Metal-rich ([Fe/H] > +0.15),160.8842,5491.0,0.943,Transit
Kepler-1513 c,Kepler-1513,0.17,0.266,84.54235626,-0.575118363368933,1,Gas Giant (Jupiter-like),Metal-rich ([Fe/H] > +0.15),841.4,5491.0,0.943,Transit Timing Variations
Kepler-1514 b,Kepler-1514,0.119,5.28,1678.1424,0.7226339225338123,1,Gas Giant (Jupiter-like),Solar-like (-0.15 <= [Fe/H] <= +0.15),217.83184,6145.0,1.196,Transit
Kepler-16 b,Kepler-16,-0.3,0.333,105.833,-0.4775557664936801,1,Gas Giant (Jupiter-like),Metal-poor ([Fe/H] < -0.15),228.776,4450.0,0.6897,Transit
Kepler-1647 b,Kepler-1647,-0.14,1.51968033,483.0,0.18175224220938604,1,Gas Giant (Jupiter-like),Solar-like (-0.15 <= [Fe/H] <= +0.15),1107.5923,6210.0,1.2207,Transit
Kepler-1654 b,Kepler-1654,-0.088,0.5,158.915,-0.3010299956639812,1,Gas Giant (Jupiter-like),Solar-like (-0.15 <= [Fe/H] <= +0.15),1047.8356,5597.0,1.011,Transit
Kepler-1655 b,Kepler-1655,-0.24,0.0169903,5.4,-1.7697989526674873,0,Terrestrial (Earth-like),Metal-poor ([Fe/H] < -0.15),11.8728787,6148.0,1.03,Transit
Kepler-1661 b,Kepler-1661,-0.12,0.05348771,17.0,-1.2717459954056567,0,Neptunian / Sub-Neptune,Solar-like (-0.15 <= [Fe/H] <= +0.15),175.06,5100.0,0.841,Transit
Kepler-167 e,Kepler-167,0.02,1.01,321.00669107,0.004321373782642578,1,Gas Giant (Jupiter-like),Solar-like (-0.15 <= [Fe/H] <= +0.15),1071.23205,4884.0,0.777,Transit
Kepler-17 b,Kepler-17,0.26,2.45,778.65,0.3891660843645325,1,Gas Giant (Jupiter-like),Metal-rich ([Fe/H] > +0.15),1.4857108,5781.0,1.04,Transit
Kepler-1704 b,Kepler-1704,0.196,4.16,1322.16617312,0.6190933306267428,1,Gas Giant (Jupiter-like),Metal-rich ([Fe/H] > +0.15),988.88112,5746.0,1.132,Transit
Kepler-1705 b,Kepler-1705,-0.2,0.01406419,4.47,-1.8518852751347668,0,Terrestrial (Earth-like),Metal-poor ([Fe/H] < -0.15),9.03502,6312.0,1.139,Transit
Kepler-1705 c,Kepler-1705,-0.2,0.01705323,5.42,-1.7681933504943066,0,Terrestrial (Earth-like),Metal-poor ([Fe/H] < -0.15),11.28,6312.0,1.139,Transit
Kepler-1708 b,Kepler-1708,0.0,4.6,1462.0106722,0.6627578316815741,1,Gas Giant (Jupiter-like),Solar-like (-0.15 <= [Fe/H] <= +0.15),737.1131,6157.0,1.088,Transit
Kepler-177 b,Kepler-177,-0.11,0.0183746,5.84,-1.735782106376208,0,Terrestrial (Earth-like),Solar-like (-0.15 <= [Fe/H] <= +0.15),36.8601,5732.0,0.921,Transit
Kepler-177 c,Kepler-177,-0.11,0.04625114,14.7,-1.334877558284781,0,Neptunian / Sub-Neptune,Solar-like (-0.15 <= [Fe/H] <= +0.15),49.40926,5732.0,0.921,Transit
Kepler-18 b,Kepler-18,0.19,0.022,6.9,-1.6575773191777938,0,Terrestrial (Earth-like),Metal-rich ([Fe/H] > +0.15),3.504725,5345.0,0.972,Transit
Kepler-18 c,Kepler-18,0.19,0.054,17.3,-1.2676062401770316,0,Neptunian / Sub-Neptune,Metal-rich ([Fe/H] > +0.15),7.64159,5345.0,0.972,Transit
Kepler-18 d,Kepler-18,0.19,0.052,16.4,-1.2839966563652008,0,Neptunian / Sub-Neptune,Metal-rich ([Fe/H] > +0.15),14.85888,5345.0,0.972,Transit
Kepler-1876 b,Kepler-1876,0.01,0.00755124,2.4,-2.1219817263921175,0,Terrestrial (Earth-like),Solar-like (-0.15 <= [Fe/H] <= +0.15),6.99205,6104.0,1.187,Transit
Kepler-19 b,Kepler-19,-0.13,0.01919275,6.1,-1.7168627936720928,0,Terrestrial (Earth-like),Solar-like (-0.15 <= [Fe/H] <= +0.15),9.28699,5541.0,0.936,Transit
Kepler-19 c,Kepler-19,-0.08,0.041217,13.1,-1.384923621747977,0,Neptunian / Sub-Neptune,Solar-like (-0.15 <= [Fe/H] <= +0.15),28.731,5544.0,0.936,Transit Timing Variations
Kepler-19 d,Kepler-19,-0.08,0.07079256,22.5,-1.1500123824335302,0,Neptunian / Sub-Neptune,Solar-like (-0.15 <= [Fe/H] <= +0.15),62.95,5544.0,0.936,Radial Velocity
Kepler-1972 b,Kepler-1972,0.23,0.00635563,2.02,-2.196841393660309,0,Terrestrial (Earth-like),Metal-rich ([Fe/H] > +0.15),7.54425,5818.0,1.12,Transit
Kepler-1972 c,Kepler-1972,0.23,0.0066388,2.11,-2.1779104146795927,0,Terrestrial (Earth-like),Metal-rich ([Fe/H] > +0.15),11.3295,5818.0,1.12,Transit
Kepler-20 b,Kepler-20,0.07,0.03051961,9.7,-1.5154210203872138,0,Terrestrial (Earth-like),Solar-like (-0.15 <= [Fe/H] <= +0.15),3.6961049,5495.0,0.929,Transit
Kepler-20 c,Kepler-20,0.07,0.03492451,11.1,-1.4568696784360848,0,Neptunian / Sub-Neptune,Solar-like (-0.15 <= [Fe/H] <= +0.15),10.8540774,5495.0,0.929,Transit
Kepler-20 d,Kepler-20,0.07,0.04216111,13.4,-1.3750879637222406,0,Neptunian / Sub-Neptune,Solar-like (-0.15 <= [Fe/H] <= +0.15),77.611455,5495.0,0.929,Transit
Kepler-20 e,Kepler-20,0.07,0.00239123,0.76,-2.621378649343513,0,Terrestrial (Earth-like),Solar-like (-0.15 <= [Fe/H] <= +0.15),6.0984882,5495.0,0.929,Transit
Kepler-20 f,Kepler-20,0.07,0.00440489,1.4,-2.356064932425485,0,Terrestrial (Earth-like),Solar-like (-0.15 <= [Fe/H] <= +0.15),19.578328,5495.0,0.929,Transit
Kepler-20 g,Kepler-20,0.07,0.06280087,19.96,-1.2020343398044901,0,Neptunian / Sub-Neptune,Solar-like (-0.15 <= [Fe/H] <= +0.15),34.94,5495.0,0.948,Radial Velocity
Kepler-21 b,Kepler-21,-0.03,0.02359764,7.5,-1.627131428649701,0,Terrestrial (Earth-like),Solar-like (-0.15 <= [Fe/H] <= +0.15),2.7858212,6305.0,1.408,Transit
Kepler-22 b,Kepler-22,-0.255,0.0286318,9.1,-1.543151348258725,0,Terrestrial (Earth-like),Metal-poor ([Fe/H] < -0.15),289.863876,5596.0,0.857,Transit
Kepler-247 d,Kepler-247,0.21,0.15731759,50.0,-0.8032227153116065,1,Gas Giant (Jupiter-like),Metal-rich ([Fe/H] > +0.15),20.4737,5094.0,0.884,Transit
Kepler-26 b,Kepler-26,-0.13,0.01610924,5.12,-1.7929249481960507,0,Terrestrial (Earth-like),Solar-like (-0.15 <= [Fe/H] <= +0.15),12.28,3914.0,0.544,Transit
Kepler-26 c,Kepler-26,-0.13,0.01950728,6.2,-1.709803282288874,0,Terrestrial (Earth-like),Solar-like (-0.15 <= [Fe/H] <= +0.15),17.2559,3914.0,0.544,Transit
Kepler-27 b,Kepler-27,0.41,9.11,2895.31,0.9595183769729982,1,Gas Giant (Jupiter-like),Metal-rich ([Fe/H] > +0.15),15.3348,5400.0,0.65,Transit
Kepler-27 c,Kepler-27,0.41,13.8,4385.87,1.1398790864012365,1,Gas Giant (Jupiter-like),Metal-rich ([Fe/H] > +0.15),31.3309,5400.0,0.65,Transit
Kepler-278 b,Kepler-278,0.22,0.1761957,56.0,-0.7540046946132981,1,Gas Giant (Jupiter-like),Metal-rich ([Fe/H] > +0.15),30.1556,4965.0,1.227,Transit
Kepler-278 c,Kepler-278,0.22,0.10980768,34.9,-0.9593672840664439,1,Gas Giant (Jupiter-like),Metal-rich ([Fe/H] > +0.15),51.111,4965.0,1.227,Transit
Kepler-289 b,Kepler-289,0.05,0.0116415,3.7,-1.933991057508113,0,Terrestrial (Earth-like),Solar-like (-0.15 <= [Fe/H] <= +0.15),34.5383,5990.0,1.08,Transit
Kepler-289 c,Kepler-289,0.05,0.49,157.18,-0.3098039199714863,1,Gas Giant (Jupiter-like),Solar-like (-0.15 <= [Fe/H] <= +0.15),125.8723,5990.0,1.08,Transit
Kepler-289 d,Kepler-289,0.05,0.01677006,5.33,-1.7754653835702827,0,Terrestrial (Earth-like),Solar-like (-0.15 <= [Fe/H] <= +0.15),66.0282,5990.0,1.08,Transit
Kepler-29 b,Kepler-29,-0.44,0.01573168,5.0,-1.803224896208874,0,Terrestrial (Earth-like),Metal-poor ([Fe/H] < -0.15),10.33974,5378.0,0.761,Transit
Kepler-29 c,Kepler-29,-0.44,0.01415851,4.5,-1.8489824481170287,0,Terrestrial (Earth-like),Metal-poor ([Fe/H] < -0.15),13.28613,5378.0,0.761,Transit
Kepler-30 b,Kepler-30,0.18,0.036,11.3,-1.4436974992327127,0,Neptunian / Sub-Neptune,Metal-rich ([Fe/H] > +0.15),29.33434,5498.0,0.99,Transit
Kepler-30 c,Kepler-30,0.18,2.01,640.0,0.30319605742048883,1,Gas Giant (Jupiter-like),Metal-rich ([Fe/H] > +0.15),60.323105,5498.0,0.99,Transit
Kepler-30 d,Kepler-30,0.18,0.073,23.1,-1.136677139879544,0,Neptunian / Sub-Neptune,Metal-rich ([Fe/H] > +0.15),143.34394,5498.0,0.99,Transit
Kepler-307 b,Kepler-307,0.19,0.02340874,7.44,-1.630621962030588,0,Terrestrial (Earth-like),Metal-rich ([Fe/H] > +0.15),10.4208,5367.0,0.907,Transit
Kepler-307 c,Kepler-307,0.19,0.01145266,3.64,-1.9410936321751737,0,Terrestrial (Earth-like),Metal-rich ([Fe/H] > +0.15),13.0729,5367.0,0.907,Transit
Kepler-31 c,Kepler-31,-0.076,4.7,1493.7,0.6720978579357175,1,Gas Giant (Jupiter-like),Solar-like (-0.15 <= [Fe/H] <= +0.15),42.6318,6340.0,1.21,Transit
Kepler-31 d,Kepler-31,-0.076,6.8,2161.244,0.8325089127062363,1,Gas Giant (Jupiter-like),Solar-like (-0.15 <= [Fe/H] <= +0.15),87.6451,6340.0,1.21,Transit
Kepler-32 b,Kepler-32,0.0,4.1,1303.0,0.6127838567197355,1,Gas Giant (Jupiter-like),Solar-like (-0.15 <= [Fe/H] <= +0.15),5.90124,3900.0,0.58,Transit
Kepler-32 c,Kepler-32,0.0,0.5,158.9,-0.3010299956639812,1,Gas Giant (Jupiter-like),Solar-like (-0.15 <= [Fe/H] <= +0.15),8.7522,3900.0,0.58,Transit
Kepler-323 b,Kepler-323,-0.14,0.01227077,3.9,-1.9111281841141767,0,Terrestrial (Earth-like),Solar-like (-0.15 <= [Fe/H] <= +0.15),1.678328,6004.0,1.015,Transit
Kepler-323 c,Kepler-323,-0.14,0.02139519,6.8,-1.6696838524104682,0,Terrestrial (Earth-like),Solar-like (-0.15 <= [Fe/H] <= +0.15),3.5538229,6004.0,1.015,Transit
Kepler-34 b,Kepler-34,-0.07,0.22,69.92,-0.6575773191777937,1,Gas Giant (Jupiter-like),Solar-like (-0.15 <= [Fe/H] <= +0.15),288.822,5913.0,1.0479,Transit
Kepler-35 b,Kepler-35,-0.34,0.127,40.363,-0.8961962790440431,1,Gas Giant (Jupiter-like),Metal-poor ([Fe/H] < -0.15),131.458,5606.0,0.8877,Transit
Kepler-36 b,Kepler-36,-0.18,0.01205047,3.83,-1.9189960141326095,0,Terrestrial (Earth-like),Metal-poor ([Fe/H] < -0.15),13.86825,5979.0,1.034,Transit
Kepler-36 c,Kepler-36,-0.18,0.02243338,7.13,-1.6491052870608531,0,Terrestrial (Earth-like),Metal-poor ([Fe/H] < -0.15),16.21865,5979.0,1.034,Transit
Kepler-37 b,Kepler-37,-0.36,0.00248562,0.79,-2.6045652652830573,0,Terrestrial (Earth-like),Metal-poor ([Fe/H] < -0.15),13.36702,5357.0,0.79,Transit
Kepler-37 c,Kepler-37,-0.36,0.00409026,1.3,-2.3882490849079607,0,Terrestrial (Earth-like),Metal-poor ([Fe/H] < -0.15),21.301848,5357.0,0.79,Transit
Kepler-37 d,Kepler-37,-0.36,0.0062927,2.0,-2.201162972439742,0,Terrestrial (Earth-like),Metal-poor ([Fe/H] < -0.15),39.7922622,5357.0,0.79,Transit
Kepler-38 b,Kepler-38,-0.11,0.384,122.0,-0.4156687756324692,1,Gas Giant (Jupiter-like),Solar-like (-0.15 <= [Fe/H] <= +0.15),105.599,5623.0,0.941,Transit
Kepler-39 b,Kepler-39,0.1,20.1,6388.1,1.3031960574204888,1,Gas Giant (Jupiter-like),Solar-like (-0.15 <= [Fe/H] <= +0.15),21.08721,6350.0,1.29,Transit
Kepler-391 b,Kepler-391,0.04,3.46098705,1100.0,0.5391999742943986,1,Gas Giant (Jupiter-like),Solar-like (-0.15 <= [Fe/H] <= +0.15),7.4175,5038.0,1.27,Transit
Kepler-391 c,Kepler-391,0.04,1.41585834,450.0,0.15101980332979334,1,Gas Giant (Jupiter-like),Solar-like (-0.15 <= [Fe/H] <= +0.15),20.501,5038.0,1.27,Transit
Kepler-4 b,Kepler-4,0.17,0.077,24.472,-1.1135092748275182,0,Neptunian / Sub-Neptune,Metal-rich ([Fe/H] > +0.15),3.21346,5857.0,1.223,Transit
Kepler-40 b,Kepler-40,0.1,2.2,699.2,0.3424226808222063,1,Gas Giant (Jupiter-like),Solar-like (-0.15 <= [Fe/H] <= +0.15),6.87349,6510.0,1.48,Transit
Kepler-406 b,Kepler-406,0.18,0.02,6.35,-1.6989700043360187,0,Terrestrial (Earth-like),Metal-rich ([Fe/H] > +0.15),2.42629,5538.0,1.07,Transit
Kepler-406 c,Kepler-406,0.18,0.009,2.71,-2.0457574905606752,0,Terrestrial (Earth-like),Metal-rich ([Fe/H] > +0.15),4.62332,5538.0,1.07,Transit
Kepler-407 b,Kepler-407,0.35,0.00607246,1.93,-2.216635337261653,0,Terrestrial (Earth-like),Metal-rich ([Fe/H] > +0.15),0.6693124,5487.0,0.99,Transit
Kepler-407 c,Kepler-407,0.33,12.6,4000.0,1.100370545117563,1,Gas Giant (Jupiter-like),Metal-rich ([Fe/H] > +0.15),3000.0,5476.0,1.0,Radial Velocity
Kepler-408 b,Kepler-408,-0.2,0.01573168,5.0,-1.803224896208874,0,Terrestrial (Earth-like),Metal-poor ([Fe/H] < -0.15),2.46502,6104.0,1.08,Transit
Kepler-409 b,Kepler-409,0.05,0.01887811,6.0,-1.7240414876681323,0,Terrestrial (Earth-like),Solar-like (-0.15 <= [Fe/H] <= +0.15),68.9583216,5421.0,0.913,Transit
Kepler-41 b,Kepler-41,0.38,0.56,177.98,-0.25181197299379954,1,Gas Giant (Jupiter-like),Metal-rich ([Fe/H] > +0.15),1.8555582,5750.0,1.15,Transit
Kepler-412 b,Kepler-412,0.27,0.941,299.07803,-0.026410376572743116,1,Gas Giant (Jupiter-like),Metal-rich ([Fe/H] > +0.15),1.7208604,5750.0,1.167,Transit
Kepler-413 b,Kepler-413,-0.2,0.211,67.0,-0.6757175447023074,1,Gas Giant (Jupiter-like),Metal-poor ([Fe/H] < -0.15),66.262,4700.0,0.82,Transit
Kepler-418 b,Kepler-418,-0.05,1.1,349.6112477,0.04139268515822508,1,Gas Giant (Jupiter-like),Solar-like (-0.15 <= [Fe/H] <= +0.15),86.67856,5820.0,0.98,Transit
Kepler-419 b,Kepler-419,0.176,2.5,794.5,0.3979400086720376,1,Gas Giant (Jupiter-like),Metal-rich ([Fe/H] > +0.15),69.7546,6430.0,1.39,Transit
Kepler-419 c,Kepler-419,0.176,7.3,2320.1,0.8633228601204559,1,Gas Giant (Jupiter-like),Metal-rich ([Fe/H] > +0.15),675.47,6430.0,1.39,Transit Timing Variations
Kepler-422 b,Kepler-422,0.23,0.43,136.66,-0.36653154442041347,1,Gas Giant (Jupiter-like),Metal-rich ([Fe/H] > +0.15),7.8914483,5972.0,1.15,Transit
Kepler-423 b,Kepler-423,-0.1,0.595,189.101,-0.22548303427145044,1,Gas Giant (Jupiter-like),Solar-like (-0.15 <= [Fe/H] <= +0.15),2.6843285,5560.0,0.85,Transit
Kepler-424 b,Kepler-424,0.44,1.03,327.35,0.012837224705172217,1,Gas Giant (Jupiter-like),Metal-rich ([Fe/H] > +0.15),3.3118644,5460.0,1.01,Transit
Kepler-424 c,Kepler-424,0.44,6.97,2215.18,0.8432327780980095,1,Gas Giant (Jupiter-like),Metal-rich ([Fe/H] > +0.15),223.3,5460.0,1.01,Radial Velocity
Kepler-425 b,Kepler-425,0.24,0.25,79.45,-0.6020599913279624,1,Gas Giant (Jupiter-like),Metal-rich ([Fe/H] > +0.15),3.79701816,5170.0,0.93,Transit
Kepler-426 b,Kepler-426,-0.21,0.34,108.06,-0.46852108295774486,1,Gas Giant (Jupiter-like),Metal-poor ([Fe/H] < -0.15),3.21751883,5725.0,0.91,Transit
Kepler-427 b,Kepler-427,-0.19,0.29,92.17,-0.5376020021010439,1,Gas Giant (Jupiter-like),Metal-poor ([Fe/H] < -0.15),10.290994,5800.0,0.96,Transit
Kepler-428 b,Kepler-428,0.09,1.27,403.63,0.10380372095595687,1,Gas Giant (Jupiter-like),Solar-like (-0.15 <= [Fe/H] <= +0.15),3.52563254,5150.0,0.87,Transit
Kepler-43 b,Kepler-43,0.33,3.23,1026.5909,0.5092025223311029,1,Gas Giant (Jupiter-like),Metal-rich ([Fe/H] > +0.15),3.0240949,6041.0,1.32,Transit
Kepler-432 b,Kepler-432,-0.07,5.41,1719.4603,0.7331972651065695,1,Gas Giant (Jupiter-like),Solar-like (-0.15 <= [Fe/H] <= +0.15),52.501129,4995.0,1.32,Transit
Kepler-432 c,Kepler-432,-0.07,2.43,772.3269,0.38560627359831223,1,Gas Giant (Jupiter-like),Solar-like (-0.15 <= [Fe/H] <= +0.15),406.2,4995.0,1.32,Radial Velocity
Kepler-433 b,Kepler-433,-0.01,2.82,896.24,0.45024910831936105,1,Gas Giant (Jupiter-like),Solar-like (-0.15 <= [Fe/H] <= +0.15),5.33408384,6360.0,1.46,Transit
Kepler-434 b,Kepler-434,0.25,2.86,908.96,0.456366033129043,1,Gas Giant (Jupiter-like),Metal-rich ([Fe/H] > +0.15),12.8747099,5977.0,1.198,Transit
Kepler-435 b,Kepler-435,-0.18,0.84,266.97,-0.07572071393811836,1,Gas Giant (Jupiter-like),Metal-poor ([Fe/H] < -0.15),8.6001536,6161.0,1.538,Transit
Kepler-44 b,Kepler-44,0.15,1.0,317.82,0.0,1,Gas Giant (Jupiter-like),Solar-like (-0.15 <= [Fe/H] <= +0.15),3.2467293,5800.0,1.12,Transit
Kepler-447 b,Kepler-447,0.07,1.37,435.41,0.1367205671564068,1,Gas Giant (Jupiter-like),Solar-like (-0.15 <= [Fe/H] <= +0.15),7.79430132,5493.0,1.0,Transit
Kepler-45 b,Kepler-45,0.28,0.505,160.497,-0.2967086218813386,1,Gas Giant (Jupiter-like),Metal-rich ([Fe/H] > +0.15),2.455239,3820.0,0.59,Transit
Kepler-453 b,Kepler-453,0.09,0.05034138,16.0,-1.2980748833810145,0,Neptunian / Sub-Neptune,Solar-like (-0.15 <= [Fe/H] <= +0.15),240.503,5527.0,0.944,Transit
Kepler-454 b,Kepler-454,0.32,0.0169903,5.4,-1.7697989526674873,0,Terrestrial (Earth-like),Metal-rich ([Fe/H] > +0.15),10.5737534,5687.0,1.03,Transit
Kepler-454 c,Kepler-454,0.32,4.51,1433.40611557,0.6541765418779605,1,Gas Giant (Jupiter-like),Metal-rich ([Fe/H] > +0.15),524.19,5687.0,1.03,Radial Velocity
Kepler-454 d,Kepler-454,0.32,2.31,734.18362017,0.36361197989214433,1,Gas Giant (Jupiter-like),Metal-rich ([Fe/H] > +0.15),4073.0,5687.0,1.03,Radial Velocity
Kepler-46 b,Kepler-46,0.41,6.0,1907.0,0.7781512503836436,1,Gas Giant (Jupiter-like),Metal-rich ([Fe/H] > +0.15),33.60134,5155.0,0.902,Transit
Kepler-46 c,Kepler-46,0.41,0.376,119.499,-0.42481215507233894,1,Gas Giant (Jupiter-like),Metal-rich ([Fe/H] > +0.15),57.011,5155.0,0.902,Transit Timing Variations
Kepler-462 b,Kepler-462,0.05,0.16958752,53.9,-0.7706061107736378,1,Gas Giant (Jupiter-like),Solar-like (-0.15 <= [Fe/H] <= +0.15),84.6866,7500.0,1.59,Transit
Kepler-462 c,Kepler-462,0.05,0.01887802,6.0,-1.7240435581400462,0,Terrestrial (Earth-like),Solar-like (-0.15 <= [Fe/H] <= +0.15),207.62,7500.0,1.59,Transit
Kepler-48 b,Kepler-48,0.17,0.01239656,3.94,-1.906698813247813,0,Terrestrial (Earth-like),Metal-rich ([Fe/H] > +0.15),4.778,5194.0,0.88,Transit
Kepler-48 c,Kepler-48,0.17,0.04596797,14.61,-1.3375446747849224,0,Neptunian / Sub-Neptune,Metal-rich ([Fe/H] > +0.15),9.67395,5194.0,0.88,Transit
Kepler-48 d,Kepler-48,0.17,0.025,7.93,-1.6020599913279623,0,Terrestrial (Earth-like),Metal-rich ([Fe/H] > +0.15),42.8961,5194.0,0.88,Transit
Kepler-48 e,Kepler-48,0.17,2.067,657.0,0.3153404766272883,1,Gas Giant (Jupiter-like),Metal-rich ([Fe/H] > +0.15),982.0,5194.0,0.88,Radial Velocity
Kepler-5 b,Kepler-5,0.04,2.111,670.93913,0.3244882333076564,1,Gas Giant (Jupiter-like),Solar-like (-0.15 <= [Fe/H] <= +0.15),3.5484657,6297.0,1.374,Transit
Kepler-51 e,Kepler-51,0.047,0.0169903,5.4,-1.7697989526674873,0,Terrestrial (Earth-like),Solar-like (-0.15 <= [Fe/H] <= +0.15),264.284,5674.0,0.96,Transit Timing Variations
Kepler-538 b,Kepler-538,-0.09,0.04058794,12.9,-1.3916029903022213,0,Neptunian / Sub-Neptune,Solar-like (-0.15 <= [Fe/H] <= +0.15),81.73778,5534.0,0.892,Transit
Kepler-539 b,Kepler-539,-0.01,0.97,308.2951,-0.01322826573375516,1,Gas Giant (Jupiter-like),Solar-like (-0.15 <= [Fe/H] <= +0.15),125.63243,5820.0,1.048,Transit
Kepler-539 c,Kepler-539,-0.01,2.4,762.792,0.38021124171160603,1,Gas Giant (Jupiter-like),Solar-like (-0.15 <= [Fe/H] <= +0.15),1000.0,5820.0,1.048,Transit Timing Variations
Kepler-553 b,Kepler-553,0.152,0.365,116.00736855,-0.4377071355435253,1,Gas Giant (Jupiter-like),Metal-rich ([Fe/H] > +0.15),4.030467,5191.0,0.889,Transit
Kepler-553 c,Kepler-553,0.152,6.7,2129.4503269,0.8260748027008264,1,Gas Giant (Jupiter-like),Metal-rich ([Fe/H] > +0.15),328.24017,5191.0,0.889,Transit
Kepler-56 b,Kepler-56,0.2,0.07,22.1,-1.154901959985743,0,Neptunian / Sub-Neptune,Metal-rich ([Fe/H] > +0.15),10.5016,4840.0,1.32,Transit
Kepler-56 c,Kepler-56,0.2,0.57,181.0,-0.24412514432750865,1,Gas Giant (Jupiter-like),Metal-rich ([Fe/H] > +0.15),21.40239,4840.0,1.32,Transit
Kepler-56 d,Kepler-56,0.3631,5.61,1784.0,0.7489628612561614,1,Gas Giant (Jupiter-like),Metal-rich ([Fe/H] > +0.15),1002.0,4819.44,,Radial Velocity
Kepler-6 b,Kepler-6,0.34,0.668,212.31044,-0.1752235375244543,1,Gas Giant (Jupiter-like),Metal-rich ([Fe/H] > +0.15),3.2346996,5647.0,1.209,Transit
Kepler-60 b,Kepler-60,-0.09,0.01318315,4.19,-1.8799808064213888,0,Terrestrial (Earth-like),Solar-like (-0.15 <= [Fe/H] <= +0.15),7.1334,5905.0,1.041,Transit
Kepler-60 c,Kepler-60,-0.09,0.01211339,3.85,-1.9167343001051254,0,Terrestrial (Earth-like),Solar-like (-0.15 <= [Fe/H] <= +0.15),8.9187,5905.0,1.041,Transit
Kepler-60 d,Kepler-60,-0.09,0.01308876,4.16,-1.8831014955933307,0,Terrestrial (Earth-like),Solar-like (-0.15 <= [Fe/H] <= +0.15),11.8981,5905.0,1.041,Transit
Kepler-62 b,Kepler-62,-0.37,0.03,9.0,-1.5228787452803376,0,Terrestrial (Earth-like),Metal-poor ([Fe/H] < -0.15),5.714932,4925.0,0.69,Transit
Kepler-62 c,Kepler-62,-0.37,0.013,4.0,-1.8860566476931633,0,Terrestrial (Earth-like),Metal-poor ([Fe/H] < -0.15),12.4417,4925.0,0.69,Transit
Kepler-62 d,Kepler-62,-0.37,0.044,14.0,-1.3565473235138126,0,Neptunian / Sub-Neptune,Metal-poor ([Fe/H] < -0.15),18.16406,4925.0,0.69,Transit
Kepler-62 e,Kepler-62,-0.37,0.113,36.0,-0.9469215565165803,1,Gas Giant (Jupiter-like),Metal-poor ([Fe/H] < -0.15),122.3874,4925.0,0.69,Transit
Kepler-62 f,Kepler-62,-0.37,0.11,35.0,-0.958607314841775,1,Gas Giant (Jupiter-like),Metal-poor ([Fe/H] < -0.15),267.291,4925.0,0.69,Transit
Kepler-63 b,Kepler-63,0.05,0.378,120.0,-0.4225082001627747,1,Gas Giant (Jupiter-like),Solar-like (-0.15 <= [Fe/H] <= +0.15),9.4341505,5576.0,0.984,Transit
Kepler-68 b,Kepler-68,0.11,0.02526521,8.03,-1.5974770876310873,0,Terrestrial (Earth-like),Solar-like (-0.15 <= [Fe/H] <= +0.15),5.39875259,5847.0,1.057,Transit
Kepler-68 c,Kepler-68,0.11,0.00409026,1.3,-2.3882490849079607,0,Terrestrial (Earth-like),Solar-like (-0.15 <= [Fe/H] <= +0.15),9.605027,5847.0,1.057,Transit
Kepler-68 d,Kepler-68,0.11,0.749,238.05347684,-0.12551818230053352,1,Gas Giant (Jupiter-like),Solar-like (-0.15 <= [Fe/H] <= +0.15),632.62,5847.0,1.057,Radial Velocity
Kepler-68 e,Kepler-68,0.11,0.272,86.4493267,-0.5654310959658012,1,Gas Giant (Jupiter-like),Solar-like (-0.15 <= [Fe/H] <= +0.15),3455.0,5847.0,1.057,Radial Velocity
Kepler-7 b,Kepler-7,0.11,0.441,140.16303,-0.35556141053216145,1,Gas Giant (Jupiter-like),Solar-like (-0.15 <= [Fe/H] <= +0.15),4.8854892,5933.0,1.359,Transit
Kepler-74 b,Kepler-74,0.42,0.63,200.22,-0.2006594505464183,1,Gas Giant (Jupiter-like),Metal-rich ([Fe/H] > +0.15),7.340711,6000.0,1.18,Transit
Kepler-75 b,Kepler-75,0.3,10.1,3209.9,1.0043213737826426,1,Gas Giant (Jupiter-like),Metal-rich ([Fe/H] > +0.15),8.8849116,5200.0,0.91,Transit
Kepler-76 b,Kepler-76,-0.1,2.01,638.8383,0.30319605742048883,1,Gas Giant (Jupiter-like),Solar-like (-0.15 <= [Fe/H] <= +0.15),1.5449298,6409.0,1.2,Orbital Brightness Modulation
Kepler-77 b,Kepler-77,0.2,0.43,136.661,-0.36653154442041347,1,Gas Giant (Jupiter-like),Metal-rich ([Fe/H] > +0.15),3.57878087,5520.0,0.95,Transit
Kepler-78 b,Kepler-78,-0.18,0.00528587,1.68,-2.2768835220550283,0,Terrestrial (Earth-like),Metal-poor ([Fe/H] < -0.15),0.35500745,5058.0,0.779,Transit
Kepler-79 b,Kepler-79,0.06,0.02391227,7.6,-1.6213791942029634,0,Terrestrial (Earth-like),Solar-like (-0.15 <= [Fe/H] <= +0.15),13.48451,6389.0,1.244,Transit
Kepler-79 c,Kepler-79,0.06,0.01447322,4.6,-1.839434836354416,0,Terrestrial (Earth-like),Solar-like (-0.15 <= [Fe/H] <= +0.15),27.4026,6389.0,1.244,Transit
Kepler-79 d,Kepler-79,0.06,0.01667566,5.3,-1.777916968284836,0,Terrestrial (Earth-like),Solar-like (-0.15 <= [Fe/H] <= +0.15),52.0897,6389.0,1.244,Transit
Kepler-79 e,Kepler-79,0.06,0.01195614,3.8,-1.9224090082470517,0,Terrestrial (Earth-like),Solar-like (-0.15 <= [Fe/H] <= +0.15),81.0665,6389.0,1.244,Transit
Kepler-8 b,Kepler-8,-0.055,0.59,187.5197,-0.22914798835785583,1,Gas Giant (Jupiter-like),Solar-like (-0.15 <= [Fe/H] <= +0.15),3.5224991,6213.0,1.213,Transit
Kepler-80 b,Kepler-80,0.04,0.02180411,6.93,-1.6614616356577097,0,Terrestrial (Earth-like),Solar-like (-0.15 <= [Fe/H] <= +0.15),7.05246,4540.0,0.73,Transit
Kepler-80 c,Kepler-80,0.04,0.02120631,6.74,-1.6735348942394754,0,Terrestrial (Earth-like),Solar-like (-0.15 <= [Fe/H] <= +0.15),9.52355,4540.0,0.73,Transit
Kepler-80 d,Kepler-80,0.04,0.02123777,6.75,-1.672891086815553,0,Terrestrial (Earth-like),Solar-like (-0.15 <= [Fe/H] <= +0.15),3.07222,4540.0,0.73,Transit
Kepler-80 e,Kepler-80,0.04,0.01299437,4.13,-1.8862447713500434,0,Terrestrial (Earth-like),Solar-like (-0.15 <= [Fe/H] <= +0.15),4.64489,4540.0,0.73,Transit
Kepler-849 b,Kepler-849,0.145,0.94,298.75870258,-0.026872146400301365,1,Gas Giant (Jupiter-like),Solar-like (-0.15 <= [Fe/H] <= +0.15),394.62508,5950.0,1.259,Transit
Kepler-87 b,Kepler-87,-0.17,1.02,324.2,0.00860017176191757,1,Gas Giant (Jupiter-like),Metal-poor ([Fe/H] < -0.15),114.73635,5600.0,1.1,Transit
Kepler-87 c,Kepler-87,-0.17,0.02,6.4,-1.6989700043360187,0,Terrestrial (Earth-like),Metal-poor ([Fe/H] < -0.15),191.2318,5600.0,1.1,Transit
Kepler-88 d,KOI-142,0.27,3.0504646,965.14699656,0.48436598946154347,1,Gas Giant (Jupiter-like),Metal-rich ([Fe/H] > +0.15),1403.0,5466.0,0.99,Radial Velocity
Kepler-9 b,Kepler-9,0.05,0.13655099,43.4,-0.864705146860912,1,Gas Giant (Jupiter-like),Solar-like (-0.15 <= [Fe/H] <= +0.15),19.23891,5774.0,1.022,Transit
Kepler-9 c,Kepler-9,0.05,0.09407545,29.9,-1.0265236956012478,0,Neptunian / Sub-Neptune,Solar-like (-0.15 <= [Fe/H] <= +0.15),38.9853,5774.0,1.022,Transit
Kepler-91 b,Kepler-91,0.11,0.81,257.4423,-0.09151498112135022,1,Gas Giant (Jupiter-like),Solar-like (-0.15 <= [Fe/H] <= +0.15),6.24658,4550.0,1.31,Transit
Kepler-93 b,Kepler-93,-0.18,0.014662,4.66,-1.8338067848299326,0,Terrestrial (Earth-like),Metal-poor ([Fe/H] < -0.15),4.72673978,5669.0,0.911,Transit
Kepler-93 c,Kepler-93,-0.18,3.0,954.0,0.47712125471966244,1,Gas Giant (Jupiter-like),Metal-poor ([Fe/H] < -0.15),1460.0,5669.0,0.91,Radial Velocity
Kepler-94 b,Kepler-94,0.34,0.034,10.84,-1.4685210829577449,0,Neptunian / Sub-Neptune,Metal-rich ([Fe/H] > +0.15),2.50806,4781.0,0.81,Transit
Kepler-94 c,Kepler-94,0.34,9.836,3126.0,0.9928185200666796,1,Gas Giant (Jupiter-like),Metal-rich ([Fe/H] > +0.15),820.3,4781.0,0.81,Radial Velocity
Kepler-95 b,Kepler-95,0.3,0.041,13.0,-1.3872161432802645,0,Neptunian / Sub-Neptune,Metal-rich ([Fe/H] > +0.15),11.5231,5699.0,1.08,Transit
Kepler-96 b,Kepler-96,0.04,0.027,8.46,-1.5686362358410126,0,Terrestrial (Earth-like),Solar-like (-0.15 <= [Fe/H] <= +0.15),16.2385,5690.0,1.0,Transit
Kepler-97 b,Kepler-97,-0.2,0.011,3.51,-1.958607314841775,0,Terrestrial (Earth-like),Metal-poor ([Fe/H] < -0.15),2.58664,5779.0,0.94,Transit
Kepler-97 c,Kepler-97,-0.2,1.08,344.0,0.03342375548694973,1,Gas Giant (Jupiter-like),Metal-poor ([Fe/H] < -0.15),789.0,5779.0,0.94,Radial Velocity
Kepler-98 b,Kepler-98,0.18,0.011,3.55,-1.958607314841775,0,Terrestrial (Earth-like),Metal-rich ([Fe/H] > +0.15),1.54168,5539.0,0.99,Transit
Kepler-99 b,Kepler-99,0.18,0.019,6.15,-1.7212463990471711,0,Terrestrial (Earth-like),Metal-rich ([Fe/H] > +0.15),4.60358,4782.0,0.79,Transit
L 168-9 b,L 168-9,-0.03,0.01280565,4.07,-1.8925983723498878,0,Terrestrial (Earth-like),Solar-like (-0.15 <= [Fe/H] <= +0.15),1.40152604,3842.0,0.614,Transit
L 98-59 b,L 98-59,-0.46,0.00144732,0.46,-2.83943543649009,0,Terrestrial (Earth-like),Metal-poor ([Fe/H] < -0.15),2.253114,3415.0,0.2923,Transit
L 98-59 c,L 98-59,-0.46,0.0062927,2.0,-2.201162972439742,0,Terrestrial (Earth-like),Metal-poor ([Fe/H] < -0.15),3.6906764,3415.0,0.2923,Transit
L 98-59 d,L 98-59,-0.46,0.00516002,1.64,-2.2873486150641056,0,Terrestrial (Earth-like),Metal-poor ([Fe/H] < -0.15),7.450729,3415.0,0.2923,Transit
L 98-59 e,L 98-59,-0.46,0.00887271,2.82,-2.0519437129426796,0,Terrestrial (Earth-like),Metal-poor ([Fe/H] < -0.15),12.8278,3415.0,0.2923,Radial Velocity
L 98-59 f,L 98-59,-0.46,0.00880979,2.8,-2.0550344437931947,0,Terrestrial (Earth-like),Metal-poor ([Fe/H] < -0.15),23.064,3415.0,0.2923,Radial Velocity
LHS 1140 b,LHS 1140,-0.15,0.01761957,5.6,-1.754004694613298,0,Terrestrial (Earth-like),Solar-like (-0.15 <= [Fe/H] <= +0.15),24.73723,3096.0,0.1844,Transit
LHS 1140 c,LHS 1140,-0.15,0.00600953,1.91,-2.2211594924545395,0,Terrestrial (Earth-like),Solar-like (-0.15 <= [Fe/H] <= +0.15),3.77794,3096.0,0.1844,Transit
LHS 1478 b,LHS 1478,-0.13,0.007331,2.33,-2.134836780493914,0,Terrestrial (Earth-like),Solar-like (-0.15 <= [Fe/H] <= +0.15),1.9495378,3381.0,0.236,Transit
LHS 1815 b,LHS 1815,-0.12,0.00497124,1.58,-2.303535269619076,0,Terrestrial (Earth-like),Solar-like (-0.15 <= [Fe/H] <= +0.15),3.814334,3643.0,0.502,Transit
LHS 1903 b,LHS 1903,-0.11,0.01032003,3.28,-1.9863190402266835,0,Terrestrial (Earth-like),Solar-like (-0.15 <= [Fe/H] <= +0.15),2.1555098,3664.0,0.538,Transit
LHS 1903 c,LHS 1903,-0.11,0.0143159,4.55,-1.8441813439227062,0,Terrestrial (Earth-like),Solar-like (-0.15 <= [Fe/H] <= +0.15),6.226185,3664.0,0.538,Transit
LHS 1903 d,LHS 1903,-0.11,0.01875226,5.96,-1.7269463841292336,0,Terrestrial (Earth-like),Solar-like (-0.15 <= [Fe/H] <= +0.15),12.566287,3664.0,0.538,Transit
LHS 1903 e,LHS 1903,-0.11,0.01821738,5.79,-1.7395140825419906,0,Terrestrial (Earth-like),Solar-like (-0.15 <= [Fe/H] <= +0.15),29.31773,3664.0,0.538,Transit
LHS 3844 b,LHS 3844,0.22,0.00745685,2.37,-2.127444592973113,0,Terrestrial (Earth-like),Metal-rich ([Fe/H] > +0.15),0.462929709,3080.0,0.151,Transit
LP 714-47 b,LP 714-47,0.05,0.08929347,28.38,-1.0491802997526636,0,Neptunian / Sub-Neptune,Solar-like (-0.15 <= [Fe/H] <= +0.15),4.052032,4123.0,0.542,Transit
LP 791-18 c,LP 791-18,-0.09,0.02252788,7.16,-1.6472796759025339,0,Terrestrial (Earth-like),Solar-like (-0.15 <= [Fe/H] <= +0.15),4.98991,2960.0,0.139,Transit
LP 791-18 d,LP 791-18,-0.09,0.00286318,0.91,-2.543151348258725,0,Terrestrial (Earth-like),Solar-like (-0.15 <= [Fe/H] <= +0.15),2.75485,2960.0,0.139,Transit
LP 890-9 b,LP 890-9,-0.028,0.04153184,13.2,-1.3816188277597343,0,Neptunian / Sub-Neptune,Solar-like (-0.15 <= [Fe/H] <= +0.15),2.7299025,2850.0,0.118,Transit
LP 890-9 c,LP 890-9,-0.028,0.0796027,25.3,-1.0990722014179264,0,Neptunian / Sub-Neptune,Solar-like (-0.15 <= [Fe/H] <= +0.15),8.457463,2850.0,0.118,Transit
LSPM J2116+0234 b,LSPM J2116+0234,-0.05,0.04184627,13.3,-1.3783432471238084,0,Neptunian / Sub-Neptune,Solar-like (-0.15 <= [Fe/H] <= +0.15),14.4399,3475.0,0.43,Radial Velocity
LTT 1445 A c,LTT 1445 A,-0.34,0.00484538,1.54,-2.314672157636617,0,Terrestrial (Earth-like),Metal-poor ([Fe/H] < -0.15),3.1239035,3340.0,0.257,Transit
LTT 3780 b,LTT 3780,0.06,0.00774003,2.46,-2.1112573560084242,0,Terrestrial (Earth-like),Solar-like (-0.15 <= [Fe/H] <= +0.15),0.76837931,3358.0,0.381,Transit
LTT 3780 c,LTT 3780,0.06,0.02529667,8.04,-1.5969366446663937,0,Terrestrial (Earth-like),Solar-like (-0.15 <= [Fe/H] <= +0.15),12.252284,3358.0,0.381,Transit
LTT 9779 b,LTT 9779,0.27,0.09225057,29.32,-1.035030941731613,0,Neptunian / Sub-Neptune,Metal-rich ([Fe/H] > +0.15),0.792052,5443.0,1.02,Transit
NGC 2682 Sand 1429 b,NGC 2682 Sand 1429,-0.013,1.8,572.0911326,0.25527250510330607,1,Gas Giant (Jupiter-like),Solar-like (-0.15 <= [Fe/H] <= +0.15),77.48,6000.0,1.26,Radial Velocity
NGTS-1 b,NGTS-1,0.0,0.812,258.07796,-0.09044397075882467,1,Gas Giant (Jupiter-like),Solar-like (-0.15 <= [Fe/H] <= +0.15),2.647298,3916.0,0.617,Transit
NGTS-11 b,NGTS-11,0.22,0.344,109.33352,-0.46344155742846993,1,Gas Giant (Jupiter-like),Metal-rich ([Fe/H] > +0.15),35.45533,5050.0,0.862,Transit
NGTS-12 b,NGTS-12,-0.03,0.208,66.10864,-0.6819366650372385,1,Gas Giant (Jupiter-like),Solar-like (-0.15 <= [Fe/H] <= +0.15),7.532806,5690.0,1.021,Transit
NGTS-13 b,NGTS-13,0.25,4.84,1538.2972,0.6848453616444125,1,Gas Giant (Jupiter-like),Metal-rich ([Fe/H] > +0.15),4.119027,5819.0,1.3,Transit
NGTS-14 A b,NGTS-14 A,0.1,0.092,29.24036,-1.0362121726544447,0,Neptunian / Sub-Neptune,Solar-like (-0.15 <= [Fe/H] <= +0.15),3.5357173,5187.0,0.898,Transit
NGTS-15 b,NGTS-15,0.15,0.751,238.68913366,-0.1243600629958316,1,Gas Giant (Jupiter-like),Solar-like (-0.15 <= [Fe/H] <= +0.15),3.27623,5600.0,0.995,Transit
NGTS-16 b,NGTS-16,0.35,0.667,211.99154747,-0.17587416608345102,1,Gas Giant (Jupiter-like),Metal-rich ([Fe/H] > +0.15),4.84532,5550.0,1.002,Transit
NGTS-17 b,NGTS-17,0.15,0.764,242.82090295,-0.11690664142431006,1,Gas Giant (Jupiter-like),Solar-like (-0.15 <= [Fe/H] <= +0.15),3.24253,5650.0,1.025,Transit
NGTS-18 b,NGTS-18,0.15,0.409,129.99181846,-0.38827669199265824,1,Gas Giant (Jupiter-like),Solar-like (-0.15 <= [Fe/H] <= +0.15),3.05125,5610.0,1.003,Transit
NGTS-2 b,NGTS-2,-0.06,0.74,235.1942,-0.13076828026902382,1,Gas Giant (Jupiter-like),Solar-like (-0.15 <= [Fe/H] <= +0.15),4.511164,6478.0,1.64,Transit
NGTS-20 b,NGTS-20,0.15,2.98,947.12865286,0.4742162640762552,1,Gas Giant (Jupiter-like),Solar-like (-0.15 <= [Fe/H] <= +0.15),54.18915,5980.0,1.47,Transit
NGTS-21 b,NGTS-21,-0.26,2.36,750.07504052,0.37291200297010657,1,Gas Giant (Jupiter-like),Metal-poor ([Fe/H] < -0.15),1.5433897,4660.0,0.72,Transit
NGTS-23 b,NGTS-23,-0.26,0.613,194.82881349,-0.21253952548158497,1,Gas Giant (Jupiter-like),Metal-poor ([Fe/H] < -0.15),4.0764326,6057.0,1.01,Transit
NGTS-24 b,NGTS-24,0.27,0.52,165.27077164,-0.28399665636520083,1,Gas Giant (Jupiter-like),Metal-rich ([Fe/H] > +0.15),3.4678796,5820.0,1.26,Transit
NGTS-25 b,NGTS-25,0.12,0.639,203.09235207,-0.19449914184159983,1,Gas Giant (Jupiter-like),Solar-like (-0.15 <= [Fe/H] <= +0.15),2.823093,5321.0,0.91,Transit
NGTS-26 b,NGTS-26,0.2,0.292,92.80589484,-0.5346171485515817,1,Gas Giant (Jupiter-like),Metal-rich ([Fe/H] > +0.15),4.5199279,5550.0,0.96,Transit
NGTS-27 b,NGTS-27,0.0,0.593,188.47224535,-0.22694530663573742,1,Gas Giant (Jupiter-like),Solar-like (-0.15 <= [Fe/H] <= +0.15),3.3704181,5700.0,1.07,Transit
NGTS-3 A b,NGTS-3 A,0.12,2.38,756.4354,0.37657695705651195,1,Gas Giant (Jupiter-like),Solar-like (-0.15 <= [Fe/H] <= +0.15),1.6753728,5600.0,1.017,Transit
NGTS-30 b,NGTS-30,-0.03,0.96,305.11527072,-0.017728766960431602,1,Gas Giant (Jupiter-like),Solar-like (-0.15 <= [Fe/H] <= +0.15),98.29838,5455.0,0.94,Transit
NGTS-31 b,NGTS-31,0.0,1.12,355.96781584,0.04921802267018165,1,Gas Giant (Jupiter-like),Solar-like (-0.15 <= [Fe/H] <= +0.15),4.162734,5710.0,0.96,Transit
NGTS-32 b,NGTS-32,-0.03,0.57,181.16219199,-0.24412514432750865,1,Gas Giant (Jupiter-like),Solar-like (-0.15 <= [Fe/H] <= +0.15),3.31211,5680.0,1.07,Transit
NGTS-33 b,NGTS-33,-0.11,3.63,1153.71711741,0.5599066250361125,1,Gas Giant (Jupiter-like),Solar-like (-0.15 <= [Fe/H] <= +0.15),2.827972,7437.0,1.6,Transit
NGTS-34 b,NGTS-34,0.228,0.06009532,19.1,-1.2211593479193064,0,Neptunian / Sub-Neptune,Metal-rich ([Fe/H] > +0.15),43.12655,6134.0,1.266,Transit
NGTS-35 b,NGTS-35,0.085,0.47824548,152.0,-0.32034912589101594,1,Gas Giant (Jupiter-like),Solar-like (-0.15 <= [Fe/H] <= +0.15),25.241192,4717.0,0.789,Transit
NGTS-38 b,NGTS-38,0.33,4.77,1516.04150139,0.6785183790401139,1,Gas Giant (Jupiter-like),Metal-rich ([Fe/H] > +0.15),180.52797,6310.0,1.46,Transit
NGTS-39 b,NGTS-39,0.196,1.467,466.25427307,0.1664301138432827,1,Gas Giant (Jupiter-like),Metal-rich ([Fe/H] > +0.15),58.20472,6053.0,1.16,Transit
NGTS-4 b,NGTS-4,-0.28,0.06481452,20.6,-1.1883276908966576,0,Neptunian / Sub-Neptune,Metal-poor ([Fe/H] < -0.15),1.3373508,5143.0,0.75,Transit
NGTS-5 b,NGTS-5,0.12,0.229,72.78307,-0.640164517660112,1,Gas Giant (Jupiter-like),Solar-like (-0.15 <= [Fe/H] <= +0.15),3.3569866,4987.0,0.661,Transit
NGTS-6 b,NGTS-6,0.11,1.339,425.57437,0.12678057701200895,1,Gas Giant (Jupiter-like),Solar-like (-0.15 <= [Fe/H] <= +0.15),0.882059,4730.0,0.767,Transit
NGTS-8 b,NGTS-8,0.24,0.93,295.5819,-0.03151705144606486,1,Gas Giant (Jupiter-like),Metal-rich ([Fe/H] > +0.15),2.4997,5241.0,0.89,Transit
NGTS-9 b,NGTS-9,0.31,2.9,921.707,0.4623979978989561,1,Gas Giant (Jupiter-like),Metal-rich ([Fe/H] > +0.15),4.43527,6330.0,1.34,Transit
OGLE-2018-BLG-0740L b,OGLE-2018-BLG-0740L,-0.24,4.8,1500.0,0.6812412373755872,1,Gas Giant (Jupiter-like),Metal-poor ([Fe/H] < -0.15),5480.0,5912.0,1.0,Microlensing
OGLE-TR-132 b,OGLE-TR-132,0.37,1.18,375.02,0.07188200730612536,1,Gas Giant (Jupiter-like),Metal-rich ([Fe/H] > +0.15),1.689868,6210.0,1.305,Transit
OGLE-TR-182 b,OGLE-TR-182,0.37,1.01,320.995,0.004321373782642578,1,Gas Giant (Jupiter-like),Metal-rich ([Fe/H] > +0.15),3.9791,5924.0,1.14,Transit
OGLE-TR-211 b,OGLE-TR-211,0.11,1.03,327.351,0.012837224705172217,1,Gas Giant (Jupiter-like),Solar-like (-0.15 <= [Fe/H] <= +0.15),3.67724,6325.0,1.33,Transit
OGLE2-TR-L9 b,OGLE2-TR-L9,-0.05,4.5,1430.175,0.6532125137753437,1,Gas Giant (Jupiter-like),Solar-like (-0.15 <= [Fe/H] <= +0.15),2.4855335,6933.0,1.52,Transit
PH1 b,PH1,0.21,0.531,169.0,-0.2749054789185309,1,Gas Giant (Jupiter-like),Metal-rich ([Fe/H] > +0.15),138.317,6407.0,1.528,Transit
PH2 b,PH2,0.017,0.274,87.08498352,-0.562249437179612,1,Gas Giant (Jupiter-like),Solar-like (-0.15 <= [Fe/H] <= +0.15),282.52542,5734.0,0.966,Transit
POTS-1 b,POTS-1,-0.03,2.31,734.16,0.36361197989214433,1,Gas Giant (Jupiter-like),Solar-like (-0.15 <= [Fe/H] <= +0.15),3.1606296,4400.0,0.695,Transit
Pr0201 b,Pr0201,0.19,0.54,171.6282,-0.26760624017703144,1,Gas Giant (Jupiter-like),Metal-rich ([Fe/H] > +0.15),4.4264,6174.0,1.24,Radial Velocity
Pr0211 b,Pr0211,0.18,1.88,597.5204,0.2741578492636798,1,Gas Giant (Jupiter-like),Metal-rich ([Fe/H] > +0.15),2.1461,5300.0,0.935,Radial Velocity
Pr0211 c,Pr0211,0.18,7.79,2475.8957,0.8915374576725644,1,Gas Giant (Jupiter-like),Metal-rich ([Fe/H] > +0.15),4850.0,5300.0,0.935,Radial Velocity
Qatar-1 b,Qatar-1,0.171,1.294,411.27202,0.11193427633268159,1,Gas Giant (Jupiter-like),Metal-rich ([Fe/H] > +0.15),1.4200242,5013.0,0.838,Transit
Qatar-10 b,Qatar-10,0.016,0.736,233.92288,-0.13312218566250114,1,Gas Giant (Jupiter-like),Solar-like (-0.15 <= [Fe/H] <= +0.15),1.645321,6124.0,1.156,Transit
Qatar-2 b,Qatar-2,0.02,2.494,792.635,0.39689644914252387,1,Gas Giant (Jupiter-like),Solar-like (-0.15 <= [Fe/H] <= +0.15),1.33711647,4645.0,0.743,Transit
Qatar-3 b,Qatar-3,-0.041,4.31,1369.8473,0.6344772701607315,1,Gas Giant (Jupiter-like),Solar-like (-0.15 <= [Fe/H] <= +0.15),2.5079204,6007.0,1.145,Transit
Qatar-4 b,Qatar-4,0.103,6.1,1938.763,0.785329835010767,1,Gas Giant (Jupiter-like),Solar-like (-0.15 <= [Fe/H] <= +0.15),1.8053564,5215.0,0.896,Transit
Qatar-5 b,Qatar-5,0.377,4.32,1373.0256,0.6354837468149122,1,Gas Giant (Jupiter-like),Metal-rich ([Fe/H] > +0.15),2.8792319,5747.0,1.128,Transit
Qatar-6 b,Qatar-6,-0.025,0.668,212.31044,-0.1752235375244543,1,Gas Giant (Jupiter-like),Solar-like (-0.15 <= [Fe/H] <= +0.15),3.506195,5052.0,0.822,Transit
Qatar-7 b,Qatar-7,0.276,1.88,597.5204,0.2741578492636798,1,Gas Giant (Jupiter-like),Metal-rich ([Fe/H] > +0.15),2.032046,6387.0,1.409,Transit
Qatar-8 b,Qatar-8,0.025,0.371,117.91493,-0.43062609038495414,1,Gas Giant (Jupiter-like),Solar-like (-0.15 <= [Fe/H] <= +0.15),3.71495,5738.0,1.029,Transit
Qatar-9 b,Qatar-9,0.252,1.19,378.2177,0.07554696139253074,1,Gas Giant (Jupiter-like),Metal-rich ([Fe/H] > +0.15),1.540731,4309.0,0.719,Transit
Ross 128 b,Ross 128,-0.02,0.00440487,1.4,-2.356066904304319,0,Terrestrial (Earth-like),Solar-like (-0.15 <= [Fe/H] <= +0.15),9.8658,3192.0,0.168,Radial Velocity
Ross 176 b,Ross 176,-0.19,0.01437883,4.57,-1.8422764508944587,0,Terrestrial (Earth-like),Metal-poor ([Fe/H] < -0.15),5.0066338,4041.0,0.577,Transit
Ross 508 b,Ross 508,-0.2,0.01258541,4.0,-1.9001326316978855,0,Terrestrial (Earth-like),Metal-poor ([Fe/H] < -0.15),10.77,3071.0,0.1774,Radial Velocity
TIC 139270665 b,TIC 139270665,0.156,0.463,147.15455244,-0.33441900898204685,1,Gas Giant (Jupiter-like),Metal-rich ([Fe/H] > +0.15),23.624,5844.0,1.035,Transit
TIC 139270665 c,TIC 139270665,0.156,4.89,1554.18091023,0.6893088591236202,1,Gas Giant (Jupiter-like),Metal-rich ([Fe/H] > +0.15),1010.0,5844.0,1.035,Radial Velocity
TIC 147027702 b,TIC 147027702,-0.08,1.09,346.43296363,0.037426497940623665,1,Gas Giant (Jupiter-like),Solar-like (-0.15 <= [Fe/H] <= +0.15),44.40523,6410.0,1.406,Transit
TIC 172900988 b,TIC 172900988 Aa,0.34,2.96386345,942.0,0.47185819111647626,1,Gas Giant (Jupiter-like),Metal-rich ([Fe/H] > +0.15),200.452,6050.0,1.2384,Transit
TIC 183374187 b,TIC 183374187,-0.39,0.56,177.98390792,-0.25181197299379954,1,Gas Giant (Jupiter-like),Metal-poor ([Fe/H] < -0.15),5.05907,5768.0,0.853,Transit
TIC 237913194 b,TIC 237913194,0.14,1.942,617.22586,0.28824922557198607,1,Gas Giant (Jupiter-like),Solar-like (-0.15 <= [Fe/H] <= +0.15),15.168865,5788.0,1.026,Transit
TIC 241249530 b,TIC 241249530,0.09,4.98,1582.78546686,0.6972293427597176,1,Gas Giant (Jupiter-like),Solar-like (-0.15 <= [Fe/H] <= +0.15),165.7719,6166.0,1.271,Transit
TIC 245076932 b,TIC 245076932,0.02,0.51,162.09248757,-0.2924298239020636,1,Gas Giant (Jupiter-like),Solar-like (-0.15 <= [Fe/H] <= +0.15),21.61389,6130.0,1.117,Transit
TIC 257060897 b,TIC 257060897,0.054,0.634,201.50321004,-0.1979107421182673,1,Gas Giant (Jupiter-like),Solar-like (-0.15 <= [Fe/H] <= +0.15),3.66003639,5993.0,1.187,Transit
TIC 279401253 b,TIC 279401253,0.2,6.14,1951.46641898,0.7881683711411677,1,Gas Giant (Jupiter-like),Metal-rich ([Fe/H] > +0.15),76.8,5951.0,1.13,Transit
TIC 279401253 c,TIC 279401253,0.2,8.02,2548.98382414,0.9041743682841635,1,Gas Giant (Jupiter-like),Metal-rich ([Fe/H] > +0.15),155.3,5951.0,1.13,Transit
TIC 365102760 b,TIC 365102760,0.09,0.06040996,19.2,-1.2188914518352585,0,Neptunian / Sub-Neptune,Solar-like (-0.15 <= [Fe/H] <= +0.15),4.21285367,4900.0,1.17,Transit
TIC 393818343 b,TIC 393818343,0.318,4.34,1379.37528638,0.6374897295125107,1,Gas Giant (Jupiter-like),Metal-rich ([Fe/H] > +0.15),16.24921,5756.0,1.082,Transit
TIC 46432937 b,TIC 46432937,0.323,3.2,1017.0509024,0.505149978319906,1,Gas Giant (Jupiter-like),Metal-rich ([Fe/H] > +0.15),1.44044527,3572.0,0.563,Transit
TIC 4672985 b,TIC 4672985,0.14,12.74,4049.13390518,1.1051694279993316,1,Gas Giant (Jupiter-like),Solar-like (-0.15 <= [Fe/H] <= +0.15),69.048,5757.0,1.01,Transit
TIC 52059926 b,TIC 52059926,-0.08,16.9,5380.0,1.2278867046136734,1,Gas Giant (Jupiter-like),Solar-like (-0.15 <= [Fe/H] <= +0.15),175.532,4505.0,0.73,Transit
TIC 87422071 b,TIC 87422071,0.16,1.29,409.99864503,0.11058971029924898,1,Gas Giant (Jupiter-like),Metal-rich ([Fe/H] > +0.15),11.364929,6150.0,1.239,Transit
TIC 9344899 b,TIC 9344899,0.07,19.4,6170.0,1.287801729930226,1,Gas Giant (Jupiter-like),Solar-like (-0.15 <= [Fe/H] <= +0.15),8.5821566,5800.0,0.98,Transit
TOI-1011 b,TOI-1011,0.03,0.01271126,4.04,-1.8958113979963276,0,Terrestrial (Earth-like),Solar-like (-0.15 <= [Fe/H] <= +0.15),2.470498,5475.0,0.91,Transit
TOI-1052 b,TOI-1052,0.14,0.05317335,16.9,-1.2743059776267014,0,Neptunian / Sub-Neptune,Solar-like (-0.15 <= [Fe/H] <= +0.15),9.139703,6146.0,1.204,Transit
TOI-1052 c,TOI-1052,0.14,0.10791987,34.3,-0.9668985864858617,1,Gas Giant (Jupiter-like),Solar-like (-0.15 <= [Fe/H] <= +0.15),35.806,6146.0,1.204,Radial Velocity
TOI-1062 b,TOI-1062,0.14,0.03193547,10.15,-1.4957266878697204,0,Neptunian / Sub-Neptune,Solar-like (-0.15 <= [Fe/H] <= +0.15),4.11296,5328.0,0.94,Transit
TOI-1062 c,TOI-1062,0.14,0.03077132,9.78,-1.5118538733846456,0,Terrestrial (Earth-like),Solar-like (-0.15 <= [Fe/H] <= +0.15),7.972,5328.0,0.94,Radial Velocity
TOI-1064 b,TOI-1064,0.05,0.04247575,13.5,-1.3718589439954498,0,Neptunian / Sub-Neptune,Solar-like (-0.15 <= [Fe/H] <= +0.15),6.443868,4734.0,0.748,Transit
TOI-1064 c,TOI-1064,0.05,0.00786588,2.5,-2.1042526833693636,0,Terrestrial (Earth-like),Solar-like (-0.15 <= [Fe/H] <= +0.15),12.226574,4734.0,0.748,Transit
TOI-1075 b,TOI-1075,-0.08,0.0313062,9.95,-1.5043696445896146,0,Terrestrial (Earth-like),Solar-like (-0.15 <= [Fe/H] <= +0.15),0.6047328,3875.0,0.604,Transit
TOI-1080 b,TOI-1080,-0.09,0.03366596,10.7,-1.4728089969168674,0,Neptunian / Sub-Neptune,Solar-like (-0.15 <= [Fe/H] <= +0.15),3.9652482,3065.0,0.1667,Transit
TOI-1107 b,TOI-1107,-0.1,3.35,1064.72516345,0.5250448070368452,1,Gas Giant (Jupiter-like),Solar-like (-0.15 <= [Fe/H] <= +0.15),4.0782387,6311.0,1.35,Transit
TOI-1117 b,TOI-1117,0.136,0.02800253,8.9,-1.5528027288220103,0,Terrestrial (Earth-like),Solar-like (-0.15 <= [Fe/H] <= +0.15),2.22816,5635.0,0.97,Transit
TOI-1117 c,TOI-1117,0.136,0.02762497,8.78,-1.5586981849391055,0,Terrestrial (Earth-like),Solar-like (-0.15 <= [Fe/H] <= +0.15),4.579,5635.0,0.97,Radial Velocity
TOI-1117 d,TOI-1117,0.136,0.03369743,10.71,-1.4724032201785007,0,Neptunian / Sub-Neptune,Solar-like (-0.15 <= [Fe/H] <= +0.15),8.665,5635.0,0.97,Radial Velocity
TOI-1130 b,TOI-1130,0.11,0.06229777,19.8,-1.2055274989913625,0,Neptunian / Sub-Neptune,Solar-like (-0.15 <= [Fe/H] <= +0.15),4.074554,4360.0,0.745,Transit
TOI-1130 c,TOI-1130,0.11,1.05717423,336.0,0.024146568094553067,1,Gas Giant (Jupiter-like),Solar-like (-0.15 <= [Fe/H] <= +0.15),8.3501898,4360.0,0.745,Transit
TOI-1135 b,TOI-1135,-0.039,0.185,58.79825529,-0.7328282715969862,1,Gas Giant (Jupiter-like),Solar-like (-0.15 <= [Fe/H] <= +0.15),8.0277327,6320.0,1.119,Transit
TOI-1136 b,TOI-1136,0.07,0.01101223,3.5,-1.9581247265660566,0,Terrestrial (Earth-like),Solar-like (-0.15 <= [Fe/H] <= +0.15),4.1727,5770.0,1.022,Transit
TOI-1136 c,TOI-1136,0.07,0.01988494,6.32,-1.701475715098329,0,Terrestrial (Earth-like),Solar-like (-0.15 <= [Fe/H] <= +0.15),6.2574,5770.0,1.022,Transit
TOI-1136 d,TOI-1136,0.07,0.02627204,8.35,-1.5805062033332609,0,Terrestrial (Earth-like),Solar-like (-0.15 <= [Fe/H] <= +0.15),12.5199,5770.0,1.022,Transit
TOI-1136 e,TOI-1136,0.07,0.01909836,6.07,-1.719003924560128,0,Terrestrial (Earth-like),Solar-like (-0.15 <= [Fe/H] <= +0.15),18.801,5770.0,1.022,Transit
TOI-1136 f,TOI-1136,0.07,0.03051961,9.7,-1.5154210203872138,0,Terrestrial (Earth-like),Solar-like (-0.15 <= [Fe/H] <= +0.15),26.321,5770.0,1.022,Transit
TOI-1136 g,TOI-1136,0.07,0.01761957,5.6,-1.754004694613298,0,Terrestrial (Earth-like),Solar-like (-0.15 <= [Fe/H] <= +0.15),39.545,5770.0,1.022,Transit
TOI-1181 b,TOI-1181,0.38,1.179,374.71969185,0.07151380509508916,1,Gas Giant (Jupiter-like),Metal-rich ([Fe/H] > +0.15),2.103189,6054.0,1.467,Transit
TOI-1194 b,TOI-1194,0.348,0.37756222,120.0,-0.42301146899896297,1,Gas Giant (Jupiter-like),Metal-rich ([Fe/H] > +0.15),2.3106446,5394.0,0.9835,Transit
TOI-1199 b,TOI-1199,0.44,0.239,75.96098927,-0.6216020990518624,1,Gas Giant (Jupiter-like),Metal-rich ([Fe/H] > +0.15),3.671463,5710.0,1.23,Transit
TOI-1201 b,TOI-1201,0.05,0.01975909,6.28,-1.7042330606127123,0,Terrestrial (Earth-like),Solar-like (-0.15 <= [Fe/H] <= +0.15),2.4919863,3476.0,0.512,Transit
TOI-1203 b,TOI-1203,-0.39,0.0110437,3.51,-1.9568853993991437,0,Terrestrial (Earth-like),Metal-poor ([Fe/H] < -0.15),4.1572888,5737.0,0.886,Radial Velocity
TOI-1203 c,TOI-1203,-0.39,0.01717908,5.46,-1.7650000978750813,0,Terrestrial (Earth-like),Metal-poor ([Fe/H] < -0.15),13.0766,5737.0,0.886,Radial Velocity
TOI-1203 e,TOI-1203,-0.39,0.13246141,42.1,-0.8779106263693033,1,Gas Giant (Jupiter-like),Metal-poor ([Fe/H] < -0.15),204.59,5737.0,0.886,Radial Velocity
TOI-1203.01,TOI-1203,-0.39,0.02325154,7.39,-1.6335482775545367,0,Terrestrial (Earth-like),Metal-poor ([Fe/H] < -0.15),25.502672,5737.0,0.886,Transit
TOI-1221 b,TOI-1221,0.06,3.5,1112.3994245,0.5440680443502757,1,Gas Giant (Jupiter-like),Solar-like (-0.15 <= [Fe/H] <= +0.15),91.68278,5592.0,0.93,Transit
TOI-1231 b,TOI-1231,0.041,0.04845382,15.4,-1.3146719783753855,0,Neptunian / Sub-Neptune,Solar-like (-0.15 <= [Fe/H] <= +0.15),24.245586,3553.0,0.485,Transit
TOI-1232 b,TOI-1232,0.18,0.694,220.57291446,-0.15864052954514513,1,Gas Giant (Jupiter-like),Metal-rich ([Fe/H] > +0.15),14.256,5823.0,1.058,Transit
TOI-1232 c,TOI-1232,0.18,0.184,58.48042689,-0.7351821769904635,1,Gas Giant (Jupiter-like),Metal-rich ([Fe/H] > +0.15),30.356,5823.0,1.058,Transit Timing Variations
TOI-1235 b,TOI-1235,0.33,0.02104909,6.69,-1.676766674959965,0,Terrestrial (Earth-like),Metal-rich ([Fe/H] > +0.15),3.444714,3997.0,0.63,Transit
TOI-1238 b,TOI-1238,0.31,0.01183028,3.76,-1.9270049763343795,0,Terrestrial (Earth-like),Metal-rich ([Fe/H] > +0.15),0.764597,4089.0,0.59,Transit
TOI-1238 c,TOI-1238,0.31,0.02617765,8.32,-1.582069343187899,0,Terrestrial (Earth-like),Metal-rich ([Fe/H] > +0.15),3.294736,4089.0,0.59,Transit
TOI-1243 b,TOI-1243,-0.2,0.02422691,7.7,-1.6157019740393668,0,Terrestrial (Earth-like),Metal-poor ([Fe/H] < -0.15),4.6594779,3515.0,0.515,Transit
TOI-1246 b,TOI-1246,0.17,0.02548545,8.1,-1.5937076936118062,0,Terrestrial (Earth-like),Metal-rich ([Fe/H] > +0.15),4.30744,5151.0,0.87,Transit
TOI-1246 c,TOI-1246,0.168,0.0286318,9.1,-1.543151348258725,0,Terrestrial (Earth-like),Metal-rich ([Fe/H] > +0.15),5.904137,5213.0,0.8889,Transit
TOI-1246 d,TOI-1246,0.168,0.0169903,5.4,-1.7697989526674873,0,Terrestrial (Earth-like),Metal-rich ([Fe/H] > +0.15),18.654874,5213.0,0.8889,Transit
TOI-1246 e,TOI-1246,0.168,0.0456221,14.5,-1.3408247278839773,0,Neptunian / Sub-Neptune,Metal-rich ([Fe/H] > +0.15),37.92548,5213.0,0.8889,Transit
TOI-1248 b,TOI-1248,0.223,0.08621004,27.4,-1.0644421534016473,0,Neptunian / Sub-Neptune,Metal-rich ([Fe/H] > +0.15),4.3601561,5205.0,0.9042,Transit
TOI-1249 b,TOI-1249,0.297,0.03744159,11.9,-1.4266457167297661,0,Neptunian / Sub-Neptune,Metal-rich ([Fe/H] > +0.15),13.079151,5497.0,1.0062,Transit
TOI-125 b,TOI-125,-0.02,0.02989019,9.5,-1.5244713243153765,0,Terrestrial (Earth-like),Solar-like (-0.15 <= [Fe/H] <= +0.15),4.65382,5320.0,0.859,Transit
TOI-125 c,TOI-125,-0.02,0.02086021,6.63,-1.6806813238393952,0,Terrestrial (Earth-like),Solar-like (-0.15 <= [Fe/H] <= +0.15),9.15059,5320.0,0.859,Transit
TOI-125 d,TOI-125,-0.02,0.04279017,13.6,-1.3686559881149158,0,Neptunian / Sub-Neptune,Solar-like (-0.15 <= [Fe/H] <= +0.15),19.98,5320.0,0.859,Transit
TOI-1260 b,TOI-1260,-0.1,0.02693277,8.56,-1.5697189776746578,0,Terrestrial (Earth-like),Solar-like (-0.15 <= [Fe/H] <= +0.15),3.127463,4227.0,0.679,Transit
TOI-1260 c,TOI-1260,-0.1,0.04153184,13.2,-1.3816188277597343,0,Neptunian / Sub-Neptune,Solar-like (-0.15 <= [Fe/H] <= +0.15),7.493134,4227.0,0.679,Transit
TOI-1260 d,TOI-1260,-0.1,0.03725281,11.84,-1.428840962607863,0,Neptunian / Sub-Neptune,Solar-like (-0.15 <= [Fe/H] <= +0.15),16.608164,4227.0,0.679,Transit
TOI-1266 b,TOI-1266,-0.109,0.01403273,4.46,-1.8528578308533645,0,Terrestrial (Earth-like),Solar-like (-0.15 <= [Fe/H] <= +0.15),10.8945,3563.0,0.437,Transit
TOI-1266 c,TOI-1266,-0.109,0.00997394,3.17,-2.00113324868506,0,Terrestrial (Earth-like),Solar-like (-0.15 <= [Fe/H] <= +0.15),18.8027,3563.0,0.437,Transit
TOI-1266 d,TOI-1266,-0.109,0.01157857,3.68,-1.9363450744132529,0,Terrestrial (Earth-like),Solar-like (-0.15 <= [Fe/H] <= +0.15),32.509,3563.0,0.437,Transit Timing Variations
TOI-1268 b,TOI-1268,0.36,0.30330832,96.4,-0.5181156764663538,1,Gas Giant (Jupiter-like),Metal-rich ([Fe/H] > +0.15),8.1577094,5300.0,0.96,Transit
TOI-1269 b,TOI-1269,-0.049,0.02013665,6.4,-1.6960127784461319,0,Terrestrial (Earth-like),Solar-like (-0.15 <= [Fe/H] <= +0.15),4.2529913,5499.0,0.9027,Transit
TOI-1272 b,TOI-1272,0.1,0.07582708,24.1,-1.1201756677943162,0,Neptunian / Sub-Neptune,Solar-like (-0.15 <= [Fe/H] <= +0.15),3.3159765,4985.0,0.828,Transit
TOI-1273 b,TOI-1273,0.07,0.222,70.55790635,-0.6536470255493614,1,Gas Giant (Jupiter-like),Solar-like (-0.15 <= [Fe/H] <= +0.15),4.631296,5690.0,1.06,Transit
TOI-1278 b,TOI-1278,-0.01,18.5,5879.8255295,1.2671717284030137,1,Gas Giant (Jupiter-like),Solar-like (-0.15 <= [Fe/H] <= +0.15),14.47567,3799.0,0.54,Transit
TOI-1279 b,TOI-1279,-0.079,0.03335133,10.6,-1.4768868424027952,0,Neptunian / Sub-Neptune,Solar-like (-0.15 <= [Fe/H] <= +0.15),9.61419,5457.0,0.8784,Transit
TOI-1288 b,TOI-1288,0.257,0.13875412,44.1,-0.8577541125894259,1,Gas Giant (Jupiter-like),Metal-rich ([Fe/H] > +0.15),2.6998279,5388.0,0.9552,Transit
TOI-1288 c,TOI-1288,0.257,0.26964235,85.7,-0.5692118965325598,1,Gas Giant (Jupiter-like),Metal-rich ([Fe/H] > +0.15),416.0,5388.0,0.9552,Radial Velocity
TOI-1294 b,TOI-1294,0.283,0.20105188,63.9,-0.6966918615324275,1,Gas Giant (Jupiter-like),Metal-rich ([Fe/H] > +0.15),3.915292,5718.0,1.1578,Transit
TOI-1294 c,TOI-1294,0.283,0.46251372,147.0,-0.3348753798289181,1,Gas Giant (Jupiter-like),Metal-rich ([Fe/H] > +0.15),159.9,5718.0,1.1578,Radial Velocity
TOI-1295 b,TOI-1295,0.26,1.42,451.31633794,0.15228834438305647,1,Gas Giant (Jupiter-like),Metal-rich ([Fe/H] > +0.15),3.1968838,6280.0,1.38,Transit
TOI-1296 b,TOI-1296,0.405,0.29984733,95.3,-0.5230998139978855,1,Gas Giant (Jupiter-like),Metal-rich ([Fe/H] > +0.15),3.9443736,5567.0,1.1576,Transit
TOI-1298 b,TOI-1298,0.397,0.31148883,99.0,-0.5065575225404185,1,Gas Giant (Jupiter-like),Metal-rich ([Fe/H] > +0.15),4.537143,5752.0,1.2187,Transit
TOI-132 b,TOI-132,0.16,0.07047793,22.4,-1.1519468600270453,0,Neptunian / Sub-Neptune,Metal-rich ([Fe/H] > +0.15),2.1097019,5397.0,0.97,Transit
TOI-1333 b,TOI-1333,0.119,2.37,753.2571,0.37474834601010387,1,Gas Giant (Jupiter-like),Solar-like (-0.15 <= [Fe/H] <= +0.15),4.720219,6274.0,1.464,Transit
TOI-1347 b,TOI-1347,0.04,0.03492451,11.1,-1.4568696784360848,0,Neptunian / Sub-Neptune,Solar-like (-0.15 <= [Fe/H] <= +0.15),0.84742346,5464.0,0.913,Transit
TOI-1347 c,TOI-1347,0.04,0.02013665,6.4,-1.6960127784461319,0,Terrestrial (Earth-like),Solar-like (-0.15 <= [Fe/H] <= +0.15),4.841962,5464.0,0.913,Transit
TOI-1386 b,TOI-1386,0.149,0.14410292,45.8,-0.8413272188595796,1,Gas Giant (Jupiter-like),Solar-like (-0.15 <= [Fe/H] <= +0.15),25.8401,5735.0,1.0363,Transit
TOI-1386 c,TOI-1386,0.149,0.23660566,75.2,-0.625974870539169,1,Gas Giant (Jupiter-like),Solar-like (-0.15 <= [Fe/H] <= +0.15),232.0,5735.0,1.0363,Radial Velocity
TOI-1408 b,TOI-1408,0.25,1.86578665,593.0,0.27086198130485767,1,Gas Giant (Jupiter-like),Metal-rich ([Fe/H] > +0.15),4.42587,6117.0,1.312,Transit
TOI-1408 c,TOI-1408,0.25,0.02391227,7.6,-1.6213791942029634,0,Terrestrial (Earth-like),Metal-rich ([Fe/H] > +0.15),2.1664,6117.0,1.312,Transit Timing Variations
TOI-1410 c,TOI-1410,0.328,0.0849515,27.0,-1.0708289483314686,0,Neptunian / Sub-Neptune,Metal-rich ([Fe/H] > +0.15),47.56,4635.0,0.7941,Radial Velocity
TOI-1410.01,TOI-1410,0.328,0.0393294,12.5,-1.4052826790333446,0,Neptunian / Sub-Neptune,Metal-rich ([Fe/H] > +0.15),1.21687,4635.0,0.7941,Transit
TOI-1411 b,TOI-1411,0.012,0.0062927,2.0,-2.201162972439742,0,Terrestrial (Earth-like),Solar-like (-0.15 <= [Fe/H] <= +0.15),1.4520527,4115.0,0.6045,Transit
TOI-1416 b,TOI-1416,0.08,0.0109493,3.48,-1.960613644828871,0,Terrestrial (Earth-like),Solar-like (-0.15 <= [Fe/H] <= +0.15),1.0697568,4884.0,0.798,Transit
TOI-1420 b,TOI-1420,0.28,0.07897343,25.1,-1.102518999156452,0,Neptunian / Sub-Neptune,Metal-rich ([Fe/H] > +0.15),6.9561063,5510.0,0.987,Transit
TOI-1431 b,TOI-1431,0.09,3.12,991.62462984,0.4941545940184428,1,Gas Giant (Jupiter-like),Solar-like (-0.15 <= [Fe/H] <= +0.15),2.650237,7690.0,1.9,Transit
TOI-1437 b,TOI-1437,-0.4924,0.03020498,9.6,-1.5199214474992395,0,Terrestrial (Earth-like),Metal-poor ([Fe/H] < -0.15),18.840942,6008.0,1.1,Transit
TOI-1438 b,TOI-1438,0.03,0.02957571,9.4,-1.529064820820709,0,Terrestrial (Earth-like),Solar-like (-0.15 <= [Fe/H] <= +0.15),5.13967,5230.0,0.876,Transit
TOI-1438 c,TOI-1438,0.03,0.03335133,10.6,-1.4768868424027952,0,Neptunian / Sub-Neptune,Solar-like (-0.15 <= [Fe/H] <= +0.15),9.428089,5230.0,0.876,Transit
TOI-1439 b,TOI-1439,0.226,0.12113455,38.5,-0.916731969703348,1,Gas Giant (Jupiter-like),Metal-rich ([Fe/H] > +0.15),27.644,5841.0,1.2313,Transit
TOI-1443 b,TOI-1443,-0.294,0.09439056,30.0,-1.0250714373217384,0,Neptunian / Sub-Neptune,Metal-poor ([Fe/H] < -0.15),23.540678,5224.0,0.7663,Transit
TOI-1444 b,TOI-1444,0.146,0.01126394,3.58,-1.9483096715665151,0,Terrestrial (Earth-like),Solar-like (-0.15 <= [Fe/H] <= +0.15),0.4702743,5460.0,0.9513,Transit
TOI-1448 b,TOI-1448,0.37,0.06135386,19.5,-1.2121581089929592,0,Neptunian / Sub-Neptune,Metal-rich ([Fe/H] > +0.15),8.112245,3412.0,0.372,Transit
TOI-1450 A b,TOI-1450 A,-0.12,0.00395811,1.258,-2.402512140465858,0,Terrestrial (Earth-like),Solar-like (-0.15 <= [Fe/H] <= +0.15),2.0439274,3437.0,0.48,Transit
TOI-1450 A c,TOI-1450 A,-0.12,0.00480448,1.527,-2.3183536101497273,0,Terrestrial (Earth-like),Solar-like (-0.15 <= [Fe/H] <= +0.15),5.0688,3437.0,0.48,Transit
TOI-1451 b,TOI-1451,0.019,0.04782455,15.2,-1.3203491077290264,0,Neptunian / Sub-Neptune,Solar-like (-0.15 <= [Fe/H] <= +0.15),16.537944,5801.0,1.0022,Transit
TOI-1452 b,TOI-1452,-0.07,0.01516542,4.82,-1.8191455575817002,0,Terrestrial (Earth-like),Solar-like (-0.15 <= [Fe/H] <= +0.15),11.06201,3185.0,0.249,Transit
TOI-1453 b,TOI-1453,-0.31,0.00729954,2.32,-2.136704507243412,0,Terrestrial (Earth-like),Metal-poor ([Fe/H] < -0.15),4.3135225,4975.0,0.715,Transit
TOI-1453 c,TOI-1453,-0.31,0.00928174,2.95,-2.0323706011989096,0,Terrestrial (Earth-like),Metal-poor ([Fe/H] < -0.15),6.5886982,4975.0,0.715,Transit
TOI-1468 b,TOI-1468,-0.01,0.00956491,3.04,-2.019319112065045,0,Terrestrial (Earth-like),Solar-like (-0.15 <= [Fe/H] <= +0.15),1.8805201,3376.0,0.3527,Transit
TOI-1468 c,TOI-1468,-0.01,0.01290004,4.1,-1.8894089430532826,0,Terrestrial (Earth-like),Solar-like (-0.15 <= [Fe/H] <= +0.15),15.532477,3376.0,0.3527,Transit
TOI-1470 b,TOI-1470,0.0,0.0230313,7.32,-1.6376815476244682,0,Terrestrial (Earth-like),Solar-like (-0.15 <= [Fe/H] <= +0.15),2.527093,3709.0,0.471,Transit
TOI-1470 c,TOI-1470,0.0,0.02277959,7.24,-1.6424540968653465,0,Terrestrial (Earth-like),Solar-like (-0.15 <= [Fe/H] <= +0.15),18.08816,3709.0,0.471,Transit
TOI-1472 b,TOI-1472,0.27,0.057,18.05,-1.2441251443275085,0,Neptunian / Sub-Neptune,Metal-rich ([Fe/H] > +0.15),6.36338574,5100.0,0.87,Transit
TOI-1472 c,TOI-1472,0.27,0.067,21.13,-1.1739251972991736,0,Neptunian / Sub-Neptune,Metal-rich ([Fe/H] > +0.15),15.5381747,5100.0,0.87,Radial Velocity
TOI-150.01,TOI-150,0.28,2.51,797.7533,0.3996737214810381,1,Gas Giant (Jupiter-like),Metal-rich ([Fe/H] > +0.15),5.857487,6255.0,1.351,Transit
TOI-1516 b,TOI-1516,-0.05,3.16,1004.33776612,0.49968708261840383,1,Gas Giant (Jupiter-like),Solar-like (-0.15 <= [Fe/H] <= +0.15),2.056014,6520.0,1.14,Transit
TOI-1518 b,TOI-1518,-0.1,1.83,581.62598481,0.26245108973042947,1,Gas Giant (Jupiter-like),Solar-like (-0.15 <= [Fe/H] <= +0.15),1.90261131,7299.0,1.88,Transit
TOI-1533 b,TOI-1533,0.24,0.08841249,28.1,-1.0534863780308885,0,Neptunian / Sub-Neptune,Metal-rich ([Fe/H] > +0.15),3.6457974,5146.0,0.88,Transit
TOI-1533 c,TOI-1533,0.24,0.11515648,36.6,-0.9387116187152849,1,Gas Giant (Jupiter-like),Metal-rich ([Fe/H] > +0.15),8.0637926,5146.0,0.88,Transit
TOI-157 b,TOI-157,0.24,1.18,375.0394,0.07188200730612536,1,Gas Giant (Jupiter-like),Metal-rich ([Fe/H] > +0.15),2.0845435,5404.0,0.948,Transit
TOI-159 b,TOI-159,0.3,3.49,1110.0,0.5428254269591799,1,Gas Giant (Jupiter-like),Metal-rich ([Fe/H] > +0.15),3.7628396,7287.0,1.661,Transit
TOI-1601 b,TOI-1601,0.343,1.21763817,387.0,0.08551825371735412,1,Gas Giant (Jupiter-like),Metal-rich ([Fe/H] > +0.15),5.33175,5982.0,1.5055,Transit
TOI-163 b,TOI-163,0.22,1.22,387.7526,0.08635983067474821,1,Gas Giant (Jupiter-like),Metal-rich ([Fe/H] > +0.15),4.231306,6495.0,1.4352,Transit
TOI-1634 b,TOI-1634,0.23,0.01541712,4.9,-1.8119967472270642,0,Terrestrial (Earth-like),Metal-rich ([Fe/H] > +0.15),0.98934551,3550.0,0.502,Transit
TOI-1648 b,TOI-1648,0.2,0.0233,7.4,-1.632644078973981,0,Terrestrial (Earth-like),Metal-rich ([Fe/H] > +0.15),7.331602,4850.0,0.83,Transit
TOI-1669 b,TOI-1669,0.274,0.60095321,191.0,-0.22115934069254586,1,Gas Giant (Jupiter-like),Metal-rich ([Fe/H] > +0.15),500.0,5497.0,0.9867,Radial Velocity
TOI-1669 c,TOI-1669,0.274,0.04090257,13.0,-1.3882494034412385,0,Neptunian / Sub-Neptune,Metal-rich ([Fe/H] > +0.15),2.6800535,5497.0,0.9867,Transit
TOI-1670 b,TOI-1670,0.09,0.13,41.31769291,-0.8860566476931632,1,Gas Giant (Jupiter-like),Solar-like (-0.15 <= [Fe/H] <= +0.15),10.98462,6170.0,1.21,Transit
TOI-1670 c,TOI-1670,0.09,0.63,200.23189641,-0.2006594505464183,1,Gas Giant (Jupiter-like),Solar-like (-0.15 <= [Fe/H] <= +0.15),40.74976,6170.0,1.21,Transit
TOI-1685 b,TOI-1685,0.01,0.0096593,3.07,-2.0150543453394323,0,Terrestrial (Earth-like),Solar-like (-0.15 <= [Fe/H] <= +0.15),0.66913923,3470.0,0.466,Transit
TOI-169 b,TOI-169,0.24,0.791,251.40353,-0.10182351650232342,1,Gas Giant (Jupiter-like),Metal-rich ([Fe/H] > +0.15),2.2554477,5880.0,1.147,Transit
TOI-1694 b,TOI-1694,0.04,0.08885298,28.24,-1.0513280020077729,0,Neptunian / Sub-Neptune,Solar-like (-0.15 <= [Fe/H] <= +0.15),3.7701389,5005.0,0.828,Transit
TOI-1694 c,TOI-1694,0.04,0.996,316.55709337,-0.00174066157630127,1,Gas Giant (Jupiter-like),Solar-like (-0.15 <= [Fe/H] <= +0.15),386.25,5005.0,0.828,Radial Velocity
TOI-1695 b,TOI-1695,0.0,0.0200108,6.36,-1.6987355486131406,0,Terrestrial (Earth-like),Solar-like (-0.15 <= [Fe/H] <= +0.15),3.1342791,3690.0,0.513,Transit
TOI-1696 b,TOI-1696,0.336,0.15354197,48.8,-0.8137728915353403,1,Gas Giant (Jupiter-like),Metal-rich ([Fe/H] > +0.15),2.500311,3185.0,0.255,Transit
TOI-1710 b,TOI-1710,0.04,0.06009532,19.1,-1.2211593479193064,0,Neptunian / Sub-Neptune,Solar-like (-0.15 <= [Fe/H] <= +0.15),24.28336,5775.0,1.02,Transit
TOI-172 b,TOI-172,0.148,5.42,1722.6386,0.7339992865383869,1,Gas Giant (Jupiter-like),Solar-like (-0.15 <= [Fe/H] <= +0.15),9.47725,5645.0,1.128,Transit
TOI-1728 b,TOI-1728,0.25,0.08425888,26.78,-1.0743843179726709,0,Neptunian / Sub-Neptune,Metal-rich ([Fe/H] > +0.15),3.49151,3980.0,0.646,Transit
TOI-1736 b,TOI-1736,0.148,0.03870013,12.3,-1.4122875761131863,0,Neptunian / Sub-Neptune,Solar-like (-0.15 <= [Fe/H] <= +0.15),7.073076,5636.0,1.0373,Transit
TOI-1736 c,TOI-1736,0.148,7.68024489,2441.0,0.8853750680367286,1,Gas Giant (Jupiter-like),Solar-like (-0.15 <= [Fe/H] <= +0.15),571.25,5636.0,1.0373,Radial Velocity
TOI-1742 b,TOI-1742,0.193,0.03051961,9.7,-1.5154210203872138,0,Terrestrial (Earth-like),Metal-rich ([Fe/H] > +0.15),21.269084,5815.0,1.0861,Transit
TOI-1749 b,TOI-1749,-0.26,0.17934206,57.0,-0.7463178460553039,1,Gas Giant (Jupiter-like),Metal-poor ([Fe/H] < -0.15),2.38839,3985.0,0.58,Transit
TOI-1749 c,TOI-1749,-0.26,0.04404893,14.0,-1.3560646366444324,0,Neptunian / Sub-Neptune,Metal-poor ([Fe/H] < -0.15),4.4929,3985.0,0.58,Transit
TOI-1749 d,TOI-1749,-0.26,0.04719528,15.0,-1.3261014329857197,0,Neptunian / Sub-Neptune,Metal-poor ([Fe/H] < -0.15),9.0497,3985.0,0.58,Transit
TOI-1751 b,TOI-1751,-0.373,0.06135386,19.5,-1.2121581089929592,0,Neptunian / Sub-Neptune,Metal-poor ([Fe/H] < -0.15),37.46852,5970.0,0.9382,Transit
TOI-1753 b,TOI-1753,0.026,0.05222944,16.6,-1.2820846306097549,0,Neptunian / Sub-Neptune,Solar-like (-0.15 <= [Fe/H] <= +0.15),5.3846104,5621.0,0.9483,Transit
TOI-1759 b,TOI-1759,0.05,0.0339806,10.8,-1.468768957003506,0,Neptunian / Sub-Neptune,Solar-like (-0.15 <= [Fe/H] <= +0.15),18.85019,4065.0,0.606,Transit
TOI-1774.01,TOI-1774,-0.02,0.02674399,8.5,-1.5727737988050194,0,Terrestrial (Earth-like),Solar-like (-0.15 <= [Fe/H] <= +0.15),16.70988,5746.0,0.991,Transit
TOI-1775 b,TOI-1775,0.162,0.30204978,96.0,-0.5199214762557226,1,Gas Giant (Jupiter-like),Metal-rich ([Fe/H] > +0.15),10.2405549,5284.0,0.9218,Transit
TOI-1776 b,TOI-1776,-0.193,0.00440489,1.4,-2.356064932425485,0,Terrestrial (Earth-like),Metal-poor ([Fe/H] < -0.15),2.799868,5785.0,0.9196,Transit
TOI-178 b,TOI-178,-0.23,0.0030205,0.96,-2.5199211599345146,0,Terrestrial (Earth-like),Metal-poor ([Fe/H] < -0.15),1.9145601,4316.0,0.647,Transit
TOI-178 c,TOI-178,-0.23,0.01459907,4.64,-1.835674809060252,0,Terrestrial (Earth-like),Metal-poor ([Fe/H] < -0.15),3.238486,4316.0,0.647,Transit
TOI-178 d,TOI-178,-0.23,0.01636103,5.2,-1.7861893590243803,0,Terrestrial (Earth-like),Metal-poor ([Fe/H] < -0.15),6.557569,4316.0,0.647,Transit
TOI-178 e,TOI-178,-0.23,0.0109493,3.48,-1.960613644828871,0,Terrestrial (Earth-like),Metal-poor ([Fe/H] < -0.15),9.96318,4316.0,0.647,Transit
TOI-178 f,TOI-178,-0.23,0.01771396,5.63,-1.7516843403401041,0,Terrestrial (Earth-like),Metal-poor ([Fe/H] < -0.15),15.23335,4316.0,0.647,Transit
TOI-178 g,TOI-178,-0.23,0.01384395,4.4,-1.858739977910365,0,Terrestrial (Earth-like),Metal-poor ([Fe/H] < -0.15),20.71663,4316.0,0.647,Transit
TOI-1789 b,TOI-1789,0.373,0.7,222.4798849,-0.1549019599857432,1,Gas Giant (Jupiter-like),Metal-rich ([Fe/H] > +0.15),3.208664,5991.0,1.507,Transit
TOI-1794 b,TOI-1794,0.035,0.02737326,8.7,-1.5626734775003337,0,Terrestrial (Earth-like),Solar-like (-0.15 <= [Fe/H] <= +0.15),8.765528,5631.0,0.9698,Transit
TOI-1801 b,TOI-1801,-0.19,0.01805377,5.738,-1.7434320946317374,0,Terrestrial (Earth-like),Metal-poor ([Fe/H] < -0.15),10.64387,3863.0,0.556,Transit
TOI-1803 b,TOI-1803,0.014,0.03247035,10.32,-1.4885130300604956,0,Neptunian / Sub-Neptune,Solar-like (-0.15 <= [Fe/H] <= +0.15),6.293287,4687.0,0.756,Transit
TOI-1803 c,TOI-1803,0.014,0.02517081,8.0,-1.5991028085728076,0,Terrestrial (Earth-like),Solar-like (-0.15 <= [Fe/H] <= +0.15),12.885779,4687.0,0.756,Transit
TOI-1807 b,TOI-1807,0.044,0.0076771,2.44,-2.1148028023441303,0,Terrestrial (Earth-like),Solar-like (-0.15 <= [Fe/H] <= +0.15),0.54937097,4914.0,0.8048,Transit
TOI-181 b,TOI-181,0.272,0.1452,46.1687,-0.838033383635925,1,Gas Giant (Jupiter-like),Metal-rich ([Fe/H] > +0.15),4.532,4994.0,0.822,Transit
TOI-1811 b,TOI-1811,0.306,0.972,308.9292116,-0.012333735073725434,1,Gas Giant (Jupiter-like),Metal-rich ([Fe/H] > +0.15),3.7130765,4766.0,0.817,Transit
TOI-1820 b,TOI-1820,0.14,2.3,731.0053361,0.36172783601759284,1,Gas Giant (Jupiter-like),Solar-like (-0.15 <= [Fe/H] <= +0.15),4.860674,5734.0,1.04,Transit
TOI-1823 b,TOI-1823,0.243,0.21206412,67.4,-0.6735328053361905,1,Gas Giant (Jupiter-like),Metal-rich ([Fe/H] > +0.15),38.8,4927.0,0.8414,Transit
TOI-1824 b,TOI-1824,0.124,0.05034163,16.0,-1.2980727266393661,0,Neptunian / Sub-Neptune,Solar-like (-0.15 <= [Fe/H] <= +0.15),22.808533,5165.0,0.8801,Transit
TOI-1836 b,TOI-1836,-0.101,0.121,38.45723725,-0.9172146296835499,1,Gas Giant (Jupiter-like),Solar-like (-0.15 <= [Fe/H] <= +0.15),20.380799,6380.0,1.307,Transit
TOI-1836 c,TOI-1836,-0.136,0.02517081,8.0,-1.5991028085728076,0,Terrestrial (Earth-like),Solar-like (-0.15 <= [Fe/H] <= +0.15),1.7727471,6237.0,1.2518,Transit
TOI-1842 b,TOI-1842,0.332,0.28128386,89.4,-0.5508551868324392,1,Gas Giant (Jupiter-like),Metal-rich ([Fe/H] > +0.15),9.5739181,6039.0,1.4643,Transit
TOI-1853 b,TOI-1853,0.11,0.23031296,73.2,-0.6376816230513037,1,Gas Giant (Jupiter-like),Solar-like (-0.15 <= [Fe/H] <= +0.15),1.2436258,4985.0,0.837,Transit
TOI-1855 b,TOI-1855,0.399,1.133,360.09958513,0.05422990986339725,1,Gas Giant (Jupiter-like),Metal-rich ([Fe/H] > +0.15),1.36414864,5359.0,0.987,Transit
TOI-1883 b,TOI-1883,0.32,0.04310502,13.7,-1.3654721490656285,0,Neptunian / Sub-Neptune,Metal-rich ([Fe/H] > +0.15),4.508,3554.0,0.495,Transit
TOI-1898 b,TOI-1898,-0.095,0.40587939,129.0,-0.3916030010023083,1,Gas Giant (Jupiter-like),Solar-like (-0.15 <= [Fe/H] <= +0.15),45.52234,6241.0,1.2484,Transit
TOI-1899 b,TOI-1899,0.28,0.67,212.94503269,-0.17392519729917355,1,Gas Giant (Jupiter-like),Metal-rich ([Fe/H] > +0.15),29.090312,3926.0,0.632,Transit
TOI-1937 A b,TOI-1937 A,0.196,2.01,638.83509807,0.30319605742048883,1,Gas Giant (Jupiter-like),Metal-rich ([Fe/H] > +0.15),0.94667944,5814.0,1.072,Transit
TOI-198 b,TOI-198,-0.66,0.00997394,3.17,-2.00113324868506,0,Terrestrial (Earth-like),Metal-poor ([Fe/H] < -0.15),10.215213,3801.0,0.417,Transit
TOI-199 b,TOI-199,0.22,0.17,54.03082919,-0.769551078621726,1,Gas Giant (Jupiter-like),Metal-rich ([Fe/H] > +0.15),104.854,5255.0,0.936,Transit
TOI-199 c,TOI-199,0.22,0.28,88.99195396,-0.5528419686577808,1,Gas Giant (Jupiter-like),Metal-rich ([Fe/H] > +0.15),273.69,5255.0,0.936,Transit Timing Variations
TOI-1994 b,TOI-1994,-0.01,22.1,7024.0077947,1.3443922736851108,1,Gas Giant (Jupiter-like),Solar-like (-0.15 <= [Fe/H] <= +0.15),4.0337142,7700.0,1.86,Transit
TOI-2000 b,TOI-2000,0.439,0.0347,11.0,-1.4596705252091262,0,Neptunian / Sub-Neptune,Metal-rich ([Fe/H] > +0.15),3.09833,5611.0,1.082,Transit
TOI-2000 c,TOI-2000,0.439,0.257,81.7,-0.5900668766687055,1,Gas Giant (Jupiter-like),Metal-rich ([Fe/H] > +0.15),9.127055,5611.0,1.082,Transit
TOI-2005 b,TOI-2005,0.0,6.4,2034.1018048,0.8061799739838872,1,Gas Giant (Jupiter-like),Solar-like (-0.15 <= [Fe/H] <= +0.15),17.305904,7130.0,1.59,Transit
TOI-2010 b,TOI-2010,0.168,1.286,408.7273314,0.10924096858820327,1,Gas Giant (Jupiter-like),Metal-rich ([Fe/H] > +0.15),141.834025,5929.0,1.112,Transit
TOI-2015 b,TOI-2015,-0.31,0.02894644,9.2,-1.5384048406904347,0,Terrestrial (Earth-like),Metal-poor ([Fe/H] < -0.15),3.348237,3297.0,0.3041,Transit
TOI-2015 c,TOI-2015,-0.31,0.028034,8.91,-1.5523149309950448,0,Terrestrial (Earth-like),Metal-poor ([Fe/H] < -0.15),5.582796,3297.0,0.3041,Transit Timing Variations
TOI-2018 b,TOI-2018,-0.58,0.02894644,9.2,-1.5384048406904347,0,Terrestrial (Earth-like),Metal-poor ([Fe/H] < -0.15),7.435583,4174.0,0.57,Transit
TOI-2019 b,TOI-2019,0.409,0.1082345,34.4,-0.9656342847801581,1,Gas Giant (Jupiter-like),Metal-rich ([Fe/H] > +0.15),15.3444,5626.0,1.1832,Transit
TOI-2025 b,TOI-2025,0.15,3.6,1144.1822652,0.5563025007672873,1,Gas Giant (Jupiter-like),Solar-like (-0.15 <= [Fe/H] <= +0.15),8.8720982,5977.0,1.199,Transit
TOI-2031 A b,TOI-2031 A,-0.24,0.8,254.2627256,-0.09691001300805639,1,Gas Giant (Jupiter-like),Metal-poor ([Fe/H] < -0.15),5.71548654,6490.0,1.174,Transit
TOI-2040 b,TOI-2040,0.3,0.781,248.22398587,-0.10734896612269966,1,Gas Giant (Jupiter-like),Metal-rich ([Fe/H] > +0.15),3.8608576,5132.0,0.92,Transit
TOI-2046 b,TOI-2046,-0.06,2.3,731.0053361,0.36172783601759284,1,Gas Giant (Jupiter-like),Solar-like (-0.15 <= [Fe/H] <= +0.15),1.4971842,6250.0,1.13,Transit
TOI-2049 b,TOI-2049,0.311,1.53,486.27746271,0.1846914308175988,1,Gas Giant (Jupiter-like),Metal-rich ([Fe/H] > +0.15),5.303468,6164.0,1.57,Transit
TOI-2088 b,TOI-2088,0.339,0.11641502,37.0,-0.9339909828966892,1,Gas Giant (Jupiter-like),Metal-rich ([Fe/H] > +0.15),124.72997,5081.0,0.9027,Transit
TOI-2093 b,TOI-2093,-0.08,0.03335133,10.6,-1.4768868424027952,0,Neptunian / Sub-Neptune,Solar-like (-0.15 <= [Fe/H] <= +0.15),12.836,4426.0,0.745,Radial Velocity
TOI-2093 c,TOI-2093,-0.08,0.04971236,15.8,-1.3035356190648133,0,Neptunian / Sub-Neptune,Solar-like (-0.15 <= [Fe/H] <= +0.15),53.81149,4426.0,0.745,Transit
TOI-2095 b,TOI-2095,-0.24,0.01290004,4.1,-1.8894089430532826,0,Terrestrial (Earth-like),Metal-poor ([Fe/H] < -0.15),17.66484,3759.0,0.44,Transit
TOI-2095 c,TOI-2095,-0.24,0.023283,7.4,-1.6329610618441317,0,Terrestrial (Earth-like),Metal-poor ([Fe/H] < -0.15),28.17232,3759.0,0.44,Transit
TOI-2107 b,TOI-2107,0.07,0.83,263.79757781,-0.08092190762392612,1,Gas Giant (Jupiter-like),Solar-like (-0.15 <= [Fe/H] <= +0.15),2.4545467,5627.0,0.961,Transit
TOI-2109 b,TOI-2109,0.068,5.02,1595.49860314,0.7007037171450193,1,Gas Giant (Jupiter-like),Solar-like (-0.15 <= [Fe/H] <= +0.15),0.67247414,6540.0,1.453,Transit
TOI-2114 b,TOI-2114,0.001,1.02,324.18497514,0.00860017176191757,1,Gas Giant (Jupiter-like),Solar-like (-0.15 <= [Fe/H] <= +0.15),6.209959,6400.0,1.309,Transit
TOI-2120 b,TOI-2120,0.39,0.02139519,6.8,-1.6696838524104682,0,Terrestrial (Earth-like),Metal-rich ([Fe/H] > +0.15),5.7998164,3131.0,0.211,Transit
TOI-2128 b,TOI-2128,-0.07,0.01415858,4.5,-1.8489803009604011,0,Terrestrial (Earth-like),Solar-like (-0.15 <= [Fe/H] <= +0.15),16.34136,5968.0,1.0251,Transit
TOI-2134 b,TOI-2134,0.12,0.02948132,9.37,-1.530453075226754,0,Terrestrial (Earth-like),Solar-like (-0.15 <= [Fe/H] <= +0.15),9.229198,4580.0,0.744,Transit
TOI-2134 c,TOI-2134,0.12,0.18343231,58.3,-0.7365241647465552,1,Gas Giant (Jupiter-like),Solar-like (-0.15 <= [Fe/H] <= +0.15),95.85284,4580.0,0.744,Transit
TOI-2136 b,TOI-2136,0.03,0.02004226,6.37,-1.6980533082444682,0,Terrestrial (Earth-like),Solar-like (-0.15 <= [Fe/H] <= +0.15),7.851928,3342.0,0.34,Transit
TOI-2141 b,TOI-2141,-0.14,0.06324167,20.1,-1.1989966703304564,0,Neptunian / Sub-Neptune,Solar-like (-0.15 <= [Fe/H] <= +0.15),18.261608,5635.0,0.896,Transit
TOI-2141 c,TOI-2141,-0.14,0.0193186,6.14,-1.7140243496754508,0,Terrestrial (Earth-like),Solar-like (-0.15 <= [Fe/H] <= +0.15),5.4624,5635.0,0.896,Radial Velocity
TOI-2141 d,TOI-2141,-0.14,0.04688064,14.9,-1.3290064680955294,0,Neptunian / Sub-Neptune,Solar-like (-0.15 <= [Fe/H] <= +0.15),60.45,5635.0,0.896,Radial Velocity
TOI-2145 b,TOI-2145,0.28,5.68,1805.26535176,0.7543483357110189,1,Gas Giant (Jupiter-like),Metal-rich ([Fe/H] > +0.15),10.261128,6206.0,1.71,Transit
TOI-2147 b,TOI-2147,-0.29,0.36497682,116.0,-0.4377347170935639,1,Gas Giant (Jupiter-like),Metal-poor ([Fe/H] < -0.15),26.20518,5983.0,0.99,Transit
TOI-2152 A b,TOI-2152,0.282,2.83,899.45439181,0.45178643552429026,1,Gas Giant (Jupiter-like),Metal-rich ([Fe/H] > +0.15),3.3773512,6630.0,1.516,Transit
TOI-2154 b,TOI-2154,0.011,0.92,292.40213444,-0.036212172654444715,1,Gas Giant (Jupiter-like),Solar-like (-0.15 <= [Fe/H] <= +0.15),3.8240801,6280.0,1.233,Transit
TOI-2158 b,TOI-2158,0.47,0.82,260.61929374,-0.08618614761628333,1,Gas Giant (Jupiter-like),Metal-rich ([Fe/H] > +0.15),8.60077,5673.0,1.12,Transit
TOI-2169 A b,TOI-2169 A,0.123,1.037,329.58805806,0.01577875638904093,1,Gas Giant (Jupiter-like),Solar-like (-0.15 <= [Fe/H] <= +0.15),8.2148282,6270.0,1.42,Transit
TOI-2180 b,TOI-2180,0.253,2.755,875.61726129,0.44012160318780386,1,Gas Giant (Jupiter-like),Metal-rich ([Fe/H] > +0.15),260.79,5695.0,1.111,Transit
TOI-2184 b,TOI-2184,0.14,0.65,206.58846455,-0.18708664335714442,1,Gas Giant (Jupiter-like),Solar-like (-0.15 <= [Fe/H] <= +0.15),6.90683,5966.0,1.53,Transit
TOI-2193 A b,TOI-2193 A,0.027,0.94,298.75870258,-0.026872146400301365,1,Gas Giant (Jupiter-like),Solar-like (-0.15 <= [Fe/H] <= +0.15),2.1225735,5966.0,1.082,Transit
TOI-2196 b,TOI-2196,0.14,0.08180515,26.0,-1.0872193546883615,0,Neptunian / Sub-Neptune,Solar-like (-0.15 <= [Fe/H] <= +0.15),1.1947268,5634.0,1.032,Transit
TOI-220 b,TOI-220,-0.217,0.04341966,13.8,-1.3623135816347534,0,Neptunian / Sub-Neptune,Metal-poor ([Fe/H] < -0.15),10.695264,5298.0,0.825,Transit
TOI-2202 b,TOI-2202,0.059,0.904,287.31687993,-0.04383156952463668,1,Gas Giant (Jupiter-like),Solar-like (-0.15 <= [Fe/H] <= +0.15),11.9126075,5169.0,0.841,Transit
TOI-2202 c,TOI-2202,0.04,0.369,117.27868218,-0.4329736338409396,1,Gas Giant (Jupiter-like),Solar-like (-0.15 <= [Fe/H] <= +0.15),24.6744,5144.0,0.823,Transit Timing Variations
TOI-2207 b,TOI-2207,0.181,0.64,203.41018048,-0.1938200260161128,1,Gas Giant (Jupiter-like),Metal-rich ([Fe/H] > +0.15),8.001968,6101.0,1.296,Transit
TOI-2236 b,TOI-2236,0.119,1.58,502.16888306,0.19865708695442263,1,Gas Giant (Jupiter-like),Solar-like (-0.15 <= [Fe/H] <= +0.15),3.5315902,6248.0,1.343,Transit
TOI-2295 b,TOI-2295,0.316,0.875,278.09985612,-0.057991946977686754,1,Gas Giant (Jupiter-like),Metal-rich ([Fe/H] > +0.15),30.033302,5730.0,1.168,Transit
TOI-2295 c,TOI-2295,0.316,5.61,1783.01736327,0.7489628612561614,1,Gas Giant (Jupiter-like),Metal-rich ([Fe/H] > +0.15),966.5,5730.0,1.168,Radial Velocity
TOI-2322 b,TOI-2322,-0.12,0.00726807,2.31,-2.1385808985809356,0,Terrestrial (Earth-like),Solar-like (-0.15 <= [Fe/H] <= +0.15),11.30717,4664.0,0.703,Transit
TOI-2322 c,TOI-2322,-0.12,0.05694897,18.1,-1.244514126323451,0,Neptunian / Sub-Neptune,Solar-like (-0.15 <= [Fe/H] <= +0.15),20.225528,4664.0,0.703,Transit
TOI-2328 b,TOI-2328,0.09,0.16,50.85254512,-0.7958800173440752,1,Gas Giant (Jupiter-like),Solar-like (-0.15 <= [Fe/H] <= +0.15),17.10197,5525.0,0.95,Transit
TOI-2337 b,TOI-2337,0.39,1.6,508.5254512,0.2041199826559248,1,Gas Giant (Jupiter-like),Metal-rich ([Fe/H] > +0.15),2.99432,4780.0,1.325,Transit
TOI-2338 b,TOI-2338,0.22,5.98,1900.61387386,0.7767011839884109,1,Gas Giant (Jupiter-like),Metal-rich ([Fe/H] > +0.15),22.65398,5581.0,0.99,Transit
TOI-2345 b,TOI-2345,-0.1,0.01098077,3.49,-1.9593672049655209,0,Terrestrial (Earth-like),Solar-like (-0.15 <= [Fe/H] <= +0.15),1.0528573,4687.0,0.727,Transit
TOI-2345 c,TOI-2345,-0.1,0.02287398,7.27,-1.640658262955421,0,Terrestrial (Earth-like),Solar-like (-0.15 <= [Fe/H] <= +0.15),21.064302,4687.0,0.727,Transit
TOI-2346 b,TOI-2346,-0.03,1.24,394.10722468,0.09342168516223506,1,Gas Giant (Jupiter-like),Solar-like (-0.15 <= [Fe/H] <= +0.15),3.3312029,6480.0,1.271,Transit
TOI-2364 b,TOI-2364,0.344,0.225,71.51139158,-0.6478174818886375,1,Gas Giant (Jupiter-like),Metal-rich ([Fe/H] > +0.15),4.0197517,5306.0,0.954,Transit
TOI-2368 b,TOI-2368,0.1,0.65,206.58846455,-0.18708664335714442,1,Gas Giant (Jupiter-like),Solar-like (-0.15 <= [Fe/H] <= +0.15),5.1750073,5360.0,0.897,Transit
TOI-2373 b,TOI-2373,0.3,9.3,2955.8041851,0.9684829485539351,1,Gas Giant (Jupiter-like),Metal-rich ([Fe/H] > +0.15),13.33668,5651.0,1.041,Transit
TOI-2374 b,TOI-2374,0.128,0.194,61.65871096,-0.712198270069774,1,Gas Giant (Jupiter-like),Solar-like (-0.15 <= [Fe/H] <= +0.15),4.3136193,5002.0,0.802,Transit
TOI-2379 b,TOI-2379,0.501,5.76,1830.69162432,0.7604224834232121,1,Gas Giant (Jupiter-like),Metal-rich ([Fe/H] > +0.15),5.4693827,3707.0,0.645,Transit
TOI-238 b,TOI-238,-0.114,0.01060321,3.37,-1.9745626371650449,0,Terrestrial (Earth-like),Solar-like (-0.15 <= [Fe/H] <= +0.15),1.273099,5059.0,0.781,Transit
TOI-238 c,TOI-238,-0.114,0.02108056,6.7,-1.6761178563779209,0,Terrestrial (Earth-like),Solar-like (-0.15 <= [Fe/H] <= +0.15),8.465651,5059.0,0.79,Radial Velocity
TOI-2382 b,TOI-2382,0.249,0.74,235.19302118,-0.13076828026902382,1,Gas Giant (Jupiter-like),Metal-rich ([Fe/H] > +0.15),4.6612061,6033.0,1.26,Transit
TOI-2384 b,TOI-2384,0.332,1.966,624.85064816,0.29358351349611683,1,Gas Giant (Jupiter-like),Metal-rich ([Fe/H] > +0.15),2.13570304,3943.0,0.635,Transit
TOI-2406 b,TOI-2406,-0.26,0.04908309,15.6,-1.3090681043047177,0,Neptunian / Sub-Neptune,Metal-poor ([Fe/H] < -0.15),3.0766891,3100.0,0.166,Transit
TOI-2416 b,TOI-2416,0.32,3.0,953.485221,0.47712125471966244,1,Gas Giant (Jupiter-like),Metal-rich ([Fe/H] > +0.15),8.275479,5808.0,1.118,Transit
TOI-2421 b,TOI-2421,0.19,0.333,105.83685953,-0.4775557664936801,1,Gas Giant (Jupiter-like),Metal-rich ([Fe/H] > +0.15),4.3474032,5607.0,1.131,Transit
TOI-2431 b,TOI-2431,-0.02,0.01950738,6.2,-1.7098010559745507,0,Terrestrial (Earth-like),Solar-like (-0.15 <= [Fe/H] <= +0.15),0.22419578,4109.0,0.661,Transit
TOI-244 b,TOI-244,-0.39,0.00843222,2.68,-2.0740580710665846,0,Terrestrial (Earth-like),Metal-poor ([Fe/H] < -0.15),7.397225,3433.0,0.428,Transit
TOI-2443 b,TOI-2443,-0.29,0.01510249,4.8,-1.8209514431632208,0,Terrestrial (Earth-like),Metal-poor ([Fe/H] < -0.15),15.66858,4375.0,0.642,Transit
TOI-2447 b,TOI-2447,0.18,0.393,124.90656395,-0.4056074496245733,1,Gas Giant (Jupiter-like),Metal-rich ([Fe/H] > +0.15),69.33684,5730.0,1.034,Transit
TOI-2449 b,TOI-2449,-0.03,0.7,222.0,-0.1549019599857432,1,Gas Giant (Jupiter-like),Solar-like (-0.15 <= [Fe/H] <= +0.15),106.14468,6021.0,1.079,Transit
TOI-2458 b,TOI-2458,-0.1,0.04187794,13.31,-1.3780146896635976,0,Neptunian / Sub-Neptune,Solar-like (-0.15 <= [Fe/H] <= +0.15),3.73659,6005.0,1.05,Transit
TOI-2458 c,TOI-2458,-0.1,0.03215572,10.22,-1.4927417616673992,0,Neptunian / Sub-Neptune,Solar-like (-0.15 <= [Fe/H] <= +0.15),16.553,6005.0,1.05,Radial Velocity
TOI-2497 b,TOI-2497,0.094,4.82,1531.93292174,0.6830470382388496,1,Gas Giant (Jupiter-like),Solar-like (-0.15 <= [Fe/H] <= +0.15),10.655669,7360.0,1.859,Transit
TOI-2498 b,TOI-2498,0.167,0.1089267,34.62,-0.9628656533811188,1,Gas Giant (Jupiter-like),Metal-rich ([Fe/H] > +0.15),3.738252,5905.0,1.12,Transit
TOI-251 b,TOI-251,-0.106,1.0,317.83,0.0,1,Gas Giant (Jupiter-like),Solar-like (-0.15 <= [Fe/H] <= +0.15),4.93777,5875.0,1.036,Transit
TOI-2524 b,TOI-2524,0.06,0.64,203.41018048,-0.1938200260161128,1,Gas Giant (Jupiter-like),Solar-like (-0.15 <= [Fe/H] <= +0.15),7.18585,5831.0,1.007,Transit
TOI-2525 b,TOI-2525,0.14,0.084,26.69758619,-1.0757207139381184,0,Neptunian / Sub-Neptune,Solar-like (-0.15 <= [Fe/H] <= +0.15),23.2856,5096.0,0.849,Transit
TOI-2525 c,TOI-2525,0.14,0.657,208.8132634,-0.1824346304402192,1,Gas Giant (Jupiter-like),Solar-like (-0.15 <= [Fe/H] <= +0.15),49.2519,5096.0,0.849,Transit
TOI-2529 b,TOI-2529,0.1,2.34,743.71847238,0.3692158574101428,1,Gas Giant (Jupiter-like),Solar-like (-0.15 <= [Fe/H] <= +0.15),64.5949,5802.0,1.11,Transit
TOI-2537 b,TOI-2537,0.08,1.307,415.40172795,0.11627558758054428,1,Gas Giant (Jupiter-like),Solar-like (-0.15 <= [Fe/H] <= +0.15),94.1022,4870.0,0.771,Transit
TOI-2537 c,TOI-2537,0.08,7.23,2297.89938261,0.8591382972945308,1,Gas Giant (Jupiter-like),Solar-like (-0.15 <= [Fe/H] <= +0.15),1920.0,4870.0,0.771,Radial Velocity
TOI-2567 b,TOI-2567,0.241,0.201,63.88350981,-0.6968039425795111,1,Gas Giant (Jupiter-like),Metal-rich ([Fe/H] > +0.15),5.983944,5611.0,1.13,Transit
TOI-257 b,TOI-257,0.175,0.138,43.86032017,-0.8601209135987634,1,Gas Giant (Jupiter-like),Metal-rich ([Fe/H] > +0.15),18.38818,6095.0,1.407,Transit
TOI-2570 b,TOI-2570,0.191,0.82,260.61929374,-0.08618614761628333,1,Gas Giant (Jupiter-like),Metal-rich ([Fe/H] > +0.15),2.9887615,5771.0,1.063,Transit
TOI-2578 b,TOI-2578,0.01,0.526,167.17774208,-0.27901425584626094,1,Gas Giant (Jupiter-like),Solar-like (-0.15 <= [Fe/H] <= +0.15),3.4579667,6333.0,1.27,Transit
TOI-2580 b,TOI-2580,0.26,0.63,200.23189641,-0.2006594505464183,1,Gas Giant (Jupiter-like),Metal-rich ([Fe/H] > +0.15),3.39775,6120.0,1.33,Transit
TOI-2583 A b,TOI-2583 A,0.158,0.25,79.45710175,-0.6020599913279624,1,Gas Giant (Jupiter-like),Metal-rich ([Fe/H] > +0.15),4.5207265,5936.0,1.215,Transit
TOI-2587 A b,TOI-2587 A,0.13,0.218,69.28659273,-0.6615435063953952,1,Gas Giant (Jupiter-like),Solar-like (-0.15 <= [Fe/H] <= +0.15),5.45664,5760.0,1.15,Transit
TOI-2589 b,TOI-2589,0.12,3.5,1112.3994245,0.5440680443502757,1,Gas Giant (Jupiter-like),Solar-like (-0.15 <= [Fe/H] <= +0.15),61.6277,5579.0,0.93,Transit
TOI-260 b,TOI-260,-0.47,0.01330907,4.23,-1.8758522907296313,0,Terrestrial (Earth-like),Metal-poor ([Fe/H] < -0.15),13.475853,4026.0,0.616,Transit
TOI-2641 b,TOI-2641,-0.15,0.386,122.6817651,-0.41341269532824504,1,Gas Giant (Jupiter-like),Solar-like (-0.15 <= [Fe/H] <= +0.15),4.880974,6100.0,1.16,Transit
TOI-2669 b,TOI-2669,0.1,0.61,193.87532827,-0.21467016498923297,1,Gas Giant (Jupiter-like),Solar-like (-0.15 <= [Fe/H] <= +0.15),6.2034,4800.0,1.19,Transit
TOI-269 b,TOI-269,-0.29,0.0276879,8.8,-1.5577099822463838,0,Terrestrial (Earth-like),Metal-poor ([Fe/H] < -0.15),3.6977104,3514.0,0.3917,Transit
TOI-2714 b,TOI-2714,0.3,0.71736822,228.0,-0.14425786683533467,1,Gas Giant (Jupiter-like),Metal-rich ([Fe/H] > +0.15),2.499387,5665.0,1.07,Transit
TOI-2796 b,TOI-2796,0.239,0.44,139.84449908,-0.3565473235138126,1,Gas Giant (Jupiter-like),Metal-rich ([Fe/H] > +0.15),4.8084983,5764.0,1.063,Transit
TOI-2803 A b,TOI-2803 A,-0.105,0.975,309.88269682,-0.010995384301463193,1,Gas Giant (Jupiter-like),Solar-like (-0.15 <= [Fe/H] <= +0.15),1.96229325,6280.0,1.118,Transit
TOI-2818 b,TOI-2818,-0.02,0.71,225.65816897,-0.14874165128092473,1,Gas Giant (Jupiter-like),Solar-like (-0.15 <= [Fe/H] <= +0.15),4.039709,5721.0,0.977,Transit
TOI-283 b,TOI-283,-0.09,0.02057714,6.54,-1.6866149876169407,0,Terrestrial (Earth-like),Solar-like (-0.15 <= [Fe/H] <= +0.15),17.61745,5213.0,0.8,Transit
TOI-2842 b,TOI-2842,0.233,0.37,117.59651059,-0.431798275933005,1,Gas Giant (Jupiter-like),Metal-rich ([Fe/H] > +0.15),3.5514058,5910.0,1.135,Transit
TOI-286 b,TOI-286,-0.05,0.01425297,4.53,-1.846094628973822,0,Terrestrial (Earth-like),Solar-like (-0.15 <= [Fe/H] <= +0.15),4.5117244,5152.0,0.832,Transit
TOI-286 c,TOI-286,-0.05,0.01170443,3.72,-1.931649731380626,0,Terrestrial (Earth-like),Solar-like (-0.15 <= [Fe/H] <= +0.15),39.361826,5152.0,0.832,Transit
TOI-2876 b,TOI-2876,0.353,0.17,54.03082919,-0.769551078621726,1,Gas Giant (Jupiter-like),Metal-rich ([Fe/H] > +0.15),6.2996431,5271.0,0.939,Transit
TOI-2886 b,TOI-2886,0.284,1.4,444.9597698,0.146128035678238,1,Gas Giant (Jupiter-like),Metal-rich ([Fe/H] > +0.15),1.60200105,6240.0,1.229,Transit
TOI-2969 b,TOI-2969,0.08,1.16,368.68095212,0.06445798922691845,1,Gas Giant (Jupiter-like),Solar-like (-0.15 <= [Fe/H] <= +0.15),1.8237146,4738.0,0.71,Transit
TOI-2977 b,TOI-2977,0.013,1.68,533.95172376,0.22530928172586284,1,Gas Giant (Jupiter-like),Solar-like (-0.15 <= [Fe/H] <= +0.15),2.3505614,5691.0,0.936,Transit
TOI-2981 b,TOI-2981,-0.11,2.00737249,638.0,0.3026279680736855,1,Gas Giant (Jupiter-like),Solar-like (-0.15 <= [Fe/H] <= +0.15),3.601501,5940.0,1.03,Transit
TOI-2986 b,TOI-2986,0.095,0.304,96.61983573,-0.5171264163912462,1,Gas Giant (Jupiter-like),Solar-like (-0.15 <= [Fe/H] <= +0.15),3.2783662,5906.0,1.122,Transit
TOI-2989 b,TOI-2989,-0.04,3.0,953.485221,0.47712125471966244,1,Gas Giant (Jupiter-like),Solar-like (-0.15 <= [Fe/H] <= +0.15),3.122832,4672.0,0.77,Transit
TOI-2992 b,TOI-2992,0.084,3.33,1058.36859531,0.5224442335063199,1,Gas Giant (Jupiter-like),Solar-like (-0.15 <= [Fe/H] <= +0.15),3.007812,6000.0,1.21,Transit
TOI-3023 b,TOI-3023,0.085,0.62,197.05361234,-0.20760831050174613,1,Gas Giant (Jupiter-like),Solar-like (-0.15 <= [Fe/H] <= +0.15),3.9014971,5760.0,1.12,Transit
TOI-3053 b,TOI-3053,0.2,0.85,270.15414595,-0.07058107428570728,1,Gas Giant (Jupiter-like),Metal-rich ([Fe/H] > +0.15),2.9919987,5378.0,0.96,Transit
TOI-3071 b,TOI-3071,0.35,0.2145812,68.2,-0.668408330337989,1,Gas Giant (Jupiter-like),Metal-rich ([Fe/H] > +0.15),1.266938,6177.0,1.29,Transit
TOI-3135 b,TOI-3135,0.071,1.03,327.36325921,0.012837224705172217,1,Gas Giant (Jupiter-like),Solar-like (-0.15 <= [Fe/H] <= +0.15),3.7065585,5890.0,1.044,Transit
TOI-3160 A b,TOI-3160 A,-0.114,1.19,378.21580433,0.07554696139253074,1,Gas Giant (Jupiter-like),Solar-like (-0.15 <= [Fe/H] <= +0.15),3.971281,6190.0,1.088,Transit
TOI-3235 b,TOI-3235,0.264,0.665,211.35589065,-0.17717835469689538,1,Gas Giant (Jupiter-like),Metal-rich ([Fe/H] > +0.15),2.59261842,3388.8,0.3939,Transit
TOI-3261 b,TOI-3261,0.138,0.09533446,30.3,-1.0207500890497982,0,Neptunian / Sub-Neptune,Solar-like (-0.15 <= [Fe/H] <= +0.15),0.8831331,5068.0,0.861,Transit
TOI-3278 b,TOI-3278,0.04,0.3,95.3485221,-0.5228787452803376,1,Gas Giant (Jupiter-like),Solar-like (-0.15 <= [Fe/H] <= +0.15),3.246456,5720.0,1.04,Transit
TOI-3288 b,TOI-3288,0.65,1.687,536.17652261,0.22711508258912522,1,Gas Giant (Jupiter-like),Metal-rich ([Fe/H] > +0.15),1.4338647,4072.0,0.643,Transit
TOI-329 b,TOI-329,0.205,0.12711262,40.4,-0.8958113296640854,1,Gas Giant (Jupiter-like),Metal-rich ([Fe/H] > +0.15),5.70439,5614.0,1.0678,Transit
TOI-332 b,TOI-332,0.256,0.17997133,57.2,-0.7447966738661551,1,Gas Giant (Jupiter-like),Metal-rich ([Fe/H] > +0.15),0.777038,5251.0,0.88,Transit
TOI-3321 b,TOI-3321,-0.103,0.554,176.07693748,-0.2564902352715702,1,Gas Giant (Jupiter-like),Solar-like (-0.15 <= [Fe/H] <= +0.15),3.6525145,5850.0,1.041,Transit
TOI-333 b,TOI-333,0.01,0.06324167,20.1,-1.1989966703304564,0,Neptunian / Sub-Neptune,Solar-like (-0.15 <= [Fe/H] <= +0.15),3.7852503,6241.0,1.2,Transit
TOI-3331 A b,TOI-3331 A,0.148,2.27,721.47048389,0.35602585719312274,1,Gas Giant (Jupiter-like),Solar-like (-0.15 <= [Fe/H] <= +0.15),2.0180231,5609.0,1.016,Transit
TOI-3362 b,TOI-3362,0.017,5.029,1598.3590588,0.7014816356209271,1,Gas Giant (Jupiter-like),Solar-like (-0.15 <= [Fe/H] <= +0.15),18.09547,6532.0,1.445,Transit
TOI-3364 b,TOI-3364,0.387,1.67,530.77343969,0.22271647114758325,1,Gas Giant (Jupiter-like),Metal-rich ([Fe/H] > +0.15),5.8768918,5706.0,1.186,Transit
TOI-3457 b,TOI-3457,0.28,2.51,797.74930157,0.3996737214810381,1,Gas Giant (Jupiter-like),Metal-rich ([Fe/H] > +0.15),32.600268,6300.0,1.04,Transit
TOI-3464 b,TOI-3464,0.045,1.25,397.28550875,0.09691001300805642,1,Gas Giant (Jupiter-like),Solar-like (-0.15 <= [Fe/H] <= +0.15),3.6515568,6370.0,1.363,Transit
TOI-3474 b,TOI-3474,0.146,0.61,193.87532827,-0.21467016498923297,1,Gas Giant (Jupiter-like),Solar-like (-0.15 <= [Fe/H] <= +0.15),3.8795105,6020.0,1.121,Transit
TOI-3486 b,TOI-3486,0.283,0.312,99.16246298,-0.5058454059815573,1,Gas Giant (Jupiter-like),Metal-rich ([Fe/H] > +0.15),2.21778105,4930.0,0.837,Transit
TOI-3493 b,TOI-3493,0.03,0.02822278,8.97,-1.5494002096038146,0,Terrestrial (Earth-like),Solar-like (-0.15 <= [Fe/H] <= +0.15),8.1594667,5844.0,1.023,Transit
TOI-3523 A b,TOI-3523 A,-0.366,1.37,435.42491759,0.1367205671564068,1,Gas Giant (Jupiter-like),Metal-poor ([Fe/H] < -0.15),2.30458952,6450.0,1.131,Transit
TOI-3540 A b,TOI-3540 A,0.176,1.18,375.03752026,0.07188200730612536,1,Gas Giant (Jupiter-like),Metal-rich ([Fe/H] > +0.15),3.119999,5810.0,1.081,Transit
TOI-3568 b,TOI-3568,-0.01,0.083,26.4,-1.080921907623926,0,Neptunian / Sub-Neptune,Solar-like (-0.15 <= [Fe/H] <= +0.15),4.417965,4969.0,0.78,Transit
TOI-3593 b,TOI-3593,0.384,1.78,565.73456446,0.250420002308894,1,Gas Giant (Jupiter-like),Metal-rich ([Fe/H] > +0.15),3.8212867,5550.0,1.015,Transit
TOI-3629 b,TOI-3629,0.4,0.26,82.63538582,-0.585026652029182,1,Gas Giant (Jupiter-like),Metal-rich ([Fe/H] > +0.15),3.936551,3870.0,0.63,Transit
TOI-3664 b,TOI-3664,0.17,0.36,114.41822652,-0.44369749923271273,1,Gas Giant (Jupiter-like),Metal-rich ([Fe/H] > +0.15),3.2974839,5593.0,0.98,Transit
TOI-3682 b,TOI-3682,0.416,0.218,69.28659273,-0.6615435063953952,1,Gas Giant (Jupiter-like),Metal-rich ([Fe/H] > +0.15),3.3462406,5703.0,1.32,Transit
TOI-3688 A b,TOI-3688 A,0.262,0.98,311.47183886,-0.00877392430750515,1,Gas Giant (Jupiter-like),Metal-rich ([Fe/H] > +0.15),3.246075,5950.0,1.199,Transit
TOI-3693 b,TOI-3693,0.071,1.02,324.18497514,0.00860017176191757,1,Gas Giant (Jupiter-like),Solar-like (-0.15 <= [Fe/H] <= +0.15),9.088516,5321.0,0.867,Transit
TOI-3714 b,TOI-3714,0.1,0.7,222.4798849,-0.1549019599857432,1,Gas Giant (Jupiter-like),Solar-like (-0.15 <= [Fe/H] <= +0.15),2.154849,3660.0,0.53,Transit
TOI-375 b,TOI-375,0.084,0.745,236.78216321,-0.12784372725170717,1,Gas Giant (Jupiter-like),Solar-like (-0.15 <= [Fe/H] <= +0.15),9.45469,5259.9,1.441,Transit
TOI-375 c,TOI-375,0.084,2.106,669.34662514,0.32345836684946766,1,Gas Giant (Jupiter-like),Solar-like (-0.15 <= [Fe/H] <= +0.15),115.5,5259.9,1.441,Radial Velocity
TOI-375 d,TOI-375,0.084,1.402,445.59542661,0.14674801363063983,1,Gas Giant (Jupiter-like),Solar-like (-0.15 <= [Fe/H] <= +0.15),297.9,5259.9,1.441,Radial Velocity
TOI-3757 b,TOI-3757,0.0,0.26838381,85.3,-0.5712436861175532,1,Gas Giant (Jupiter-like),Solar-like (-0.15 <= [Fe/H] <= +0.15),3.438753,3913.0,0.64,Transit
TOI-3785 b,TOI-3785,0.099,0.04703796,14.95,-1.3275515215397946,0,Neptunian / Sub-Neptune,Solar-like (-0.15 <= [Fe/H] <= +0.15),4.6747373,3576.0,0.52,Transit
TOI-3807 b,TOI-3807,0.278,1.04,330.54154328,0.01703333929878037,1,Gas Giant (Jupiter-like),Metal-rich ([Fe/H] > +0.15),2.8989727,5772.0,1.181,Transit
TOI-3819 b,TOI-3819,0.273,1.11,352.78953177,0.045322978786657475,1,Gas Giant (Jupiter-like),Metal-rich ([Fe/H] > +0.15),3.2443141,5859.0,1.242,Transit
TOI-3837 b,TOI-3837,-0.26,0.59,187.51876013,-0.22914798835785583,1,Gas Giant (Jupiter-like),Metal-poor ([Fe/H] < -0.15),11.88865,5905.0,0.89,Transit
TOI-3856 b,TOI-3856,0.454,0.54,171.62733978,-0.26760624017703144,1,Gas Giant (Jupiter-like),Metal-rich ([Fe/H] > +0.15),2.04360352,5622.0,1.096,Transit
TOI-3862 b,TOI-3862,0.11,0.1688,53.7,-0.7726275577103637,1,Gas Giant (Jupiter-like),Solar-like (-0.15 <= [Fe/H] <= +0.15),1.55745774,5300.0,0.9,Transit
TOI-3877 b,TOI-3877,0.269,0.314,99.7981198,-0.5030703519267851,1,Gas Giant (Jupiter-like),Metal-rich ([Fe/H] > +0.15),4.123596,5731.0,1.16,Transit
TOI-3884 b,TOI-3884,0.04,0.10253961,32.59,-0.9891083386916996,1,Gas Giant (Jupiter-like),Solar-like (-0.15 <= [Fe/H] <= +0.15),4.5445828,3180.0,0.298,Transit
TOI-3894 b,TOI-3894,0.021,0.82,260.61929374,-0.08618614761628333,1,Gas Giant (Jupiter-like),Solar-like (-0.15 <= [Fe/H] <= +0.15),4.33454,6000.0,1.138,Transit
TOI-3912 b,TOI-3912,0.187,0.406,129.03833324,-0.39147396642280585,1,Gas Giant (Jupiter-like),Metal-rich ([Fe/H] > +0.15),3.4936264,5725.0,1.088,Transit
TOI-3919 b,TOI-3919,0.175,3.88,1233.17421916,0.5888317255942073,1,Gas Giant (Jupiter-like),Metal-rich ([Fe/H] > +0.15),7.433234,6100.0,1.208,Transit
TOI-3976 A b,TOI-3976 A,0.182,0.175,55.61997123,-0.7569619513137056,1,Gas Giant (Jupiter-like),Metal-rich ([Fe/H] > +0.15),6.607662,5975.0,1.254,Transit
TOI-3980 b,TOI-3980,0.188,0.59,187.51876013,-0.22914798835785583,1,Gas Giant (Jupiter-like),Metal-rich ([Fe/H] > +0.15),3.6089254,5840.0,1.24,Transit
TOI-3984 A b,TOI-3984 A,0.18,0.14,44.0,-0.8538719643217619,1,Gas Giant (Jupiter-like),Metal-rich ([Fe/H] > +0.15),4.353326,3476.0,0.49,Transit
TOI-4010 b,TOI-4010,0.37,0.03460987,11.0,-1.4608000319797434,0,Neptunian / Sub-Neptune,Metal-rich ([Fe/H] > +0.15),1.348335,4960.0,0.88,Transit
TOI-4010 c,TOI-4010,0.37,0.06390241,20.31,-1.1944827626559253,0,Neptunian / Sub-Neptune,Metal-rich ([Fe/H] > +0.15),5.414654,4960.0,0.88,Transit
TOI-4010 d,TOI-4010,0.37,0.12003332,38.15,-0.9206981815899218,1,Gas Giant (Jupiter-like),Metal-rich ([Fe/H] > +0.15),14.70886,4960.0,0.88,Transit
TOI-4010 e,TOI-4010,0.37,2.17727549,692.0,0.33791338366546475,1,Gas Giant (Jupiter-like),Metal-rich ([Fe/H] > +0.15),762.0,4960.0,0.88,Radial Velocity
TOI-4034 b,TOI-4034,0.12,0.87,276.51071409,-0.060480747381381476,1,Gas Giant (Jupiter-like),Solar-like (-0.15 <= [Fe/H] <= +0.15),1.8020932,5891.0,1.19,Transit
TOI-406 c,TOI-406,-0.02,0.00654441,2.08,-2.1841295004186696,0,Terrestrial (Earth-like),Solar-like (-0.15 <= [Fe/H] <= +0.15),3.307441,3392.0,0.408,Transit
TOI-406.01,TOI-406,-0.02,0.02067153,6.57,-1.6846273779461822,0,Terrestrial (Earth-like),Solar-like (-0.15 <= [Fe/H] <= +0.15),13.175682,3392.0,0.408,Transit
TOI-4087 b,TOI-4087,0.237,0.73,232.01473711,-0.1366771398795441,1,Gas Giant (Jupiter-like),Metal-rich ([Fe/H] > +0.15),3.1774835,6060.0,1.178,Transit
TOI-411 b,HD 22946,-0.08,0.04313648,13.71,-1.3651552968539504,0,Neptunian / Sub-Neptune,Solar-like (-0.15 <= [Fe/H] <= +0.15),4.040295,6169.0,1.098,Transit
TOI-411 c,HD 22946,-0.08,0.03058254,9.72,-1.5145264475641813,0,Terrestrial (Earth-like),Solar-like (-0.15 <= [Fe/H] <= +0.15),9.573083,6169.0,1.098,Transit
TOI-4127 b,TOI-4127,0.14,2.34,743.71847238,0.3692158574101428,1,Gas Giant (Jupiter-like),Solar-like (-0.15 <= [Fe/H] <= +0.15),56.3987,6096.0,1.23,Transit
TOI-4137 b,TOI-4137,0.182,1.44,457.67290608,0.15836249209524964,1,Gas Giant (Jupiter-like),Metal-rich ([Fe/H] > +0.15),3.8016122,6202.0,1.313,Transit
TOI-4145 A b,TOI-4145 A,0.168,0.43,136.66621501,-0.36653154442041347,1,Gas Giant (Jupiter-like),Metal-rich ([Fe/H] > +0.15),4.0664428,5281.0,0.905,Transit
TOI-4153 b,TOI-4153,0.317,1.15,365.50266805,0.06069784035361165,1,Gas Giant (Jupiter-like),Metal-rich ([Fe/H] > +0.15),4.6174141,6860.0,1.572,Transit
TOI-4201 b,TOI-4201,0.52,2.48,788.21444936,0.3944516808262163,1,Gas Giant (Jupiter-like),Metal-rich ([Fe/H] > +0.15),3.5819194,3794.0,0.61,Transit
TOI-421 b,TOI-421,-0.044,0.02108056,6.7,-1.6761178563779209,0,Terrestrial (Earth-like),Solar-like (-0.15 <= [Fe/H] <= +0.15),5.197576,5291.0,0.833,Transit
TOI-421 c,TOI-421,-0.044,0.04436356,14.1,-1.3529736107122332,0,Neptunian / Sub-Neptune,Solar-like (-0.15 <= [Fe/H] <= +0.15),16.067541,5291.0,0.833,Transit
TOI-4214 b,TOI-4214,0.294,0.52,165.27077164,-0.28399665636520083,1,Gas Giant (Jupiter-like),Metal-rich ([Fe/H] > +0.15),3.4913885,6370.0,1.382,Transit
TOI-431 b,TOI-431,0.2,0.0096593,3.07,-2.0150543453394323,0,Terrestrial (Earth-like),Metal-rich ([Fe/H] > +0.15),0.490047,4850.0,0.78,Transit
TOI-431 c,TOI-431,0.2,0.00890418,2.83,-2.050406069224045,0,Terrestrial (Earth-like),Metal-rich ([Fe/H] > +0.15),4.8494,4850.0,0.78,Radial Velocity
TOI-431 d,TOI-431,0.2,0.03114888,9.9,-1.5065575643680342,0,Terrestrial (Earth-like),Metal-rich ([Fe/H] > +0.15),12.46103,4850.0,0.78,Transit
TOI-4311 b,TOI-4311,-0.065,0.01415858,4.5,-1.8489803009604011,0,Terrestrial (Earth-like),Solar-like (-0.15 <= [Fe/H] <= +0.15),0.9902738,5063.0,0.816,Transit
TOI-4311 c,TOI-4311,-0.065,0.04272746,13.58,-1.3692929237232052,0,Neptunian / Sub-Neptune,Solar-like (-0.15 <= [Fe/H] <= +0.15),15.070425,5063.0,0.816,Transit
TOI-4329 b,TOI-4329,0.29,0.45,143.02278315,-0.3467874862246563,1,Gas Giant (Jupiter-like),Metal-rich ([Fe/H] > +0.15),2.9223,6000.0,1.538,Transit
TOI-4336 A b,TOI-4336 A,0.14,0.01047735,3.33,-1.979748548068788,0,Terrestrial (Earth-like),Solar-like (-0.15 <= [Fe/H] <= +0.15),16.336351,3307.0,0.306,Transit
TOI-4336 A c,TOI-4336 A,0.14,0.00487685,1.55,-2.3118606020410177,0,Terrestrial (Earth-like),Solar-like (-0.15 <= [Fe/H] <= +0.15),7.587266,3307.0,0.306,Transit
TOI-4342 b,TOI-4342,0.26,0.02296837,7.3,-1.6388698243575963,0,Terrestrial (Earth-like),Metal-rich ([Fe/H] > +0.15),5.5382592,3866.0,0.587,Transit
TOI-4342 c,TOI-4342,0.26,0.01510249,4.8,-1.8209514431632208,0,Terrestrial (Earth-like),Metal-rich ([Fe/H] > +0.15),10.688662,3866.0,0.587,Transit
TOI-4377 b,TOI-4377,0.205,0.957,304.1617855,-0.01908806222315645,1,Gas Giant (Jupiter-like),Metal-rich ([Fe/H] > +0.15),4.378081,4974.0,1.36,Transit
TOI-4379 b,TOI-4379,0.16,1.113,353.74301699,0.04649516433470831,1,Gas Giant (Jupiter-like),Metal-rich ([Fe/H] > +0.15),3.25352,6020.0,1.372,Transit
TOI-4406 b,TOI-4406,0.1,0.3,95.3485221,-0.5228787452803376,1,Gas Giant (Jupiter-like),Solar-like (-0.15 <= [Fe/H] <= +0.15),30.08364,6219.0,1.19,Transit
TOI-4409 b,TOI-4409,0.0,0.047,14.93793513,-1.3279021420642825,0,Neptunian / Sub-Neptune,Solar-like (-0.15 <= [Fe/H] <= +0.15),92.491789,4928.0,0.763,Transit
TOI-4427 b,TOI-4427,0.002,0.276,87.72064033,-0.5590909179347823,1,Gas Giant (Jupiter-like),Solar-like (-0.15 <= [Fe/H] <= +0.15),4.6182621,5347.0,0.9,Transit
TOI-4438 b,TOI-4438,0.07,0.01293151,4.11,-1.8883507600091256,0,Terrestrial (Earth-like),Solar-like (-0.15 <= [Fe/H] <= +0.15),7.446295,3501.0,0.345,Transit
TOI-4458 b,TOI-4458,0.17,1.737,552.06794296,0.23979981844709866,1,Gas Giant (Jupiter-like),Metal-rich ([Fe/H] > +0.15),3.9393792,6151.0,1.47,Transit
TOI-4463 A b,TOI-4463 A,0.25,0.794,252.35575516,-0.10017949757290372,1,Gas Giant (Jupiter-like),Metal-rich ([Fe/H] > +0.15),2.8807198,5640.0,1.056,Transit
TOI-4465 b,TOI-4465,-0.06,5.89,1872.00931723,0.7701152947871016,1,Gas Giant (Jupiter-like),Solar-like (-0.15 <= [Fe/H] <= +0.15),101.94054,5545.0,0.93,Transit
TOI-4487 A b,TOI-4487 A,0.216,1.25,397.28550875,0.09691001300805642,1,Gas Giant (Jupiter-like),Metal-rich ([Fe/H] > +0.15),3.9540709,6206.0,1.378,Transit
TOI-4492 b,TOI-4492,0.219,5.92,1881.54416944,0.7723217067229198,1,Gas Giant (Jupiter-like),Metal-rich ([Fe/H] > +0.15),4.4331824,5711.0,1.067,Transit
TOI-4495 b,TOI-4495,0.18,0.02422691,7.7,-1.6157019740393668,0,Terrestrial (Earth-like),Metal-rich ([Fe/H] > +0.15),2.56699,6210.0,1.247,Transit
TOI-4495 c,TOI-4495,0.18,0.07299536,23.2,-1.1367047452280525,0,Neptunian / Sub-Neptune,Metal-rich ([Fe/H] > +0.15),5.18553,6210.0,1.247,Transit
TOI-4507 b,TOI-4507,-0.06,0.06292704,20.0,-1.2011626963774198,0,Neptunian / Sub-Neptune,Solar-like (-0.15 <= [Fe/H] <= +0.15),104.61611,6260.0,1.11,Transit
TOI-451 b,TOI-451,0.02,0.01478785,4.7,-1.8300949633263233,0,Terrestrial (Earth-like),Solar-like (-0.15 <= [Fe/H] <= +0.15),1.8587033,5490.0,0.93,Transit
TOI-451 c,TOI-451,0.02,0.0116415,3.7,-1.933991057508113,0,Terrestrial (Earth-like),Solar-like (-0.15 <= [Fe/H] <= +0.15),9.192463,5490.0,0.93,Transit
TOI-451 d,TOI-451,0.02,0.03209279,10.2,-1.4935925256924685,0,Neptunian / Sub-Neptune,Solar-like (-0.15 <= [Fe/H] <= +0.15),16.364962,5490.0,0.93,Transit
TOI-4515 b,TOI-4515,0.05,2.005,637.0,0.3021143769562011,1,Gas Giant (Jupiter-like),Solar-like (-0.15 <= [Fe/H] <= +0.15),15.266446,5433.0,0.949,Transit
TOI-4529 b,TOI-4529,-0.24,0.01541712,4.9,-1.8119967472270642,0,Terrestrial (Earth-like),Metal-poor ([Fe/H] < -0.15),5.879577,3697.0,0.482,Transit
TOI-4551 b,TOI-4551,0.23,1.49,473.56432643,0.17318626841227402,1,Gas Giant (Jupiter-like),Metal-rich ([Fe/H] > +0.15),9.95581,4896.0,1.31,Transit
TOI-4552 b,TOI-4552,-0.07,0.00575782,1.83,-2.2397419160867393,0,Terrestrial (Earth-like),Solar-like (-0.15 <= [Fe/H] <= +0.15),0.30110032,3258.0,0.2619,Transit
TOI-4562 c,TOI-4562,0.08,5.77,1833.86990839,0.7611758131557314,1,Gas Giant (Jupiter-like),Solar-like (-0.15 <= [Fe/H] <= +0.15),3990.0,6096.0,1.192,Transit Timing Variations
TOI-4582 b,TOI-4582,0.17,0.53,168.44905571,-0.27572413039921095,1,Gas Giant (Jupiter-like),Metal-rich ([Fe/H] > +0.15),31.034,5190.0,1.34,Transit
TOI-4600 b,TOI-4600,0.16,3.02,959.84178914,0.48000694295715063,1,Gas Giant (Jupiter-like),Metal-rich ([Fe/H] > +0.15),82.6869,5170.0,0.89,Transit
TOI-4600 c,TOI-4600,0.16,9.27,2946.26933289,0.9670797341444971,1,Gas Giant (Jupiter-like),Metal-rich ([Fe/H] > +0.15),482.8191,5170.0,0.89,Transit
TOI-4602.01,TOI-4602,-0.26,0.0174,5.53,-1.7594507517174003,0,Terrestrial (Earth-like),Metal-poor ([Fe/H] < -0.15),3.9812999,5966.0,0.9,Transit
TOI-4603 b,TOI-4603,0.342,12.89,4096.80816623,1.110252917353403,1,Gas Giant (Jupiter-like),Metal-rich ([Fe/H] > +0.15),7.24599,6264.0,1.765,Transit
TOI-4641 b,TOI-4641,-0.09,3.87,1229.99593509,0.5877109650189114,1,Gas Giant (Jupiter-like),Solar-like (-0.15 <= [Fe/H] <= +0.15),22.09341,6560.0,1.41,Transit
TOI-4666 b,TOI-4666,0.79,0.489,155.41809102,-0.3106911408763798,1,Gas Giant (Jupiter-like),Metal-rich ([Fe/H] > +0.15),2.9089165,3793.0,0.576,Transit
TOI-469.01,TOI-469,0.24,0.0286318,9.1,-1.543151348258725,0,Terrestrial (Earth-like),Metal-rich ([Fe/H] > +0.15),13.6308205,5289.0,0.901,Transit
TOI-4734 b,TOI-4734,0.288,0.194,61.65871096,-0.712198270069774,1,Gas Giant (Jupiter-like),Metal-rich ([Fe/H] > +0.15),6.235633,6070.0,1.391,Transit
TOI-4773 b,TOI-4773,0.11,5.31,1687.66884117,0.725094521081469,1,Gas Giant (Jupiter-like),Solar-like (-0.15 <= [Fe/H] <= +0.15),1.7452851,6740.0,1.452,Transit
TOI-4791 b,TOI-4791,0.207,2.31,734.18362017,0.36361197989214433,1,Gas Giant (Jupiter-like),Metal-rich ([Fe/H] > +0.15),4.28088,6058.0,1.242,Transit
TOI-4794 b,TOI-4794,-0.102,0.97,308.29355479,-0.01322826573375516,1,Gas Giant (Jupiter-like),Solar-like (-0.15 <= [Fe/H] <= +0.15),3.5658116,6390.0,1.25,Transit
TOI-480 b,TOI-480,0.164,0.06544412,20.8,-1.1841293676964177,0,Neptunian / Sub-Neptune,Metal-rich ([Fe/H] > +0.15),6.866196,6174.0,1.2793,Transit
TOI-481 b,TOI-481,0.26,1.53,486.2799,0.1846914308175988,1,Gas Giant (Jupiter-like),Metal-rich ([Fe/H] > +0.15),10.33111,5735.0,1.14,Transit
TOI-4860 b,TOI-4860,0.27,0.273,86.7,-0.563837352959244,1,Gas Giant (Jupiter-like),Metal-rich ([Fe/H] > +0.15),1.5227591,3260.0,0.34,Transit
TOI-4914 b,TOI-4914,-0.13,0.71422187,227.0,-0.146166855522543,1,Gas Giant (Jupiter-like),Solar-like (-0.15 <= [Fe/H] <= +0.15),10.60057,5805.0,1.03,Transit
TOI-4940 b,TOI-4940,0.326,0.28002532,89.0,-0.5528026978037798,1,Gas Giant (Jupiter-like),Metal-rich ([Fe/H] > +0.15),25.867811,5504.0,1.012,Transit
TOI-4961 b,TOI-4961,0.206,1.8,572.0911326,0.25527250510330607,1,Gas Giant (Jupiter-like),Metal-rich ([Fe/H] > +0.15),7.479182,5380.0,0.912,Transit
TOI-4994 b,TOI-4994,0.165,0.28,88.99195396,-0.5528419686577808,1,Gas Giant (Jupiter-like),Metal-rich ([Fe/H] > +0.15),21.491984,5640.0,1.005,Transit
TOI-500 b,TOI-500,0.12,0.00446782,1.42,-2.3499043321055426,0,Terrestrial (Earth-like),Solar-like (-0.15 <= [Fe/H] <= +0.15),0.548177,4440.0,0.74,Transit
TOI-500 c,TOI-500,0.12,0.01582615,5.03,-1.8006247223527554,0,Terrestrial (Earth-like),Solar-like (-0.15 <= [Fe/H] <= +0.15),6.6356,4440.0,0.74,Radial Velocity
TOI-500 d,TOI-500,0.12,0.10420717,33.12,-0.9821023982696349,1,Gas Giant (Jupiter-like),Solar-like (-0.15 <= [Fe/H] <= +0.15),26.233,4440.0,0.74,Radial Velocity
TOI-500 e,TOI-500,0.12,0.0473526,15.05,-1.3246561700999326,0,Neptunian / Sub-Neptune,Solar-like (-0.15 <= [Fe/H] <= +0.15),61.3,4440.0,0.74,Radial Velocity
TOI-5005 b,TOI-5005,0.15,0.103,32.7,-0.9871627752948278,1,Gas Giant (Jupiter-like),Solar-like (-0.15 <= [Fe/H] <= +0.15),6.3085044,5749.0,0.97,Transit
TOI-5007 b,TOI-5007,0.43,0.664,211.03806225,-0.1778319206319825,1,Gas Giant (Jupiter-like),Metal-rich ([Fe/H] > +0.15),2.543371,3793.0,0.632,Transit
TOI-5027 b,TOI-5027,-0.15,2.02,642.01338214,0.3053513694466238,1,Gas Giant (Jupiter-like),Solar-like (-0.15 <= [Fe/H] <= +0.15),10.24368,5909.0,1.02,Transit
TOI-5076 b,TOI-5076,0.082,0.0508,16.14568308,-1.2941362877160807,0,Neptunian / Sub-Neptune,Solar-like (-0.15 <= [Fe/H] <= +0.15),23.443162,4780.0,0.789,Transit
TOI-5108 b,TOI-5108,0.2,0.10068326,32.0,-0.997042730975385,1,Gas Giant (Jupiter-like),Metal-rich ([Fe/H] > +0.15),6.753581,5808.0,1.1,Transit
TOI-5110 b,TOI-5110,0.065,2.9,921.7023803,0.4623979978989561,1,Gas Giant (Jupiter-like),Solar-like (-0.15 <= [Fe/H] <= +0.15),30.158577,6160.0,1.469,Transit
TOI-512 b,TOI-512,-0.11,0.01123248,3.57,-1.9495243460175875,0,Terrestrial (Earth-like),Solar-like (-0.15 <= [Fe/H] <= +0.15),7.18886,5277.0,0.74,Transit
TOI-5153 b,TOI-5153,0.12,3.26,1036.12060682,0.5132176000679389,1,Gas Giant (Jupiter-like),Solar-like (-0.15 <= [Fe/H] <= +0.15),20.33003,6300.0,1.24,Transit
TOI-5181 A b,TOI-5181 A,0.208,1.04,330.54154328,0.01703333929878037,1,Gas Giant (Jupiter-like),Metal-rich ([Fe/H] > +0.15),3.8922295,6060.0,1.25,Transit
TOI-519 b,TOI-519,0.27,0.463,147.15455244,-0.33441900898204685,1,Gas Giant (Jupiter-like),Metal-rich ([Fe/H] > +0.15),1.2652328,3322.0,0.335,Transit
TOI-5205 b,TOI-5205,0.0,1.08,343.0,0.03342375548694973,1,Gas Giant (Jupiter-like),Solar-like (-0.15 <= [Fe/H] <= +0.15),1.630757,3430.0,0.392,Transit
TOI-521 b,TOI-521,-0.12,0.01667566,5.3,-1.777916968284836,0,Terrestrial (Earth-like),Solar-like (-0.15 <= [Fe/H] <= +0.15),1.54285047,3544.0,0.42,Transit
TOI-5210 b,TOI-5210,0.324,0.258,81.99972901,-0.5883802940367698,1,Gas Giant (Jupiter-like),Metal-rich ([Fe/H] > +0.15),4.5661061,5723.0,1.105,Transit
TOI-5218 b,TOI-5218,0.41,2.06715317,657.0,0.315372657769635,1,Gas Giant (Jupiter-like),Metal-rich ([Fe/H] > +0.15),4.291452,4230.0,0.739,Transit
TOI-5232 b,TOI-5232,-0.104,2.34,743.71847238,0.3692158574101428,1,Gas Giant (Jupiter-like),Solar-like (-0.15 <= [Fe/H] <= +0.15),4.0966692,6500.0,1.389,Transit
TOI-5261 b,TOI-5261,0.254,11.49,3651.84839643,1.0603200286882852,1,Gas Giant (Jupiter-like),Metal-rich ([Fe/H] > +0.15),4.1509768,5790.0,1.037,Transit
TOI-5292 A b,TOI-5292 A,0.33,1.299,412.85910069,0.11360915107302785,1,Gas Giant (Jupiter-like),Metal-rich ([Fe/H] > +0.15),2.02191,3919.0,0.596,Transit
TOI-5293 A b,TOI-5293 A,-0.03,0.54,170.4,-0.26760624017703144,1,Gas Giant (Jupiter-like),Solar-like (-0.15 <= [Fe/H] <= +0.15),2.930289,3586.0,0.54,Transit
TOI-530 b,TOI-530,0.376,0.4,127.1313628,-0.3979400086720376,1,Gas Giant (Jupiter-like),Metal-rich ([Fe/H] > +0.15),6.387597,3659.0,0.53,Transit
TOI-5300 b,TOI-5300,-0.17,0.6,190.6970442,-0.2218487496163564,1,Gas Giant (Jupiter-like),Metal-poor ([Fe/H] < -0.15),2.262196,4610.0,0.67,Transit
TOI-5301 b,TOI-5301,0.03,3.72,1182.32167404,0.5705429398818975,1,Gas Giant (Jupiter-like),Solar-like (-0.15 <= [Fe/H] <= +0.15),5.858858,6240.0,1.483,Transit
TOI-532 b,TOI-532,0.338,0.19350064,61.5,-0.7133175942212518,1,Gas Giant (Jupiter-like),Metal-rich ([Fe/H] > +0.15),2.3266508,3927.0,0.639,Transit
TOI-5322 b,TOI-5322,-0.048,0.579,184.02264765,-0.23732143627256383,1,Gas Giant (Jupiter-like),Solar-like (-0.15 <= [Fe/H] <= +0.15),5.4233207,5692.0,0.998,Transit
TOI-5340 b,TOI-5340,0.208,0.85,270.15414595,-0.07058107428570728,1,Gas Giant (Jupiter-like),Metal-rich ([Fe/H] > +0.15),4.9394392,5990.0,1.35,Transit
TOI-5344 b,TOI-5344,0.425,0.412,130.94530368,-0.3851027839668654,1,Gas Giant (Jupiter-like),Metal-rich ([Fe/H] > +0.15),3.792622,3747.0,0.612,Transit
TOI-5349 b,TOI-5349,0.5,0.4,127.4,-0.3979400086720376,1,Gas Giant (Jupiter-like),Metal-rich ([Fe/H] > +0.15),3.317921,3751.0,0.61,Transit
TOI-5350 b,TOI-5350,0.044,6.59,2094.48920213,0.8188854145940099,1,Gas Giant (Jupiter-like),Solar-like (-0.15 <= [Fe/H] <= +0.15),7.581367,6220.0,1.167,Transit
TOI-5386 A b,TOI-5386 A,0.182,0.488,155.10026262,-0.3115801779972894,1,Gas Giant (Jupiter-like),Metal-rich ([Fe/H] > +0.15),3.62156552,6094.0,1.165,Transit
TOI-5388.01,TOI-5388,-0.36,0.00692197,2.2,-2.159770287281517,0,Terrestrial (Earth-like),Metal-poor ([Fe/H] < -0.15),2.5946748,3440.0,0.292,Transit
TOI-5398 b,TOI-5398,0.09,0.18469085,58.7,-0.7335546199519792,1,Gas Giant (Jupiter-like),Solar-like (-0.15 <= [Fe/H] <= +0.15),10.590547,6000.0,1.146,Transit
TOI-5398 c,TOI-5398,0.09,0.03712695,11.8,-1.4303107268464659,0,Neptunian / Sub-Neptune,Solar-like (-0.15 <= [Fe/H] <= +0.15),4.77271,6000.0,1.146,Transit
TOI-5422 b,TOI-5422,-0.012,28.0,8899.195396,1.4471580313422192,1,Gas Giant (Jupiter-like),Solar-like (-0.15 <= [Fe/H] <= +0.15),5.377219,5820.0,1.066,Transit
TOI-544 b,TOI-544,-0.17,0.00909296,2.89,-2.0412947193732327,0,Terrestrial (Earth-like),Metal-poor ([Fe/H] < -0.15),1.548352,4169.0,0.631,Transit
TOI-544 c,TOI-544,-0.17,0.06764657,21.5,-1.1697542192856918,0,Neptunian / Sub-Neptune,Metal-poor ([Fe/H] < -0.15),50.089,4169.0,0.631,Radial Velocity
TOI-5542 b,TOI-5542,-0.21,1.32,419.53349724,0.12057393120584989,1,Gas Giant (Jupiter-like),Metal-poor ([Fe/H] < -0.15),75.12375,5700.0,0.89,Transit
TOI-5573 b,TOI-5573,0.42,0.35,112.0,-0.4559319556497244,1,Gas Giant (Jupiter-like),Metal-rich ([Fe/H] > +0.15),8.79758977,3790.0,0.619,Transit
TOI-558 b,TOI-558,-0.004,3.61,1147.36054927,0.557507201905658,1,Gas Giant (Jupiter-like),Solar-like (-0.15 <= [Fe/H] <= +0.15),14.574071,6466.0,1.349,Transit
TOI-559 b,TOI-559,-0.069,6.01,1910.14872607,0.7788744720027395,1,Gas Giant (Jupiter-like),Solar-like (-0.15 <= [Fe/H] <= +0.15),6.9839095,5925.0,1.026,Transit
TOI-5592 b,TOI-5592,-0.013,0.899,285.72773789,-0.046240308266771224,1,Gas Giant (Jupiter-like),Solar-like (-0.15 <= [Fe/H] <= +0.15),2.6085846,6237.0,1.194,Transit
TOI-5616 b,TOI-5616,0.14,1.96332356,624.0,0.2929918781750958,1,Gas Giant (Jupiter-like),Solar-like (-0.15 <= [Fe/H] <= +0.15),2.002849,3996.0,0.666,Transit
TOI-5624 b,TOI-5624,-0.023,0.02957571,9.4,-1.529064820820709,0,Terrestrial (Earth-like),Solar-like (-0.15 <= [Fe/H] <= +0.15),3.3903473,5327.0,0.858,Transit
TOI-5624 c,TOI-5624,-0.023,0.01510249,4.8,-1.8209514431632208,0,Terrestrial (Earth-like),Solar-like (-0.15 <= [Fe/H] <= +0.15),7.885385,5327.0,0.858,Transit
TOI-5624 d,TOI-5624,-0.023,0.01541712,4.9,-1.8119967472270642,0,Terrestrial (Earth-like),Solar-like (-0.15 <= [Fe/H] <= +0.15),13.731468,5327.0,0.858,Transit
TOI-5624 e,TOI-5624,-0.023,0.02800253,8.9,-1.5528027288220103,0,Terrestrial (Earth-like),Solar-like (-0.15 <= [Fe/H] <= +0.15),21.489936,5327.0,0.858,Transit
TOI-5624 f,TOI-5624,-0.023,0.04090257,13.0,-1.3882494034412385,0,Neptunian / Sub-Neptune,Solar-like (-0.15 <= [Fe/H] <= +0.15),45.37,5327.0,0.858,Transit Timing Variations
TOI-5628 A b,TOI-5628 A,-0.1,0.09,28.60455663,-1.0457574905606752,0,Neptunian / Sub-Neptune,Solar-like (-0.15 <= [Fe/H] <= +0.15),4.3416612,3310.0,0.36,Transit
TOI-5634 A b,TOI-5634 A,-0.27,1.85005489,588.0,0.26718461384651243,1,Gas Giant (Jupiter-like),Metal-poor ([Fe/H] < -0.15),2.2035373,3896.0,0.556,Transit
TOI-564 b,TOI-564,0.143,1.463,464.98529,0.16524432612531087,1,Gas Giant (Jupiter-like),Solar-like (-0.15 <= [Fe/H] <= +0.15),1.651144,5640.0,0.998,Transit
TOI-5678 b,TOI-5678,0.0,0.06292704,20.0,-1.2011626963774198,0,Neptunian / Sub-Neptune,Solar-like (-0.15 <= [Fe/H] <= +0.15),47.73022,5485.0,0.905,Transit
TOI-5688 A b,TOI-5688 A,0.47,0.39,124.0,-0.4089353929735008,1,Gas Giant (Jupiter-like),Metal-rich ([Fe/H] > +0.15),2.94815527,3713.0,0.6,Transit
TOI-5720 b,TOI-5720,0.03,0.01352931,4.3,-1.8687243520227652,0,Terrestrial (Earth-like),Solar-like (-0.15 <= [Fe/H] <= +0.15),1.4344555,3325.0,0.383,Transit
TOI-5734 b,TOI-5734,-0.13,0.0286318,9.1,-1.543151348258725,0,Terrestrial (Earth-like),Solar-like (-0.15 <= [Fe/H] <= +0.15),6.1841876,4750.0,0.724,Transit
TOI-5786 b,TOI-5786,0.08,0.22968369,73.0,-0.6388698432659685,1,Gas Giant (Jupiter-like),Solar-like (-0.15 <= [Fe/H] <= +0.15),12.779107,6235.0,1.23,Transit
TOI-5788 b,TOI-5788,-0.32,0.01170443,3.72,-1.931649731380626,0,Terrestrial (Earth-like),Metal-poor ([Fe/H] < -0.15),6.340758,5615.0,0.87,Transit
TOI-5788 c,TOI-5788,-0.32,0.02013665,6.4,-1.6960127784461319,0,Terrestrial (Earth-like),Metal-poor ([Fe/H] < -0.15),16.213362,5615.0,0.87,Transit
TOI-5789 b,TOI-5789,-0.12,0.00667027,2.12,-2.1758565863028125,0,Terrestrial (Earth-like),Solar-like (-0.15 <= [Fe/H] <= +0.15),2.76369,5185.0,0.821,Radial Velocity
TOI-5789 c,TOI-5789,-0.12,0.01573176,5.0,-1.803222687705382,0,Terrestrial (Earth-like),Solar-like (-0.15 <= [Fe/H] <= +0.15),12.927748,5185.0,0.821,Transit
TOI-5789 d,TOI-5789,-0.12,0.01349785,4.29,-1.8697354024306836,0,Terrestrial (Earth-like),Solar-like (-0.15 <= [Fe/H] <= +0.15),29.65,5185.0,0.821,Radial Velocity
TOI-5789 e,TOI-5789,-0.12,0.03652915,11.61,-1.4373604333069576,0,Neptunian / Sub-Neptune,Solar-like (-0.15 <= [Fe/H] <= +0.15),62.98,5185.0,0.821,Radial Velocity
TOI-5795 b,TOI-5795,-0.27,0.07444269,23.66,-1.1281779419484634,0,Neptunian / Sub-Neptune,Metal-poor ([Fe/H] < -0.15),6.1406325,5715.0,0.901,Transit
TOI-5800 b,TOI-5800,-0.04,0.02989034,9.5,-1.5244691448709222,0,Terrestrial (Earth-like),Solar-like (-0.15 <= [Fe/H] <= +0.15),2.6278838,4850.0,0.778,Transit
TOI-5806 b,TOI-5806,-0.019,2.27,721.47048389,0.35602585719312274,1,Gas Giant (Jupiter-like),Solar-like (-0.15 <= [Fe/H] <= +0.15),3.1856381,6730.0,1.333,Transit
TOI-5811 B b,TOI-5811 B,-0.06,0.81,257.44100967,-0.09151498112135022,1,Gas Giant (Jupiter-like),Solar-like (-0.15 <= [Fe/H] <= +0.15),6.25663,4840.0,1.08,Transit
TOI-5817 b,TOI-5817,-0.24,0.03240742,10.3,-1.4893555423822795,0,Neptunian / Sub-Neptune,Metal-poor ([Fe/H] < -0.15),15.61031,5770.0,0.97,Transit
TOI-5882 b,TOI-5882,0.18,22.01,6995.40323807,1.342620042553348,1,Gas Giant (Jupiter-like),Metal-rich ([Fe/H] > +0.15),7.148972,5920.0,1.334,Transit
TOI-5916 b,TOI-5916,0.04,0.688,219.0,-0.16241156176448873,1,Gas Giant (Jupiter-like),Solar-like (-0.15 <= [Fe/H] <= +0.15),2.36712341,3541.0,0.518,Transit
TOI-6008 b,TOI-6008,0.3,0.01258541,4.0,-1.9001326316978855,0,Terrestrial (Earth-like),Metal-rich ([Fe/H] > +0.15),0.8574347,3075.0,0.23,Transit
TOI-6016 b,TOI-6016,0.28,1.17,371.85923619,0.06818586174616162,1,Gas Giant (Jupiter-like),Metal-rich ([Fe/H] > +0.15),4.023687,6110.0,1.31,Transit
TOI-6019 b,TOI-6019,0.04,0.46880643,149.0,-0.3290064403040273,1,Gas Giant (Jupiter-like),Solar-like (-0.15 <= [Fe/H] <= +0.15),14.547952,5561.0,1.13,Transit
TOI-6029 b,TOI-6029,0.37,1.635,519.64944544,0.21351775699630487,1,Gas Giant (Jupiter-like),Metal-rich ([Fe/H] > +0.15),5.7987,6223.0,1.548,Transit
TOI-603 b,TOI-603,0.183,0.10382961,33.0,-0.983678777260081,1,Gas Giant (Jupiter-like),Metal-rich ([Fe/H] > +0.15),16.179846,6027.0,1.24,Transit
TOI-6034 b,TOI-6034,-0.09,0.798,254.0,-0.09799710864927055,1,Gas Giant (Jupiter-like),Solar-like (-0.15 <= [Fe/H] <= +0.15),2.576184,3635.0,0.514,Transit
TOI-6038 A b,TOI-6038 A,0.124,0.24698862,78.5,-0.6073230563964471,1,Gas Giant (Jupiter-like),Solar-like (-0.15 <= [Fe/H] <= +0.15),5.8267311,6110.0,1.291,Transit
TOI-6041 b,TOI-6041,0.104,0.09092957,28.9,-1.0412948626581104,0,Neptunian / Sub-Neptune,Solar-like (-0.15 <= [Fe/H] <= +0.15),26.04945,5445.0,0.885,Transit
TOI-6041 c,TOI-6041,0.104,0.24510081,77.9,-0.6106552535053719,1,Gas Giant (Jupiter-like),Solar-like (-0.15 <= [Fe/H] <= +0.15),88.0,5445.0,0.885,Radial Velocity
TOI-6054.01,TOI-6054,-0.07,0.0393294,12.5,-1.4052826790333446,0,Neptunian / Sub-Neptune,Solar-like (-0.15 <= [Fe/H] <= +0.15),7.501428,6047.0,1.107,Transit
TOI-6054.02,TOI-6054,-0.07,0.02926107,9.3,-1.5337097969188693,0,Terrestrial (Earth-like),Solar-like (-0.15 <= [Fe/H] <= +0.15),12.563636,6047.0,1.107,Transit
TOI-6130 b,TOI-6130,0.28,1.05,333.71982735,0.021189299069938092,1,Gas Giant (Jupiter-like),Metal-rich ([Fe/H] > +0.15),2.392679,6110.0,1.31,Transit
TOI-615 b,TOI-615,-0.1,0.435,138.25535705,-0.3615107430453627,1,Gas Giant (Jupiter-like),Solar-like (-0.15 <= [Fe/H] <= +0.15),4.6615983,6850.0,1.449,Transit
TOI-6158 b,TOI-6158,0.11,0.425,135.0,-0.37161106994968846,1,Gas Giant (Jupiter-like),Solar-like (-0.15 <= [Fe/H] <= +0.15),3.0446899,3467.0,0.503,Transit
TOI-622 b,TOI-622,0.09,0.303,96.30200732,-0.518557371497695,1,Gas Giant (Jupiter-like),Solar-like (-0.15 <= [Fe/H] <= +0.15),6.402513,6400.0,1.313,Transit
TOI-6255 b,TOI-6255,-0.14,0.00453075,1.44,-2.3438299008788337,0,Terrestrial (Earth-like),Solar-like (-0.15 <= [Fe/H] <= +0.15),0.23818244,3421.0,0.353,Transit
TOI-628 b,TOI-628,0.258,6.33,2011.8639,0.8014037100173551,1,Gas Giant (Jupiter-like),Metal-rich ([Fe/H] > +0.15),3.4095675,6250.0,1.311,Transit
TOI-6303 b,TOI-6303,0.44,7.84,2493.0,0.8943160626844384,1,Gas Giant (Jupiter-like),Metal-rich ([Fe/H] > +0.15),9.485236,3977.0,0.644,Transit
TOI-6324 b,TOI-6324,-0.32,0.00368123,1.17,-2.434007047369871,0,Terrestrial (Earth-like),Metal-poor ([Fe/H] < -0.15),0.279221,3247.0,0.269,Transit
TOI-6330 b,TOI-6330,0.08,10.0,3179.0,1.0,1,Gas Giant (Jupiter-like),Solar-like (-0.15 <= [Fe/H] <= +0.15),6.8500246,3539.0,0.531,Transit
TOI-640 b,TOI-640,0.072,0.57,181.16219199,-0.24412514432750865,1,Gas Giant (Jupiter-like),Solar-like (-0.15 <= [Fe/H] <= +0.15),5.003777,6460.0,1.536,Transit
TOI-6420 b,TOI-6420,0.24,8.2,2606.1929374,0.9138138523837167,1,Gas Giant (Jupiter-like),Metal-rich ([Fe/H] > +0.15),6.961508,6020.0,1.165,Transit
TOI-654.01,TOI-654,0.12,0.02740472,8.71,-1.5621746308505349,0,Terrestrial (Earth-like),Solar-like (-0.15 <= [Fe/H] <= +0.15),1.527561,3521.0,0.419,Transit
TOI-6564 b,TOI-6564,0.19,0.699,222.16205649,-0.15552282425431863,1,Gas Giant (Jupiter-like),Metal-rich ([Fe/H] > +0.15),3.985413,5943.0,1.18,Transit
TOI-6628 b,TOI-6628,0.36,0.74,235.19302118,-0.13076828026902382,1,Gas Giant (Jupiter-like),Metal-rich ([Fe/H] > +0.15),18.18424,5463.0,0.97,Transit
TOI-663 b,TOI-663,0.07,0.01400127,4.45,-1.8538325693948607,0,Terrestrial (Earth-like),Solar-like (-0.15 <= [Fe/H] <= +0.15),2.598902,3681.0,0.514,Transit
TOI-663 c,TOI-663,0.07,0.01148418,3.65,-1.9399000091053376,0,Terrestrial (Earth-like),Solar-like (-0.15 <= [Fe/H] <= +0.15),4.6955507,3681.0,0.514,Transit
TOI-663 d,TOI-663,0.07,0.01636103,5.2,-1.7861893590243803,0,Terrestrial (Earth-like),Solar-like (-0.15 <= [Fe/H] <= +0.15),7.1027268,3681.0,0.514,Transit
TOI-6651 b,TOI-6651,0.225,0.19192746,61.0,-0.7168628841842972,1,Gas Giant (Jupiter-like),Metal-rich ([Fe/H] > +0.15),5.056973,5940.0,1.323,Transit
TOI-669 b,TOI-669,0.001,0.03146352,10.0,-1.502192692041401,0,Neptunian / Sub-Neptune,Solar-like (-0.15 <= [Fe/H] <= +0.15),3.945152,5597.0,0.9245,Transit
TOI-6692 b,TOI-6692,-0.008,0.62,197.05361234,-0.20760831050174613,1,Gas Giant (Jupiter-like),Solar-like (-0.15 <= [Fe/H] <= +0.15),131.125,5890.0,1.047,Transit
TOI-6695 b,TOI-6695,0.2,0.21,66.74396547,-0.6777807052660807,1,Gas Giant (Jupiter-like),Metal-rich ([Fe/H] > +0.15),80.389,6400.0,1.338,Transit
TOI-6695 c,TOI-6695,0.2,1.45,460.85119015,0.16136800223497488,1,Gas Giant (Jupiter-like),Metal-rich ([Fe/H] > +0.15),242.4,6400.0,1.338,Radial Velocity
TOI-672 b,TOI-672,-0.14,0.16014931,50.9,-0.7954749281449491,1,Gas Giant (Jupiter-like),Solar-like (-0.15 <= [Fe/H] <= +0.15),3.633581,3810.0,0.54,Transit
TOI-674 b,TOI-674,0.17,0.0742539,23.6,-1.1292807311824848,0,Neptunian / Sub-Neptune,Metal-rich ([Fe/H] > +0.15),1.977143,3514.0,0.42,Transit
TOI-677 b,TOI-677,0.0,1.234,392.20025424,0.09131515969722287,1,Gas Giant (Jupiter-like),Solar-like (-0.15 <= [Fe/H] <= +0.15),11.2365985,6295.0,1.181,Transit
TOI-6884 b,TOI-6884,0.094,26.32,8365.24367224,1.420285884941918,1,Gas Giant (Jupiter-like),Solar-like (-0.15 <= [Fe/H] <= +0.15),4.808264,6330.0,1.41,Transit
TOI-6894 b,TOI-6894,0.142,0.168,53.39517238,-0.7746907182741372,1,Gas Giant (Jupiter-like),Solar-like (-0.15 <= [Fe/H] <= +0.15),3.37077196,3007.0,0.207,Transit
TOI-7041 b,TOI-7041,0.25,0.36,114.41822652,-0.44369749923271273,1,Gas Giant (Jupiter-like),Metal-rich ([Fe/H] > +0.15),9.691,4700.0,1.07,Transit
TOI-7149 b,TOI-7149,-0.08,0.705,224.0,-0.15181088300860132,1,Gas Giant (Jupiter-like),Solar-like (-0.15 <= [Fe/H] <= +0.15),2.65206166,3363.0,0.344,Transit
TOI-7169 b,TOI-7169,-0.72,0.41,130.30964687,-0.38721614328026455,1,Gas Giant (Jupiter-like),Metal-poor ([Fe/H] < -0.15),3.4373125,5714.0,0.885,Transit
TOI-7189 b,TOI-7189,0.47,0.5,159.04,-0.3010299956639812,1,Gas Giant (Jupiter-like),Metal-rich ([Fe/H] > +0.15),2.89055,3775.0,0.612,Transit
TOI-7265 B b,TOI-7265 B,0.35,0.71,224.95,-0.14874165128092473,1,Gas Giant (Jupiter-like),Metal-rich ([Fe/H] > +0.15),4.17232,3503.0,0.521,Transit
TOI-733 b,TOI-733,-0.04,0.01799713,5.72,-1.7447967462601055,0,Terrestrial (Earth-like),Solar-like (-0.15 <= [Fe/H] <= +0.15),4.884765,5585.0,0.956,Transit
TOI-7393 b,TOI-7393,-0.35,0.61,194.78,-0.21467016498923297,1,Gas Giant (Jupiter-like),Metal-poor ([Fe/H] < -0.15),3.33708,3927.0,0.6,Transit
TOI-7394 B b,TOI-7394 B,0.5,2.1,668.74,0.3222192947339193,1,Gas Giant (Jupiter-like),Metal-rich ([Fe/H] > +0.15),1.252995,3717.0,0.624,Transit
TOI-7510 b,TOI-7510,0.25,0.0571,18.1,-1.243363891754152,0,Neptunian / Sub-Neptune,Metal-rich ([Fe/H] > +0.15),11.530869,5720.0,1.063,Transit
TOI-7510 c,TOI-7510,0.25,0.412,131.0,-0.3851027839668654,1,Gas Giant (Jupiter-like),Metal-rich ([Fe/H] > +0.15),22.5687423,5720.0,1.063,Transit
TOI-7510 d,TOI-7510,0.25,0.597,190.0,-0.22402566887063094,1,Gas Giant (Jupiter-like),Metal-rich ([Fe/H] > +0.15),48.864468,5720.0,1.063,Transit
TOI-756 b,TOI-756,0.196,0.03092864,9.83,-1.509639176455957,0,Terrestrial (Earth-like),Metal-rich ([Fe/H] > +0.15),1.2392495,3657.0,0.505,Transit
TOI-756 c,TOI-756,0.196,4.05,1287.20504835,0.6074550232146685,1,Gas Giant (Jupiter-like),Metal-rich ([Fe/H] > +0.15),149.4,3657.0,0.505,Radial Velocity
TOI-757 b,TOI-757,-0.27,0.03303669,10.5,-1.4810034718463942,0,Neptunian / Sub-Neptune,Metal-poor ([Fe/H] < -0.15),17.46819,5278.0,0.8,Transit
TOI-762 A b,TOI-762 A,0.357,0.251,79.77493016,-0.6003262785189618,1,Gas Giant (Jupiter-like),Metal-rich ([Fe/H] > +0.15),3.4716826,3266.0,0.442,Transit
TOI-763 b,TOI-763,0.01,0.03080263,9.79,-1.5114122008461657,0,Terrestrial (Earth-like),Solar-like (-0.15 <= [Fe/H] <= +0.15),5.6057,5450.0,0.917,Transit
TOI-763 c,TOI-763,0.01,0.02932385,9.32,-1.5327790107025392,0,Terrestrial (Earth-like),Solar-like (-0.15 <= [Fe/H] <= +0.15),12.2737,5450.0,0.917,Transit
TOI-771 b,TOI-771,-0.13,0.00777149,2.47,-2.1094957074872323,0,Terrestrial (Earth-like),Solar-like (-0.15 <= [Fe/H] <= +0.15),2.3260155,3370.0,0.22,Transit
TOI-771 c,TOI-771,-0.13,0.00903003,2.87,-2.044310806850081,0,Terrestrial (Earth-like),Solar-like (-0.15 <= [Fe/H] <= +0.15),7.61,3370.0,0.22,Radial Velocity
TOI-776 b,TOI-776,-0.21,0.01573176,5.0,-1.803222687705382,0,Terrestrial (Earth-like),Metal-poor ([Fe/H] < -0.15),8.24662,3725.0,0.542,Transit
TOI-776 c,TOI-776,-0.21,0.02170983,6.9,-1.6633435772987346,0,Terrestrial (Earth-like),Metal-poor ([Fe/H] < -0.15),15.665323,3725.0,0.542,Transit
TOI-778 b,TOI-778,0.0,2.8,878.0,0.4471580313422192,1,Gas Giant (Jupiter-like),Solar-like (-0.15 <= [Fe/H] <= +0.15),4.633611,6643.0,1.4,Transit
TOI-782 b,TOI-782,0.34,0.06009532,19.1,-1.2211593479193064,0,Neptunian / Sub-Neptune,Metal-rich ([Fe/H] > +0.15),8.0240015,3370.0,0.397,Transit
TOI-784 b,HD 307842,-0.13,0.03042522,9.67,-1.5167662727711733,0,Terrestrial (Earth-like),Solar-like (-0.15 <= [Fe/H] <= +0.15),2.7970365,5558.0,0.91,Transit
TOI-791 b,TOI-791,-0.14,0.02989034,9.5,-1.5244691448709222,0,Terrestrial (Earth-like),Solar-like (-0.15 <= [Fe/H] <= +0.15),139.29931,6294.0,1.28,Transit
TOI-791 c,TOI-791,-0.14,0.05852214,18.6,-1.232679801254888,0,Neptunian / Sub-Neptune,Solar-like (-0.15 <= [Fe/H] <= +0.15),232.0157,6294.0,1.28,Transit
TOI-815 b,TOI-815,-0.09,0.02391227,7.6,-1.6213791942029634,0,Terrestrial (Earth-like),Solar-like (-0.15 <= [Fe/H] <= +0.15),11.197259,4869.0,0.776,Transit
TOI-815 c,TOI-815,-0.09,0.07393927,23.5,-1.1311248415169939,0,Neptunian / Sub-Neptune,Solar-like (-0.15 <= [Fe/H] <= +0.15),34.976145,4869.0,0.776,Transit
TOI-824 b,TOI-824,-0.092,0.05810339,18.467,-1.2357985282750066,0,Neptunian / Sub-Neptune,Solar-like (-0.15 <= [Fe/H] <= +0.15),1.392978,4600.0,0.71,Transit
TOI-836 b,TOI-836,-0.284,0.01425297,4.53,-1.846094628973822,0,Terrestrial (Earth-like),Metal-poor ([Fe/H] < -0.15),3.81673,4552.0,0.678,Transit
TOI-836.01,TOI-836,-0.284,0.03020498,9.6,-1.5199214474992395,0,Terrestrial (Earth-like),Metal-poor ([Fe/H] < -0.15),8.59545,4552.0,0.678,Transit
TOI-837 b,TOI-837,0.01,0.379,120.45696625,-0.42136079003192767,1,Gas Giant (Jupiter-like),Solar-like (-0.15 <= [Fe/H] <= +0.15),8.3249113,5995.0,1.142,Transit
TOI-858 B b,TOI-858 B,0.153,1.1,349.6112477,0.04139268515822508,1,Gas Giant (Jupiter-like),Metal-rich ([Fe/H] > +0.15),3.2797178,5842.0,1.081,Transit
TOI-892 b,TOI-892,0.24,0.95,301.9385,-0.022276394711152253,1,Gas Giant (Jupiter-like),Metal-rich ([Fe/H] > +0.15),10.62656,6261.0,1.28,Transit
TOI-905 b,TOI-905,0.14,0.667,211.99261,-0.17587416608345102,1,Gas Giant (Jupiter-like),Solar-like (-0.15 <= [Fe/H] <= +0.15),3.739494,5570.0,0.968,Transit
TOI-908 b,TOI-908,0.08,0.05077268,16.137,-1.2943699120633307,0,Neptunian / Sub-Neptune,Solar-like (-0.15 <= [Fe/H] <= +0.15),3.183792,5626.0,0.95,Transit
TOI-912 b,TOI-912,-0.19,0.01604639,5.1,-1.7946226566810972,0,Terrestrial (Earth-like),Metal-poor ([Fe/H] < -0.15),4.6780691,3572.0,0.418,Transit
TOI-954 b,TOI-954,0.215,0.174,55.30242,-0.7594507517174003,1,Gas Giant (Jupiter-like),Metal-rich ([Fe/H] > +0.15),3.6849729,5710.0,1.201,Transit
TOI-969 b,TOI-969,0.175,0.0286318,9.1,-1.543151348258725,0,Terrestrial (Earth-like),Metal-rich ([Fe/H] > +0.15),1.8237305,4435.0,0.734,Transit
TOI-969 c,TOI-969,0.175,11.3,3591.4609991,1.0530784434834197,1,Gas Giant (Jupiter-like),Metal-rich ([Fe/H] > +0.15),1700.0,4435.0,0.734,Radial Velocity
TYC 0434-04538-1 b,TYC 0434-04538-1,-0.38,6.1,1938.763,0.785329835010767,1,Gas Giant (Jupiter-like),Metal-poor ([Fe/H] < -0.15),193.2,4679.0,1.04,Radial Velocity
TYC 1422-614-1 b,TYC 1422-614-1,-0.2,2.5,794.5,0.3979400086720376,1,Gas Giant (Jupiter-like),Metal-poor ([Fe/H] < -0.15),198.4,4806.0,1.15,Radial Velocity
TYC 1422-614-1 c,TYC 1422-614-1,-0.2,10.0,3178.0,1.0,1,Gas Giant (Jupiter-like),Metal-poor ([Fe/H] < -0.15),559.3,4806.0,1.15,Radial Velocity
TYC 2187-512-1 b,TYC 2187-512-1,0.08,0.33,104.88337431,-0.4814860601221125,1,Gas Giant (Jupiter-like),Solar-like (-0.15 <= [Fe/H] <= +0.15),691.9,3734.0,0.498,Radial Velocity
TYC 3318-01333-1 b,TYC 3318-01333-1,-0.06,3.42,1086.9786,0.534026106056135,1,Gas Giant (Jupiter-like),Solar-like (-0.15 <= [Fe/H] <= +0.15),562.0,4776.0,1.19,Radial Velocity
TYC 3667-1280-1 b,TYC 3667-1280-1,-0.08,5.4,1716.282,0.7323937598229685,1,Gas Giant (Jupiter-like),Solar-like (-0.15 <= [Fe/H] <= +0.15),26.468,5130.0,1.87,Radial Velocity
TYC 4282-00605-1 b,TYC 4282-00605-1,-0.07,10.78,3426.2074,1.0326187608507198,1,Gas Giant (Jupiter-like),Solar-like (-0.15 <= [Fe/H] <= +0.15),101.54,4300.0,0.97,Radial Velocity
Teegarden's Star b,Teegarden's Star,-0.11,0.00364977,1.16,-2.4377345029073934,0,Terrestrial (Earth-like),Solar-like (-0.15 <= [Fe/H] <= +0.15),4.90634,3034.0,0.097,Radial Velocity
Teegarden's Star c,Teegarden's Star,-0.11,0.00330367,1.05,-2.4810033403881833,0,Terrestrial (Earth-like),Solar-like (-0.15 <= [Fe/H] <= +0.15),11.416,3034.0,0.097,Radial Velocity
Teegarden's Star d,Teegarden's Star,-0.11,0.00258001,0.82,-2.588378610728087,0,Terrestrial (Earth-like),Solar-like (-0.15 <= [Fe/H] <= +0.15),26.13,3034.0,0.097,Radial Velocity
TrES-1 b,TrES-1,0.02,0.84,266.9772,-0.07572071393811836,1,Gas Giant (Jupiter-like),Solar-like (-0.15 <= [Fe/H] <= +0.15),3.03007,5230.0,1.04,Transit
TrES-2 b,TrES-2,-0.15,1.49,473.5667,0.17318626841227402,1,Gas Giant (Jupiter-like),Solar-like (-0.15 <= [Fe/H] <= +0.15),2.47063,5850.0,1.36,Transit
TrES-3 b,TrES-3,-0.19,1.91,607.03,0.28103336724772754,1,Gas Giant (Jupiter-like),Metal-poor ([Fe/H] < -0.15),1.30618581,5650.0,0.928,Transit
TrES-4 b,TrES-4,0.14,0.78,247.9074,-0.10790539730951958,1,Gas Giant (Jupiter-like),Solar-like (-0.15 <= [Fe/H] <= +0.15),3.55395,6200.0,1.08,Transit
TrES-5 b,TrES-5,0.2,1.79,568.9157,0.2528530309798932,1,Gas Giant (Jupiter-like),Metal-rich ([Fe/H] > +0.15),1.48224686,5171.0,0.901,Transit
UCAC3 113-933 b,UCAC3 113-933,-0.95,21.0,6674.396547,1.3222192947339193,1,Gas Giant (Jupiter-like),Metal-poor ([Fe/H] < -0.15),,,0.61,Imaging
WASP-10 b,WASP-10,0.03,3.15,1001.12,0.4983105537896005,1,Gas Giant (Jupiter-like),Solar-like (-0.15 <= [Fe/H] <= +0.15),3.0927616,4675.0,0.75,Transit
WASP-100 b,WASP-100,-0.03,1.26,400.4658,0.10037054511756291,1,Gas Giant (Jupiter-like),Solar-like (-0.15 <= [Fe/H] <= +0.15),2.84938,6900.0,0.77,Transit
WASP-101 b,WASP-101,0.2,0.51,162.0933,-0.2924298239020636,1,Gas Giant (Jupiter-like),Metal-rich ([Fe/H] > +0.15),3.58572,6380.0,1.41,Transit
WASP-102 b,WASP-102,-0.2,0.622,197.68926915,-0.2062096153091813,1,Gas Giant (Jupiter-like),Metal-poor ([Fe/H] < -0.15),2.709813,5990.0,1.08,Transit
WASP-103 b,WASP-103,0.06,1.49,473.547,0.17318626841227402,1,Gas Giant (Jupiter-like),Solar-like (-0.15 <= [Fe/H] <= +0.15),0.925542,6110.0,1.22,Transit
WASP-104 b,WASP-104,0.32,1.272,404.263,0.10448711131239508,1,Gas Giant (Jupiter-like),Metal-rich ([Fe/H] > +0.15),1.7554137,5475.0,1.076,Transit
WASP-105 b,WASP-105,0.28,1.8,572.094,0.25527250510330607,1,Gas Giant (Jupiter-like),Metal-rich ([Fe/H] > +0.15),7.87288,5070.0,0.89,Transit
WASP-106 b,WASP-106,-0.02,1.93,613.40882551,0.28555730900777376,1,Gas Giant (Jupiter-like),Solar-like (-0.15 <= [Fe/H] <= +0.15),9.28969,6002.0,1.175,Transit
WASP-11 b,WASP-11,0.0,0.79,251.0857,-0.10237290870955855,1,Gas Giant (Jupiter-like),Solar-like (-0.15 <= [Fe/H] <= +0.15),3.72247,4800.0,1.42,Transit
WASP-110 b,WASP-110,-0.15,0.487,154.78243421,-0.3124710387853657,1,Gas Giant (Jupiter-like),Solar-like (-0.15 <= [Fe/H] <= +0.15),3.7784022,5392.0,0.814,Transit
WASP-113 b,WASP-113,0.1,0.475,150.96925,-0.3233063903751334,1,Gas Giant (Jupiter-like),Solar-like (-0.15 <= [Fe/H] <= +0.15),4.54216874538,5890.0,1.318,Transit
WASP-114 b,WASP-114,0.14,1.769,562.24127,0.2477278329097231,1,Gas Giant (Jupiter-like),Solar-like (-0.15 <= [Fe/H] <= +0.15),1.5487743,5940.0,1.289,Transit
WASP-116 b,WASP-116,0.0,0.64,203.41018048,-0.1938200260161128,1,Gas Giant (Jupiter-like),Solar-like (-0.15 <= [Fe/H] <= +0.15),6.6132,6250.0,1.25,Transit
WASP-117 b,WASP-117,-0.11,0.3,95.349,-0.5228787452803376,1,Gas Giant (Jupiter-like),Solar-like (-0.15 <= [Fe/H] <= +0.15),10.02165,6040.0,1.29,Transit
WASP-118 b,WASP-118,0.16,0.514,163.36462,-0.28903688100472424,1,Gas Giant (Jupiter-like),Metal-rich ([Fe/H] > +0.15),4.0460435,6410.0,1.32,Transit
WASP-119 b,WASP-119,0.14,1.23,390.9309,0.08990511143939793,1,Gas Giant (Jupiter-like),Solar-like (-0.15 <= [Fe/H] <= +0.15),2.49979,5650.0,1.02,Transit
WASP-121 b,WASP-121,0.17,1.17,371.85923619,0.06818586174616162,1,Gas Giant (Jupiter-like),Metal-rich ([Fe/H] > +0.15),1.27492504,6628.0,1.33,Transit
WASP-124 b,WASP-124,-0.02,0.6,190.698,-0.2218487496163564,1,Gas Giant (Jupiter-like),Solar-like (-0.15 <= [Fe/H] <= +0.15),3.37265,6050.0,1.07,Transit
WASP-129 b,WASP-129,0.15,1.0,317.83,0.0,1,Gas Giant (Jupiter-like),Solar-like (-0.15 <= [Fe/H] <= +0.15),5.748145,5900.0,1.0,Transit
WASP-13 b,WASP-13,0.0,0.36,114.4188,-0.44369749923271273,1,Gas Giant (Jupiter-like),Solar-like (-0.15 <= [Fe/H] <= +0.15),4.35301,5950.0,0.72,Transit
WASP-130 b,WASP-130,0.26,1.23,390.9309,0.08990511143939793,1,Gas Giant (Jupiter-like),Metal-rich ([Fe/H] > +0.15),11.55098,5625.0,1.04,Transit
WASP-131 b,WASP-131,-0.2,0.273,86.76715511,-0.563837352959244,1,Gas Giant (Jupiter-like),Metal-poor ([Fe/H] < -0.15),5.3220125,5990.0,1.06,Transit
WASP-132 b,WASP-132,0.15,0.428,136.0305582,-0.368556230986828,1,Gas Giant (Jupiter-like),Solar-like (-0.15 <= [Fe/H] <= +0.15),7.1335164,4686.0,0.789,Transit
WASP-132 c,WASP-132,0.15,0.01969616,6.26,-1.7056184364459195,0,Terrestrial (Earth-like),Solar-like (-0.15 <= [Fe/H] <= +0.15),1.01153624,4686.0,0.789,Transit
WASP-132 d,WASP-132,0.15,5.16,1639.99458012,0.7126497016272114,1,Gas Giant (Jupiter-like),Solar-like (-0.15 <= [Fe/H] <= +0.15),1816.6,4686.0,0.789,Radial Velocity
WASP-133 b,WASP-133,0.29,1.16,368.6828,0.06445798922691845,1,Gas Giant (Jupiter-like),Metal-rich ([Fe/H] > +0.15),2.176423,5700.0,1.16,Transit
WASP-135 b,WASP-135,0.02,1.9,603.877,0.2787536009528289,1,Gas Giant (Jupiter-like),Solar-like (-0.15 <= [Fe/H] <= +0.15),1.4013794,5675.0,0.98,Transit
WASP-138 b,WASP-138,-0.09,1.22,387.7526,0.08635983067474821,1,Gas Giant (Jupiter-like),Solar-like (-0.15 <= [Fe/H] <= +0.15),3.634433,6272.0,1.22,Transit
WASP-139 b,WASP-139,0.2,0.117,37.18611,-0.9318141382538383,1,Gas Giant (Jupiter-like),Metal-rich ([Fe/H] > +0.15),5.924262,5310.0,0.92,Transit
WASP-14 b,WASP-14,0.0,8.84,2809.6172,0.9464522650130731,1,Gas Giant (Jupiter-like),Solar-like (-0.15 <= [Fe/H] <= +0.15),2.24375,6475.0,1.62,Transit
WASP-141 b,WASP-141,0.29,2.69,854.9627,0.42975228000240795,1,Gas Giant (Jupiter-like),Metal-rich ([Fe/H] > +0.15),3.310651,5900.0,1.25,Transit
WASP-142 b,WASP-142,0.26,0.84,266.9772,-0.07572071393811836,1,Gas Giant (Jupiter-like),Metal-rich ([Fe/H] > +0.15),2.052868,6010.0,1.33,Transit
WASP-144 b,WASP-144,0.18,0.44,139.8452,-0.3565473235138126,1,Gas Giant (Jupiter-like),Metal-rich ([Fe/H] > +0.15),2.2783152,5200.0,0.81,Transit
WASP-145 A b,WASP-145 A,-0.04,0.89,282.8687,-0.05060999335508721,1,Gas Giant (Jupiter-like),Solar-like (-0.15 <= [Fe/H] <= +0.15),1.7690381,4900.0,0.76,Transit
WASP-147 b,WASP-147,0.092,0.275,87.40325,-0.5606673061697374,1,Gas Giant (Jupiter-like),Solar-like (-0.15 <= [Fe/H] <= +0.15),4.60273,5702.0,1.044,Transit
WASP-148 b,WASP-148,0.099,0.287,91.21675281,-0.5421181032660077,1,Gas Giant (Jupiter-like),Solar-like (-0.15 <= [Fe/H] <= +0.15),8.803809,5555.0,0.954,Transit
WASP-148 c,WASP-148,0.099,0.392,124.58873554,-0.4067139329795427,1,Gas Giant (Jupiter-like),Solar-like (-0.15 <= [Fe/H] <= +0.15),34.524,5555.0,0.954,Radial Velocity
WASP-149 b,WASP-149,0.0,0.991,314.96795134,-0.0039263455147246756,1,Gas Giant (Jupiter-like),Solar-like (-0.15 <= [Fe/H] <= +0.15),1.332813,5750.0,1.05,Transit
WASP-15 b,WASP-15,-0.17,0.54,171.6282,-0.26760624017703144,1,Gas Giant (Jupiter-like),Metal-poor ([Fe/H] < -0.15),3.7521,6300.0,1.18,Transit
WASP-150 b,WASP-150,0.156,8.46,2688.8418,0.9273703630390235,1,Gas Giant (Jupiter-like),Metal-rich ([Fe/H] > +0.15),5.644207,6218.0,1.394,Transit
WASP-153 b,WASP-153,0.34,0.39,123.9537,-0.4089353929735008,1,Gas Giant (Jupiter-like),Metal-rich ([Fe/H] > +0.15),3.332609,5914.0,1.336,Transit
WASP-154 b,WASP-154,0.2,0.626,198.96058278,-0.20342566678957033,1,Gas Giant (Jupiter-like),Metal-rich ([Fe/H] > +0.15),3.811678,4774.0,0.8,Transit
WASP-155 b,WASP-155,0.0,0.871,276.8285425,-0.059981844992336796,1,Gas Giant (Jupiter-like),Solar-like (-0.15 <= [Fe/H] <= +0.15),3.110413,5660.0,1.09,Transit
WASP-156 b,WASP-156,0.32,0.13214678,42.0,-0.8789434147893215,1,Gas Giant (Jupiter-like),Metal-rich ([Fe/H] > +0.15),3.8361629,5036.0,,Transit
WASP-158 b,WASP-158,0.24,2.79,886.7457,0.44560420327359757,1,Gas Giant (Jupiter-like),Metal-rich ([Fe/H] > +0.15),3.656333,6350.0,1.38,Transit
WASP-159 b,WASP-159,0.22,0.55,174.8065,-0.2596373105057561,1,Gas Giant (Jupiter-like),Metal-rich ([Fe/H] > +0.15),3.840401,6120.0,1.41,Transit
WASP-16 b,WASP-16,0.01,1.24,394.1092,0.09342168516223506,1,Gas Giant (Jupiter-like),Solar-like (-0.15 <= [Fe/H] <= +0.15),3.1186,5700.0,1.78,Transit
WASP-160 B b,WASP-160 B,0.27,0.278,88.35674,-0.5559552040819237,1,Gas Giant (Jupiter-like),Metal-rich ([Fe/H] > +0.15),3.7684952,5298.0,0.87,Transit
WASP-161 b,WASP-161,0.16,2.49,791.3967,0.3961993470957364,1,Gas Giant (Jupiter-like),Metal-rich ([Fe/H] > +0.15),5.4060425,6400.0,1.39,Transit
WASP-162 b,WASP-162,0.28,5.2,1652.716,0.7160033436347992,1,Gas Giant (Jupiter-like),Metal-rich ([Fe/H] > +0.15),9.62468,5300.0,0.95,Transit
WASP-163 b,WASP-163,-0.34,1.87,594.3421,0.27184160653649897,1,Gas Giant (Jupiter-like),Metal-poor ([Fe/H] < -0.15),1.6096884,5500.0,0.97,Transit
WASP-164 b,WASP-164,-0.01,2.13,676.9779,0.3283796034387377,1,Gas Giant (Jupiter-like),Solar-like (-0.15 <= [Fe/H] <= +0.15),1.7771255,5806.0,0.946,Transit
WASP-165 b,WASP-165,0.33,0.658,209.13214,-0.1817741063860445,1,Gas Giant (Jupiter-like),Metal-rich ([Fe/H] > +0.15),3.465509,5599.0,1.248,Transit
WASP-166 b,WASP-166,0.19,0.101,32.10083,-0.9956786262173574,1,Gas Giant (Jupiter-like),Metal-rich ([Fe/H] > +0.15),5.44354,6050.0,1.19,Transit
WASP-167 b,WASP-167,0.1,8.0,2542.64,0.9030899869919435,1,Gas Giant (Jupiter-like),Solar-like (-0.15 <= [Fe/H] <= +0.15),2.0219596,7000.0,1.59,Transit
WASP-168 b,WASP-168,-0.01,0.42,133.4886,-0.37675070960209955,1,Gas Giant (Jupiter-like),Solar-like (-0.15 <= [Fe/H] <= +0.15),4.153658,6000.0,1.08,Transit
WASP-169 b,WASP-169,0.06,0.561,178.30263,-0.25103713874383854,1,Gas Giant (Jupiter-like),Solar-like (-0.15 <= [Fe/H] <= +0.15),5.6114118,6110.0,1.337,Transit
WASP-17 b,WASP-17,-0.25,0.78,247.9074,-0.10790539730951958,1,Gas Giant (Jupiter-like),Metal-poor ([Fe/H] < -0.15),3.73543,6550.0,2.28,Transit
WASP-170 b,WASP-170,0.22,1.6,508.528,0.2041199826559248,1,Gas Giant (Jupiter-like),Metal-rich ([Fe/H] > +0.15),2.34478022,5600.0,0.93,Transit
WASP-171 b,WASP-171,0.04,1.084,344.52772,0.03502928220236815,1,Gas Giant (Jupiter-like),Solar-like (-0.15 <= [Fe/H] <= +0.15),3.8186244,5965.0,1.171,Transit
WASP-172 b,WASP-172,-0.1,0.47,149.3801,-0.3279021420642826,1,Gas Giant (Jupiter-like),Solar-like (-0.15 <= [Fe/H] <= +0.15),5.477433,6900.0,1.49,Transit
WASP-173 A b,WASP-173 A,0.16,3.69,1172.7927,0.5670263661590603,1,Gas Giant (Jupiter-like),Metal-rich ([Fe/H] > +0.15),1.38665318,5800.0,1.05,Transit
WASP-174 b,WASP-174,0.06,0.33,104.88337431,-0.4814860601221125,1,Gas Giant (Jupiter-like),Solar-like (-0.15 <= [Fe/H] <= +0.15),4.2337005,6399.0,1.24,Transit
WASP-175 b,WASP-175,0.15,0.99,314.6517,-0.004364805402450088,1,Gas Giant (Jupiter-like),Solar-like (-0.15 <= [Fe/H] <= +0.15),3.0652907,6229.0,1.212,Transit
WASP-176 b,WASP-176,0.164,0.855,271.74465,-0.06803388527182737,1,Gas Giant (Jupiter-like),Metal-rich ([Fe/H] > +0.15),3.899052,5941.0,1.345,Transit
WASP-177 b,WASP-177,0.25,0.508,161.45764,-0.29413628771608075,1,Gas Giant (Jupiter-like),Metal-rich ([Fe/H] > +0.15),3.071722,5017.0,0.876,Transit
WASP-178 b,WASP-178,0.21,1.66,527.5978,0.22010808804005508,1,Gas Giant (Jupiter-like),Metal-rich ([Fe/H] > +0.15),3.3448285,9360.0,2.07,Transit
WASP-18 b,WASP-18,0.107,10.2,3241.8497514,1.0086001717619175,1,Gas Giant (Jupiter-like),Solar-like (-0.15 <= [Fe/H] <= +0.15),0.94145223,6432.0,1.294,Transit
WASP-180 A b,WASP-180 A,0.1,0.9,286.047,-0.045757490560675115,1,Gas Giant (Jupiter-like),Solar-like (-0.15 <= [Fe/H] <= +0.15),3.409264,6600.0,1.3,Transit
WASP-181 b,WASP-181,0.09,0.299,95.03117,-0.5243288116755703,1,Gas Giant (Jupiter-like),Solar-like (-0.15 <= [Fe/H] <= +0.15),4.5195064,5839.0,1.04,Transit
WASP-182 b,WASP-182,0.27,0.148,47.03884,-0.8297382846050426,1,Gas Giant (Jupiter-like),Metal-rich ([Fe/H] > +0.15),3.3769848,5638.0,1.076,Transit
WASP-183 b,WASP-183,-0.31,0.502,159.55066,-0.29929628285498067,1,Gas Giant (Jupiter-like),Metal-poor ([Fe/H] < -0.15),4.1117771,5313.0,0.784,Transit
WASP-184 b,WASP-184,0.12,0.57,181.1631,-0.24412514432750865,1,Gas Giant (Jupiter-like),Solar-like (-0.15 <= [Fe/H] <= +0.15),5.1817,6000.0,1.23,Transit
WASP-185 b,WASP-185,-0.02,0.98,311.4734,-0.00877392430750515,1,Gas Giant (Jupiter-like),Solar-like (-0.15 <= [Fe/H] <= +0.15),9.38755,5900.0,1.12,Transit
WASP-186 b,WASP-186,-0.08,4.22,1341.2426,0.6253124509616739,1,Gas Giant (Jupiter-like),Solar-like (-0.15 <= [Fe/H] <= +0.15),5.026799,6361.0,1.22,Transit
WASP-187 b,WASP-187,0.0,0.8,254.264,-0.09691001300805639,1,Gas Giant (Jupiter-like),Solar-like (-0.15 <= [Fe/H] <= +0.15),5.147878,6150.0,1.54,Transit
WASP-188 b,WASP-188,0.0,1.443,458.6263913,0.15926633109349422,1,Gas Giant (Jupiter-like),Solar-like (-0.15 <= [Fe/H] <= +0.15),5.748916,6850.0,1.5,Transit
WASP-189 b,WASP-189,0.29,1.99,632.47852993,0.29885307640970665,1,Gas Giant (Jupiter-like),Metal-rich ([Fe/H] > +0.15),2.724033,8000.0,2.03,Transit
WASP-19 b,WASP-19,0.04,1.154,366.77398168,0.06220580881971259,1,Gas Giant (Jupiter-like),Solar-like (-0.15 <= [Fe/H] <= +0.15),0.78883852,5616.0,0.965,Transit
WASP-190 b,WASP-190,-0.02,1.0,317.83,0.0,1,Gas Giant (Jupiter-like),Solar-like (-0.15 <= [Fe/H] <= +0.15),5.367753,6400.0,1.35,Transit
WASP-192 b,WASP-192,0.14,2.3,731.009,0.36172783601759284,1,Gas Giant (Jupiter-like),Solar-like (-0.15 <= [Fe/H] <= +0.15),2.8786765,5910.0,1.09,Transit
WASP-193 b,WASP-193,-0.108,0.112,35.59678158,-0.9507819773298184,1,Gas Giant (Jupiter-like),Solar-like (-0.15 <= [Fe/H] <= +0.15),6.2463475,6080.0,1.018,Transit
WASP-194 b,WASP-194,0.0,1.174,373.13054982,0.06966809691159564,1,Gas Giant (Jupiter-like),Solar-like (-0.15 <= [Fe/H] <= +0.15),3.183387,6405.0,1.29,Transit
WASP-195 b,WASP-195,0.0,0.104,33.05415433,-0.9829666607012196,1,Gas Giant (Jupiter-like),Solar-like (-0.15 <= [Fe/H] <= +0.15),5.051928,6300.0,1.3,Transit
WASP-197 b,WASP-197,0.0,1.269,403.32424848,0.10346162209470475,1,Gas Giant (Jupiter-like),Solar-like (-0.15 <= [Fe/H] <= +0.15),5.167228,6050.0,1.36,Transit
WASP-2 b,WASP-2,0.12,0.931,295.89973,-0.031050319018657353,1,Gas Giant (Jupiter-like),Solar-like (-0.15 <= [Fe/H] <= +0.15),2.152175,5180.0,0.895,Transit
WASP-22 b,WASP-22,-0.05,0.67,212.9461,-0.17392519729917355,1,Gas Giant (Jupiter-like),Solar-like (-0.15 <= [Fe/H] <= +0.15),3.53269,6000.0,1.46,Transit
WASP-23 b,WASP-23,-0.05,0.884,280.95,-0.05354773498692691,1,Gas Giant (Jupiter-like),Solar-like (-0.15 <= [Fe/H] <= +0.15),2.9444256,5150.0,0.78,Transit
WASP-24 b,WASP-24,0.0,1.24,394.1092,0.09342168516223506,1,Gas Giant (Jupiter-like),Solar-like (-0.15 <= [Fe/H] <= +0.15),2.34121,6075.0,1.43,Transit
WASP-25 b,WASP-25,-0.2,0.564,179.25522155,-0.24872089601665776,1,Gas Giant (Jupiter-like),Metal-poor ([Fe/H] < -0.15),3.7648337,5697.0,0.962,Transit
WASP-26 b,WASP-26,0.16,0.85,270.1555,-0.07058107428570728,1,Gas Giant (Jupiter-like),Metal-rich ([Fe/H] > +0.15),2.7566,6034.0,0.86,Transit
WASP-29 b,WASP-29,0.11,0.23,73.1009,-0.638272163982407,1,Gas Giant (Jupiter-like),Solar-like (-0.15 <= [Fe/H] <= +0.15),3.92273,4800.0,0.77,Transit
WASP-3 b,WASP-3,0.0,2.43,772.3269,0.38560627359831223,1,Gas Giant (Jupiter-like),Solar-like (-0.15 <= [Fe/H] <= +0.15),1.84683,6400.0,1.62,Transit
WASP-31 b,WASP-31,-0.2,0.478,151.916,-0.3205721033878811,1,Gas Giant (Jupiter-like),Metal-poor ([Fe/H] < -0.15),3.4059096,6302.0,1.163,Transit
WASP-32 b,WASP-32,-0.13,2.63,835.8929,0.41995574848975786,1,Gas Giant (Jupiter-like),Solar-like (-0.15 <= [Fe/H] <= +0.15),2.71866,6140.0,0.72,Transit
WASP-34 b,WASP-34,-0.02,0.56,177.9848,-0.25181197299379954,1,Gas Giant (Jupiter-like),Solar-like (-0.15 <= [Fe/H] <= +0.15),4.31768,5700.0,0.96,Transit
WASP-35 b,WASP-35,-0.15,0.71,225.6593,-0.14874165128092473,1,Gas Giant (Jupiter-like),Solar-like (-0.15 <= [Fe/H] <= +0.15),3.16158,5990.0,1.05,Transit
WASP-36 b,WASP-36,-0.26,2.361,750.39663,0.37309598707872704,1,Gas Giant (Jupiter-like),Metal-poor ([Fe/H] < -0.15),1.53736596,5959.0,1.081,Transit
WASP-37 b,WASP-37,-0.4,1.8,572.07,0.25527250510330607,1,Gas Giant (Jupiter-like),Metal-poor ([Fe/H] < -0.15),3.577469,5800.0,0.925,Transit
WASP-38 b,WASP-38,-0.02,3.44,1093.3352,0.5365584425715301,1,Gas Giant (Jupiter-like),Solar-like (-0.15 <= [Fe/H] <= +0.15),6.87188,6180.0,1.76,Transit
WASP-39 b,WASP-39,0.01,0.281,89.31023,-0.5512936800949201,1,Gas Giant (Jupiter-like),Solar-like (-0.15 <= [Fe/H] <= +0.15),4.0552941,5485.0,0.913,Transit
WASP-41 b,WASP-41,0.06,0.85,270.1555,-0.07058107428570728,1,Gas Giant (Jupiter-like),Solar-like (-0.15 <= [Fe/H] <= +0.15),3.0524,5545.0,0.81,Transit
WASP-41 c,WASP-41,0.06,3.18,1010.6994,0.5024271199844327,1,Gas Giant (Jupiter-like),Solar-like (-0.15 <= [Fe/H] <= +0.15),421.0,5545.0,0.93,Radial Velocity
WASP-42 b,WASP-42,0.29,0.527,167.49641,-0.27818938478745336,1,Gas Giant (Jupiter-like),Metal-rich ([Fe/H] > +0.15),4.9816819,5315.0,0.951,Transit
WASP-43 b,WASP-43,-0.05,1.78,565.714,0.250420002308894,1,Gas Giant (Jupiter-like),Solar-like (-0.15 <= [Fe/H] <= +0.15),0.813475,4400.0,0.58,Transit
WASP-44 b,WASP-44,-0.003,0.87,276.5121,-0.060480747381381476,1,Gas Giant (Jupiter-like),Solar-like (-0.15 <= [Fe/H] <= +0.15),2.423804,5420.0,0.935,Transit
WASP-45 b,WASP-45,-0.03,0.964,306.38812,-0.01592296609716924,1,Gas Giant (Jupiter-like),Solar-like (-0.15 <= [Fe/H] <= +0.15),3.126089,5150.0,0.85,Transit
WASP-46 b,WASP-46,-0.3,1.91,607.0553,0.28103336724772754,1,Gas Giant (Jupiter-like),Metal-poor ([Fe/H] < -0.15),1.43036763,5600.0,0.828,Transit
WASP-48 b,WASP-48,-0.12,0.8,254.264,-0.09691001300805639,1,Gas Giant (Jupiter-like),Solar-like (-0.15 <= [Fe/H] <= +0.15),2.14363,5920.0,0.88,Transit
WASP-49 b,WASP-49,-0.23,0.37,117.5971,-0.431798275933005,1,Gas Giant (Jupiter-like),Metal-poor ([Fe/H] < -0.15),2.78174,5600.0,0.92,Transit
WASP-5 b,WASP-5,0.09,1.58,502.15,0.19865708695442263,1,Gas Giant (Jupiter-like),Solar-like (-0.15 <= [Fe/H] <= +0.15),1.6284279,5700.0,0.96,Transit
WASP-52 b,WASP-52,0.03,0.46,146.2,-0.3372421683184259,1,Gas Giant (Jupiter-like),Solar-like (-0.15 <= [Fe/H] <= +0.15),1.7497798,5000.0,0.87,Transit
WASP-53 b,WASP-53,0.22,2.132,677.61356,0.3287872003545347,1,Gas Giant (Jupiter-like),Metal-rich ([Fe/H] > +0.15),3.3098443,4953.0,0.839,Transit
WASP-53 c,WASP-53,0.22,16.35,5196.5205,1.213517756996305,1,Gas Giant (Jupiter-like),Metal-rich ([Fe/H] > +0.15),2840.0,4953.0,0.839,Radial Velocity
WASP-54 b,WASP-54,-0.27,0.59,187.5197,-0.22914798835785583,1,Gas Giant (Jupiter-like),Metal-poor ([Fe/H] < -0.15),3.69364,6100.0,1.08,Transit
WASP-55 b,WASP-55,-0.03,0.586,186.2474465,-0.23210238398190938,1,Gas Giant (Jupiter-like),Solar-like (-0.15 <= [Fe/H] <= +0.15),4.465631,6096.0,1.071,Transit
WASP-56 b,WASP-56,0.12,0.45,143.0235,-0.3467874862246563,1,Gas Giant (Jupiter-like),Solar-like (-0.15 <= [Fe/H] <= +0.15),4.6171,5600.0,0.71,Transit
WASP-57 b,WASP-57,-0.25,0.644,204.68252,-0.1911141326401879,1,Gas Giant (Jupiter-like),Metal-poor ([Fe/H] < -0.15),2.83891856,5600.0,0.886,Transit
WASP-58 b,WASP-58,-0.45,0.97,308.2951,-0.01322826573375516,1,Gas Giant (Jupiter-like),Metal-poor ([Fe/H] < -0.15),5.01718,5800.0,1.06,Transit
WASP-59 b,WASP-59,-0.15,0.863,274.276,-0.06398920428479041,1,Gas Giant (Jupiter-like),Solar-like (-0.15 <= [Fe/H] <= +0.15),7.919585,4650.0,0.719,Transit
WASP-6 b,WASP-6,-0.15,0.467,148.42586607,-0.33068311943388784,1,Gas Giant (Jupiter-like),Solar-like (-0.15 <= [Fe/H] <= +0.15),3.3610026,5438.0,0.854,Transit
WASP-60 b,WASP-60,-0.04,0.55,174.8065,-0.2596373105057561,1,Gas Giant (Jupiter-like),Solar-like (-0.15 <= [Fe/H] <= +0.15),4.305,5900.0,1.19,Transit
WASP-61 b,WASP-61,-0.1,2.68,851.7844,0.42813479402878885,1,Gas Giant (Jupiter-like),Solar-like (-0.15 <= [Fe/H] <= +0.15),3.8559,6250.0,1.82,Transit
WASP-62 b,WASP-62,0.04,0.52,165.2716,-0.28399665636520083,1,Gas Giant (Jupiter-like),Solar-like (-0.15 <= [Fe/H] <= +0.15),4.41195,6230.0,1.11,Transit
WASP-63 b,WASP-63,0.08,0.37,117.5971,-0.431798275933005,1,Gas Giant (Jupiter-like),Solar-like (-0.15 <= [Fe/H] <= +0.15),4.37808,5550.0,1.28,Transit
WASP-64 b,WASP-64,-0.08,1.271,403.945,0.10414555055400815,1,Gas Giant (Jupiter-like),Solar-like (-0.15 <= [Fe/H] <= +0.15),1.5732918,5400.0,1.004,Transit
WASP-65 b,WASP-65,-0.07,1.55,492.62,0.1903316981702915,1,Gas Giant (Jupiter-like),Solar-like (-0.15 <= [Fe/H] <= +0.15),2.3114243,5600.0,0.93,Transit
WASP-66 b,WASP-66,-0.31,2.35,746.9005,0.37106786227173627,1,Gas Giant (Jupiter-like),Metal-poor ([Fe/H] < -0.15),4.08605,6600.0,1.33,Transit
WASP-67 b,WASP-67,-0.07,0.43,136.6669,-0.36653154442041347,1,Gas Giant (Jupiter-like),Solar-like (-0.15 <= [Fe/H] <= +0.15),4.61442,5200.0,0.91,Transit
WASP-68 b,WASP-68,0.22,1.08,343.2564,0.03342375548694973,1,Gas Giant (Jupiter-like),Metal-rich ([Fe/H] > +0.15),5.0843,5910.0,1.49,Transit
WASP-69 b,WASP-69,0.35,0.26,82.58,-0.585026652029182,1,Gas Giant (Jupiter-like),Metal-rich ([Fe/H] > +0.15),3.86813881,4792.0,0.83,Transit
WASP-7 b,WASP-7,0.0,0.96,305.1168,-0.017728766960431602,1,Gas Giant (Jupiter-like),Solar-like (-0.15 <= [Fe/H] <= +0.15),4.9546416,6400.0,1.276,Transit
WASP-70 A b,WASP-70 A,-0.006,0.59,187.512,-0.22914798835785583,1,Gas Giant (Jupiter-like),Solar-like (-0.15 <= [Fe/H] <= +0.15),3.7130203,5763.0,1.106,Transit
WASP-71 b,WASP-71,0.15,1.39,441.7837,0.14301480025409505,1,Gas Giant (Jupiter-like),Solar-like (-0.15 <= [Fe/H] <= +0.15),2.90367,6050.0,0.76,Transit
WASP-72 b,WASP-72,-0.06,2.3,731.009,0.36172783601759284,1,Gas Giant (Jupiter-like),Solar-like (-0.15 <= [Fe/H] <= +0.15),2.21673,6250.0,2.78,Transit
WASP-73 b,WASP-73,0.14,2.86,908.9938,0.456366033129043,1,Gas Giant (Jupiter-like),Solar-like (-0.15 <= [Fe/H] <= +0.15),4.08722,6030.0,2.52,Transit
WASP-74 b,WASP-74,0.39,0.72,228.8376,-0.14266750356873156,1,Gas Giant (Jupiter-like),Metal-rich ([Fe/H] > +0.15),2.13775,5990.0,0.98,Transit
WASP-75 b,WASP-75,0.07,1.07,340.06,0.029383777685209667,1,Gas Giant (Jupiter-like),Solar-like (-0.15 <= [Fe/H] <= +0.15),2.484193,6100.0,1.14,Transit
WASP-76 b,WASP-76,0.366,0.894,284.13859586,-0.04866248120408232,1,Gas Giant (Jupiter-like),Metal-rich ([Fe/H] > +0.15),1.80988198,6329.0,1.458,Transit
WASP-77 A b,WASP-77 A,-0.1,1.6654,529.31142902,0.22151856032227898,1,Gas Giant (Jupiter-like),Solar-like (-0.15 <= [Fe/H] <= +0.15),1.360029395,5617.0,0.903,Transit
WASP-78 b,WASP-78,-0.35,1.11,352.7913,0.045322978786657475,1,Gas Giant (Jupiter-like),Metal-poor ([Fe/H] < -0.15),2.17518,6100.0,1.87,Transit
WASP-79 b,WASP-79,0.03,0.85,270.15414595,-0.07058107428570728,1,Gas Giant (Jupiter-like),Solar-like (-0.15 <= [Fe/H] <= +0.15),3.662392,6600.0,1.39,Transit
WASP-8 b,WASP-8,0.17,2.54,807.2882,0.40483371661993806,1,Gas Giant (Jupiter-like),Metal-rich ([Fe/H] > +0.15),8.15872,5600.0,1.34,Transit
WASP-8 c,WASP-8,0.17,9.45,3003.37,0.9754318085092629,1,Gas Giant (Jupiter-like),Metal-rich ([Fe/H] > +0.15),4323.0,,1.04,Radial Velocity
WASP-80 b,WASP-80,-0.13,0.538,170.99254,-0.2692177243336108,1,Gas Giant (Jupiter-like),Solar-like (-0.15 <= [Fe/H] <= +0.15),3.06785234,4143.0,0.577,Transit
WASP-81 b,WASP-81,-0.36,0.729,231.69807,-0.1372724716820254,1,Gas Giant (Jupiter-like),Metal-poor ([Fe/H] < -0.15),2.7164762,5870.0,1.08,Transit
WASP-82 b,WASP-82,0.12,1.17,371.8611,0.06818586174616162,1,Gas Giant (Jupiter-like),Solar-like (-0.15 <= [Fe/H] <= +0.15),2.70579,6480.0,1.48,Transit
WASP-83 b,WASP-83,0.29,0.3,95.349,-0.5228787452803376,1,Gas Giant (Jupiter-like),Metal-rich ([Fe/H] > +0.15),4.971252,5510.0,1.11,Transit
WASP-88 b,WASP-88,-0.08,0.42,133.4886,-0.37675070960209955,1,Gas Giant (Jupiter-like),Solar-like (-0.15 <= [Fe/H] <= +0.15),4.954,6430.0,0.94,Transit
WASP-89 b,WASP-89,0.15,5.9,1875.197,0.7708520116421442,1,Gas Giant (Jupiter-like),Solar-like (-0.15 <= [Fe/H] <= +0.15),3.3564227,5130.0,0.92,Transit
WASP-90 b,WASP-90,0.11,0.63,200.2329,-0.2006594505464183,1,Gas Giant (Jupiter-like),Solar-like (-0.15 <= [Fe/H] <= +0.15),3.916243,6430.0,1.55,Transit
WASP-91 b,WASP-91,0.19,1.34,425.8922,0.12710479836480765,1,Gas Giant (Jupiter-like),Metal-rich ([Fe/H] > +0.15),2.798581,4920.0,0.84,Transit
WASP-92 b,WASP-92,0.0,0.805,255.85315,-0.09420411963213146,1,Gas Giant (Jupiter-like),Solar-like (-0.15 <= [Fe/H] <= +0.15),2.1746742,6280.0,1.19,Transit
WASP-93 b,WASP-93,0.07,1.47,467.2101,0.1673173347481761,1,Gas Giant (Jupiter-like),Solar-like (-0.15 <= [Fe/H] <= +0.15),2.7325321,6700.0,1.334,Transit
WASP-94 A b,WASP-94 A,0.26,0.5,158.915,-0.3010299956639812,1,Gas Giant (Jupiter-like),Metal-rich ([Fe/H] > +0.15),3.95019,6170.0,1.67,Transit
WASP-94 B b,WASP-94 B,0.23,0.618,196.411,-0.20901152491118416,1,Gas Giant (Jupiter-like),Metal-rich ([Fe/H] > +0.15),2.00839,6040.0,1.24,Radial Velocity
WASP-95 b,WASP-95,0.14,1.44,457.6752,0.15836249209524964,1,Gas Giant (Jupiter-like),Solar-like (-0.15 <= [Fe/H] <= +0.15),2.18467,5830.0,1.46,Transit
WASP-96 b,WASP-96,0.14,0.48,152.55,-0.3187587626244128,1,Gas Giant (Jupiter-like),Solar-like (-0.15 <= [Fe/H] <= +0.15),3.4252602,5540.0,1.06,Transit
WASP-97 b,WASP-97,0.23,1.36,432.2488,0.13353890837021754,1,Gas Giant (Jupiter-like),Metal-rich ([Fe/H] > +0.15),2.07276,5640.0,1.18,Transit
WASP-98 b,WASP-98,-0.49,0.922,293.03926,-0.03526907894637064,1,Gas Giant (Jupiter-like),Metal-poor ([Fe/H] < -0.15),2.96264036,5473.0,0.809,Transit
WASP-99 b,WASP-99,0.21,2.43,772.3269,0.38560627359831223,1,Gas Giant (Jupiter-like),Metal-rich ([Fe/H] > +0.15),5.75251,6150.0,1.21,Transit
WTS-1 b,WTS-1,-0.5,4.01,1274.44,0.6031443726201823,1,Gas Giant (Jupiter-like),Metal-poor ([Fe/H] < -0.15),3.352057,6250.0,1.2,Transit
WTS-2 b,WTS-2,0.2,1.12,355.9696,0.04921802267018165,1,Gas Giant (Jupiter-like),Metal-rich ([Fe/H] > +0.15),1.0187068,5000.0,0.82,Transit
Wolf 1061 b,Wolf 1061,-0.09,0.0060095,1.91,-2.221161660488808,0,Terrestrial (Earth-like),Solar-like (-0.15 <= [Fe/H] <= +0.15),4.8869,3342.0,0.294,Radial Velocity
Wolf 1061 c,Wolf 1061,-0.09,0.01072901,3.41,-1.969440349923422,0,Terrestrial (Earth-like),Solar-like (-0.15 <= [Fe/H] <= +0.15),17.8719,3342.0,0.294,Radial Velocity
Wolf 1061 d,Wolf 1061,-0.09,0.02422679,7.7,-1.615704125179025,0,Terrestrial (Earth-like),Solar-like (-0.15 <= [Fe/H] <= +0.15),217.21,3342.0,0.294,Radial Velocity
Wolf 1069 b,Wolf 1069,0.07,0.0039644,1.26,-2.4018225325347498,0,Terrestrial (Earth-like),Solar-like (-0.15 <= [Fe/H] <= +0.15),15.564,3158.0,0.167,Radial Velocity
Wolf 327 b,Wolf 327,-0.17,0.00796027,2.53,-2.0990722014179264,0,Terrestrial (Earth-like),Metal-poor ([Fe/H] < -0.15),0.5734745,3542.0,0.405,Transit
Wolf 503 b,Wolf 503,-0.47,0.01969616,6.26,-1.7056184364459195,0,Terrestrial (Earth-like),Metal-poor ([Fe/H] < -0.15),6.00127,4716.0,0.688,Transit
XO-1 b,XO-1,0.02,0.83,263.7989,-0.08092190762392612,1,Gas Giant (Jupiter-like),Solar-like (-0.15 <= [Fe/H] <= +0.15),3.94153,5750.0,0.88,Transit
XO-2 N b,XO-2 N,0.37,0.594,188.79007376,-0.22621355501880647,1,Gas Giant (Jupiter-like),Metal-rich ([Fe/H] > +0.15),2.61585906,5290.0,0.96,Transit
XO-2 S b,XO-2 S,0.32,0.26,82.63538582,-0.585026652029182,1,Gas Giant (Jupiter-like),Metal-rich ([Fe/H] > +0.15),18.22,5325.0,0.98,Radial Velocity
XO-2 S c,XO-2 S,0.32,1.38,438.60320166,0.13987908640123647,1,Gas Giant (Jupiter-like),Metal-rich ([Fe/H] > +0.15),120.059,5325.0,0.98,Radial Velocity
XO-2 S d,XO-2 S,0.32,3.71,1179.14338997,0.5693739096150459,1,Gas Giant (Jupiter-like),Metal-rich ([Fe/H] > +0.15),4696.0,5325.0,0.98,Radial Velocity
XO-3 b,XO-3,-0.159,13.27,4217.58296089,1.1228709228644356,1,Gas Giant (Jupiter-like),Metal-poor ([Fe/H] < -0.15),3.19152309,6970.0,1.449,Transit
XO-4 b,XO-4,-0.04,1.42,451.3186,0.15228834438305647,1,Gas Giant (Jupiter-like),Solar-like (-0.15 <= [Fe/H] <= +0.15),4.12508,6397.0,1.1,Transit
XO-5 b,XO-5,0.05,1.19,378.2,0.07554696139253074,1,Gas Giant (Jupiter-like),Solar-like (-0.15 <= [Fe/H] <= +0.15),4.1877558,5430.0,1.04,Transit
XO-6 b,XO-6,-0.07,4.4,1398.452,0.6434526764861874,1,Gas Giant (Jupiter-like),Solar-like (-0.15 <= [Fe/H] <= +0.15),3.7650007,6720.0,1.47,Transit
XO-7 b,XO-7,0.432,0.709,225.34147,-0.1493537648169335,1,Gas Giant (Jupiter-like),Metal-rich ([Fe/H] > +0.15),2.8641424,6250.0,1.405,Transit
YZ Cet b,YZ Cet,-0.18,0.00220245,0.7,-2.657093942153407,0,Terrestrial (Earth-like),Metal-poor ([Fe/H] < -0.15),2.02087,3151.0,0.142,Radial Velocity
YZ Cet c,YZ Cet,-0.18,0.00358684,1.14,-2.4452879956872633,0,Terrestrial (Earth-like),Metal-poor ([Fe/H] < -0.15),3.05989,3151.0,0.142,Radial Velocity
YZ Cet d,YZ Cet,-0.18,0.00342952,1.09,-2.4647666601143405,0,Terrestrial (Earth-like),Metal-poor ([Fe/H] < -0.15),4.65626,3151.0,0.142,Radial Velocity
alf Ari b,alf Ari,-0.09,1.8,572.07,0.25527250510330607,1,Gas Giant (Jupiter-like),Solar-like (-0.15 <= [Fe/H] <= +0.15),380.8,4553.0,1.5,Radial Velocity
alf Tau b,alf Tau,-0.27,6.47,2056.3601,0.8109042806687004,1,Gas Giant (Jupiter-like),Metal-poor ([Fe/H] < -0.15),628.96,4055.0,1.13,Radial Velocity
bet Cnc b,bet Cnc,-0.29,7.8,2479.0,0.8920946026904804,1,Gas Giant (Jupiter-like),Metal-poor ([Fe/H] < -0.15),605.2,4092.1,1.7,Radial Velocity
bet UMi b,bet UMi,-0.27,6.1,1938.7,0.785329835010767,1,Gas Giant (Jupiter-like),Metal-poor ([Fe/H] < -0.15),522.3,4126.0,1.4,Radial Velocity
eps CrB b,eps CrB,-0.094,6.7,2129.461,0.8260748027008264,1,Gas Giant (Jupiter-like),Solar-like (-0.15 <= [Fe/H] <= +0.15),417.9,4406.0,1.7,Radial Velocity
eps Ind A b,eps Ind A,-0.17,6.5,2065.8846455,0.8129133566428556,1,Gas Giant (Jupiter-like),Metal-poor ([Fe/H] < -0.15),25450.0,4700.0,0.8,Radial Velocity
eps Tau b,eps Tau,0.1,7.19,2285.18624633,0.8567288903828826,1,Gas Giant (Jupiter-like),Solar-like (-0.15 <= [Fe/H] <= +0.15),585.82,4877.0,2.57,Radial Velocity
gam Cep b,gam Cep,0.18,6.6,2097.6674862,0.8195439355418687,1,Gas Giant (Jupiter-like),Metal-rich ([Fe/H] > +0.15),913.0,4775.0,1.27,Radial Velocity
gam Lib b,gam Lib,-0.27,1.126,357.87478628,0.05153839051532738,1,Gas Giant (Jupiter-like),Metal-poor ([Fe/H] < -0.15),414.88,4879.0,1.78,Radial Velocity
gam Lib c,gam Lib,-0.27,5.231,1662.56039702,0.718584720027436,1,Gas Giant (Jupiter-like),Metal-poor ([Fe/H] < -0.15),966.49,4879.0,1.78,Radial Velocity
gam Psc b,gam Psc,-0.62,1.34,425.89006538,0.12710479836480765,1,Gas Giant (Jupiter-like),Metal-poor ([Fe/H] < -0.15),555.1,4742.0,0.99,Radial Velocity
gam1 Leo b,gam1 Leo,-0.51,8.78,2790.43,0.9434945159061026,1,Gas Giant (Jupiter-like),Metal-poor ([Fe/H] < -0.15),428.5,4330.0,1.23,Radial Velocity
iot Dra b,iot Dra,0.03,11.82,3756.73177074,1.0726174765452365,1,Gas Giant (Jupiter-like),Solar-like (-0.15 <= [Fe/H] <= +0.15),510.8544,4504.0,1.54,Radial Velocity
iot Dra c,iot Dra,0.03,15.6,4958.1231492,1.1931245983544616,1,Gas Giant (Jupiter-like),Solar-like (-0.15 <= [Fe/H] <= +0.15),25000.0,4504.0,1.54,Radial Velocity
kap And b,kap And,0.0,17.3,5498.4314411,1.2380461031287955,1,Gas Giant (Jupiter-like),Solar-like (-0.15 <= [Fe/H] <= +0.15),,11327.0,2.768,Imaging
kap CrB b,kap CrB,0.09,1.522,483.73483545,0.18241465243455401,1,Gas Giant (Jupiter-like),Solar-like (-0.15 <= [Fe/H] <= +0.15),1253.68,4840.0,1.33,Radial Velocity
mu Leo b,mu Leo,0.36,2.4,762.8,0.38021124171160603,1,Gas Giant (Jupiter-like),Metal-rich ([Fe/H] > +0.15),357.8,4538.2,1.5,Radial Velocity
nu Oph b,nu Oph,0.1,21.548,6848.56651404,1.3334069668739172,1,Gas Giant (Jupiter-like),Solar-like (-0.15 <= [Fe/H] <= +0.15),529.93,4887.0,2.61,Radial Velocity
nu Oph c,nu Oph,0.1,23.693,7530.30844705,1.3746200544313716,1,Gas Giant (Jupiter-like),Solar-like (-0.15 <= [Fe/H] <= +0.15),3180.6,4887.0,2.61,Radial Velocity
ome Ser b,ome Ser,-0.12,0.736,233.92170755,-0.13312218566250114,1,Gas Giant (Jupiter-like),Solar-like (-0.15 <= [Fe/H] <= +0.15),278.59,4724.0,1.01,Radial Velocity
omi CrB b,omi CrB,-0.27,1.12,355.96781584,0.04921802267018165,1,Gas Giant (Jupiter-like),Metal-poor ([Fe/H] < -0.15),187.01,4769.0,1.3,Radial Velocity
omi UMa b,omi UMa,-0.16,3.651,1160.39151396,0.5624118329497274,1,Gas Giant (Jupiter-like),Metal-poor ([Fe/H] < -0.15),1569.81,5075.0,2.72,Radial Velocity
pi Men d,HD 39091,0.09,0.04209819,13.38,-1.3757365761337021,0,Neptunian / Sub-Neptune,Solar-like (-0.15 <= [Fe/H] <= +0.15),124.64,5998.0,1.07,Radial Velocity
psi1 Dra B b,psi1 Dra B,0.01,1.53,486.2799,0.1846914308175988,1,Gas Giant (Jupiter-like),Solar-like (-0.15 <= [Fe/H] <= +0.15),3117.0,6212.0,1.19,Radial Velocity
tau Boo b,tau Boo,0.2642,4.32,1373.0256,0.6354837468149122,1,Gas Giant (Jupiter-like),Metal-rich ([Fe/H] > +0.15),3.3124568,6466.27,1.32,Radial Velocity
tau Gem b,tau Gem,0.14,20.6,6547.0,1.3138672203691535,1,Gas Giant (Jupiter-like),Solar-like (-0.15 <= [Fe/H] <= +0.15),305.5,4388.0,2.3,Radial Velocity
ups Leo b,ups Leo,-0.2,0.51,162.09248757,-0.2924298239020636,1,Gas Giant (Jupiter-like),Metal-poor ([Fe/H] < -0.15),385.2,4836.0,1.48,Radial Velocity
xi Aql b,xi Aql,-0.11,1.941,616.90493799,0.28802553538836284,1,Gas Giant (Jupiter-like),Solar-like (-0.15 <= [Fe/H] <= +0.15),136.97,4841.0,1.74,Radial Velocity
