pl_name,hostname,pl_letter,pl_bmasse,pl_bmassj,pl_rade,pl_orbper,st_met,st_teff,st_mass,st_rad,disc_year,discoverymethod
"11 Com b","11 Com","b",4914.89848585,15.46400000,,323.21000000000,-0.2600,4874.00,2.090000,13.760000,2007,"Radial Velocity"
"11 UMi b","11 UMi","b",4684.81420000,14.74000000,,516.21997000000,-0.0200,4213.00,2.780000,29.790000,2009,"Radial Velocity"
"14 And b","14 And","b",1131.15130051,3.55900000,,186.76000000000,-0.2100,4888.00,1.780000,11.550000,2008,"Radial Velocity"
"14 Her b","14 Her","b",2828.67282230,8.90000000,,,0.4300,,0.970000,,2002,"Radial Velocity"
"16 Cyg B b","16 Cyg B","b",565.73740000,1.78000000,,798.50000000000,0.0600,5750.00,1.080000,1.130000,1996,"Radial Velocity"
"17 Sco b","17 Sco","b",1373.01871824,4.32000000,,578.38000000000,-0.0100,4157.00,1.220000,25.920000,2020,"Radial Velocity"
"18 Del b","18 Del","b",2926.24614325,9.20700000,,982.85000000000,-0.0600,4980.00,2.100000,8.800000,2008,"Radial Velocity"
"24 Boo b","24 Boo","b",280.64248338,0.88300000,,30.33000000000,-0.7800,4816.00,1.050000,12.190000,2018,"Radial Velocity"
"24 Sex b","24 Sex","b",632.46000000,1.99000000,,452.80000000000,-0.0300,5098.00,1.540000,4.900000,2010,"Radial Velocity"
"24 Sex c","24 Sex","c",273.32000000,0.86000000,,883.00000000000,-0.0300,5098.00,1.540000,4.900000,2010,"Radial Velocity"
"2M0437 b","2MASS J04372171+2651014","b",1271.31362800,4.00000000,,,0.0100,3100.00,0.170000,0.840000,2021,"Imaging"
"4 UMa b","4 UMa","b",2511.48007211,7.90200000,,270.27000000000,-0.2500,4415.00,1.234000,18.110000,2006,"Radial Velocity"
"47 UMa b","47 UMa","b",804.08000000,2.53000000,,1078.00000000000,0.0400,5872.00,1.060000,1.213340,1996,"Radial Velocity"
"47 UMa c","47 UMa","c",171.62100000,0.54000000,,2391.00000000000,0.0400,5872.00,1.060000,1.213340,2001,"Radial Velocity"
"47 UMa d","47 UMa","d",521.22000000,1.64000000,,14002.00000000000,0.0400,5872.00,1.060000,1.213340,2009,"Radial Velocity"
"55 Cnc B b","55 Cnc B","b",3.50000000,0.01101223,,6.79940000000,0.1600,3286.00,0.260000,0.274000,2025,"Radial Velocity"
"55 Cnc B c","55 Cnc B","c",5.30000000,0.01667566,,33.74700000000,0.1600,3286.00,0.260000,0.274000,2025,"Radial Velocity"
"55 Cnc b","55 Cnc","b",276.00000000,0.86839311,,14.65155200000,0.3900,5198.00,1.015000,0.980000,1996,"Radial Velocity"
"55 Cnc c","55 Cnc","c",56.60000000,0.17808352,,44.39360000000,0.3900,5198.00,1.015000,0.980000,2004,"Radial Velocity"
"55 Cnc d","55 Cnc","d",1214.10451474,3.82000000,,4799.00000000000,0.3900,5198.00,1.015000,0.980000,2002,"Radial Velocity"
"55 Cnc e","55 Cnc","e",7.99000000,0.02513923,1.87500000,0.73654740000,0.3500,5172.00,0.905000,0.943000,2004,"Radial Velocity"
"55 Cnc f","55 Cnc","f",48.50000000,0.15259807,,260.58000000000,0.3900,5198.00,1.015000,0.980000,2007,"Radial Velocity"
"6 Lyn b","6 Lyn","b",597.83523357,1.88100000,,919.86000000000,-0.1700,4941.00,1.320000,4.940000,2008,"Radial Velocity"
"61 Vir b","61 Vir","b",5.10000000,0.01600000,,4.21500000000,-0.0100,5577.00,0.942000,0.963000,2009,"Radial Velocity"
"61 Vir c","61 Vir","c",18.20000000,0.05700000,,38.02100000000,-0.0100,5577.00,0.942000,0.963000,2009,"Radial Velocity"
"61 Vir d","61 Vir","d",22.90000000,0.07200000,,123.01000000000,-0.0100,5577.00,0.942000,0.963000,2009,"Radial Velocity"
"7 CMa b","7 CMa","b",587.98550000,1.85000000,,735.10000000000,0.2100,4826.00,1.340000,4.870000,2011,"Radial Velocity"
"7 CMa c","7 CMa","c",276.51210000,0.87000000,,996.00000000000,0.2100,4826.00,1.340000,4.870000,2019,"Radial Velocity"
"75 Cet b","75 Cet","b",787.89662095,2.47900000,,696.62000000000,0.1000,4809.00,1.920000,10.380000,2012,"Radial Velocity"
"75 Cet c","75 Cet","c",289.85950718,0.91200000,,2051.62000000000,0.1000,4809.00,1.920000,10.380000,2023,"Radial Velocity"
"8 UMi b","8 UMi","b",524.41687155,1.65000000,,93.31000000000,-0.0300,4847.00,1.510000,10.730000,2015,"Radial Velocity"
"81 Cet b","81 Cet","b",1051.05854195,3.30700000,,1005.57000000000,-0.1100,4734.00,1.230000,11.210000,2008,"Radial Velocity"
"91 Aqr b","91 Aqr","b",1017.00000000,3.20000000,,181.40000000000,-0.0300,4665.00,1.400000,11.000000,2013,"Radial Velocity"
"AU Mic b","AU Mic","b",8.99000000,0.02828570,4.79000000,8.46344600000,0.0100,3540.00,0.635000,0.862000,2020,"Transit"
"AU Mic c","AU Mic","c",14.46000000,0.04549625,2.79000000,18.85902300000,0.0100,3540.00,0.635000,0.862000,2021,"Transit"
"AU Mic d","AU Mic","d",1.05300000,0.00331000,,12.73596000000,0.2300,3678.00,0.510000,0.744000,2023,"Transit Timing Variations"
"AU Mic e","AU Mic","e",21.10000000,0.06638802,,33.11000000000,0.1200,3665.00,0.600000,0.820000,2025,"Radial Velocity"
"BD+03 2562 b","BD+03 2562","b",2034.11200000,6.40000000,,481.90000000000,-0.7100,4095.00,1.140000,32.350000,2017,"Radial Velocity"
"BD+05 4868 A b","BD+05 4868 A","b",6.20000000,0.01950738,,1.27186900000,-0.0500,4596.00,0.700000,0.690000,2025,"Transit"
"BD+14 4559 b","BD+14 4559","b",330.54320000,1.04000000,,268.94000000000,0.1700,4864.00,0.490000,0.860000,2009,"Radial Velocity"
"BD+15 2375 b","BD+15 2375","b",337.21763000,1.06100000,,153.22000000000,-0.2200,4649.00,1.080000,8.950000,2016,"Radial Velocity"
"BD+15 2940 b","BD+15 2940","b",352.78000000,1.11000000,,137.48000000000,0.2800,4796.00,1.100000,14.700000,2013,"Radial Velocity"
"BD+20 2457 b","BD+20 2457","b",6807.63000000,21.42000000,,379.63000000000,-1.0000,4137.00,2.800000,49.000000,2009,"Radial Velocity"
"BD+20 2457 c","BD+20 2457","c",3963.17000000,12.47000000,,621.99000000000,-1.0000,4137.00,2.800000,49.000000,2009,"Radial Velocity"
"BD+20 274 b","BD+20 274","b",1334.88600000,4.20000000,,578.20000000000,-0.4600,4296.00,0.800000,17.300000,2012,"Radial Velocity"
"BD+20 594 b","BD+20 594","b",22.24810000,0.07000000,2.57807000,41.68550000000,-0.1500,5766.00,1.670000,1.080000,2016,"Transit"
"BD+37 3172 b","BD+37 3172","b",3368.98111420,10.60000000,,1887.76000000000,-0.0300,4500.00,3.750000,50.240000,2023,"Radial Velocity"
"BD+42 2315 b","BD+42 2315","b",174.80562385,0.55000000,,123.05000000000,-0.2000,4500.00,1.380000,17.850000,2023,"Radial Velocity"
"BD+45 564 b","BD+45 564","b",432.24663352,1.36000000,,307.88000000000,-0.0900,5004.00,0.810000,,2021,"Radial Velocity"
"BD+48 738 b","BD+48 738","b",289.22530000,0.91000000,,392.60000000000,-0.2000,4414.00,0.740000,11.000000,2011,"Radial Velocity"
"BD+48 740 b","BD+48 740","b",540.31100000,1.70000000,,733.00000000000,-0.1300,4534.00,1.090000,10.330000,2018,"Radial Velocity"
"BD+49 828 b","BD+49 828","b",508.50000000,1.60000000,,2590.00000000000,-0.1900,4943.00,1.520000,7.600000,2015,"Radial Velocity"
"BD+55 362 b","BD+55 362","b",228.83645304,0.72000000,,265.59000000000,0.1800,5012.00,0.909000,,2021,"Radial Velocity"
"BD+63 1405 b","BD+63 1405","b",1258.60049172,3.96000000,,1198.48000000000,-0.0900,5000.00,0.816000,,2021,"Radial Velocity"
"BD-06 1339 b","BD-06 1339","b",8.50000000,0.02700000,,3.87280000000,-0.1400,4324.00,0.700000,,2013,"Radial Velocity"
"BD-06 1339 c","BD-06 1339","c",53.00000000,0.17000000,,125.94000000000,-0.1400,4324.00,0.700000,,2013,"Radial Velocity"
"BD-08 2823 b","BD-08 2823","b",12.71320000,0.04000000,,5.60000000000,-0.0600,4816.00,0.500000,0.710000,2009,"Radial Velocity"
"BD-08 2823 c","BD-08 2823","c",104.00000000,0.33000000,,237.60000000000,-0.0700,4746.00,0.740000,,2009,"Radial Velocity"
"BD-10 3166 b","BD-10 3166","b",187.51970000,0.59000000,,3.48777000000,0.3800,5393.00,1.470000,0.910000,2000,"Radial Velocity"
"BD-11 4672 b","BD-11 4672","b",206.58950000,0.65000000,,1634.00000000000,-0.3500,4550.00,0.651000,0.639000,2014,"Radial Velocity"
"BD-11 4672 c","BD-11 4672","c",15.37000000,0.04835919,,74.20000000000,-0.3500,4550.00,0.651000,0.639000,2020,"Radial Velocity"
"BD-13 2130 b","BD-13 2130","b",3108.37740000,9.78000000,,714.29999000000,-0.0800,4545.00,2.120000,19.170000,2007,"Radial Velocity"
"BD-14 3065 b","BD-14 3065 A","b",3932.00000000,12.37000000,21.59000000,4.28897310000,-0.3400,6935.00,1.410000,2.350000,2024,"Transit"
"BD-210397 b","BD-210397","b",214.00000000,0.70000000,,1891.00000000000,0.1200,4051.00,0.679000,0.747000,2023,"Radial Velocity"
"BEBOP-3 b","BEBOP-3","b",177.34825111,0.55800000,,547.00000000000,-0.0200,6033.00,1.083000,1.414000,2025,"Radial Velocity"
"Barnard b","Barnard's star","b",0.29900000,0.00094076,,3.15420000000,-0.5600,3195.00,0.162000,0.185000,2024,"Radial Velocity"
"Barnard c","Barnard's star","c",0.33500000,0.00105403,,4.12440000000,-0.5600,3195.00,0.162000,0.185000,2025,"Radial Velocity"
"Barnard d","Barnard's star","d",0.26300000,0.00082749,,2.34020000000,-0.5600,3195.00,0.162000,0.185000,2025,"Radial Velocity"
"Barnard e","Barnard's star","e",0.19300000,0.00060725,,6.73920000000,-0.5600,3195.00,0.162000,0.185000,2025,"Radial Velocity"
"CD Cet b","CD Cet","b",3.95000000,0.01242809,,2.29070000000,0.1300,3130.00,0.161000,0.175000,2020,"Radial Velocity"
"CoRoT-1 b","CoRoT-1","b",327.35000000,1.03000000,16.70000000,1.50895570000,-0.3000,5950.00,0.950000,1.110000,2008,"Transit"
"CoRoT-10 b","CoRoT-10","b",874.00000000,2.75000000,10.87000000,13.24060000000,0.2600,5075.00,0.890000,0.790000,2010,"Transit"
"CoRoT-11 b","CoRoT-11","b",740.51000000,2.33000000,16.03000000,2.99433000000,-0.0300,6440.00,1.270000,1.370000,2010,"Transit"
"CoRoT-12 b","CoRoT-12","b",291.43800000,0.91700000,16.14000000,2.82804200000,0.1600,5675.00,1.078000,1.116000,2010,"Transit"
"CoRoT-13 b","CoRoT-13","b",415.70400000,1.30800000,9.92000000,4.03519000000,0.0100,5945.00,1.090000,1.010000,2010,"Transit"
"CoRoT-14 b","CoRoT-14","b",2415.40000000,7.60000000,12.22000000,1.51214000000,0.0500,6035.00,1.130000,1.210000,2010,"Transit"
"CoRoT-16 b","CoRoT-16","b",170.03200000,0.53500000,13.11000000,5.35227000000,0.1900,5650.00,1.098000,1.190000,2011,"Transit"
"CoRoT-17 b","CoRoT-17","b",772.29000000,2.43000000,11.43000000,3.76810000000,0.0000,5740.00,1.040000,1.590000,2011,"Transit"
"CoRoT-18 b","CoRoT-18","b",1102.82000000,3.47000000,14.68000000,1.90006930000,-0.1000,5440.00,0.950000,1.000000,2011,"Transit"
"CoRoT-19 b","CoRoT-19","b",352.78000000,1.11000000,14.46000000,3.89713000000,-0.0200,6090.00,1.210000,1.650000,2011,"Transit"
"CoRoT-21 b","CoRoT-21","b",718.29580000,2.26000000,14.57170000,2.72474000000,0.0000,6200.00,1.290000,1.950000,2012,"Transit"
"CoRoT-22 b","CoRoT-22","b",12.20000000,0.03800000,4.88000000,9.75598000000,0.1700,5939.00,1.099000,1.136000,2014,"Transit"
"CoRoT-23 b","CoRoT-23","b",889.90000000,2.80000000,11.77000000,3.63130000000,0.0500,5900.00,1.140000,1.610000,2011,"Transit"
"CoRoT-24 b","CoRoT-24","b",5.70000000,0.01800000,3.70000000,5.11340000000,0.3000,4950.00,0.910000,0.860000,2014,"Transit"
"CoRoT-24 c","CoRoT-24","c",28.00000000,0.08800000,5.00000000,11.75900000000,0.3000,4950.00,0.910000,0.860000,2014,"Transit"
"CoRoT-25 b","CoRoT-25","b",85.81000000,0.27000000,12.11000000,4.86069000000,-0.0100,6040.00,1.090000,1.190000,2013,"Transit"
"CoRoT-26 b","CoRoT-26","b",165.26000000,0.52000000,14.12000000,4.20474000000,0.0100,5590.00,1.090000,1.790000,2013,"Transit"
"CoRoT-27 b","CoRoT-27","b",3302.11000000,10.39000000,11.28700000,3.57532000000,-0.1000,5900.00,1.050000,1.080000,2014,"Transit"
"CoRoT-28 b","CoRoT-28","b",153.82972000,0.48400000,10.70459500,5.20851000000,0.1500,5150.00,1.010000,1.780000,2015,"Transit"
"CoRoT-29 b","CoRoT-29","b",270.15550000,0.85000000,10.08810000,2.85057000000,0.2000,5260.00,0.970000,0.900000,2015,"Transit"
"CoRoT-30 b","CoRoT-30","b",921.70700000,2.90000000,11.30988100,9.06005000000,0.0200,5650.00,0.980000,0.910000,2020,"Transit"
"CoRoT-31 b","CoRoT-31","b",266.97720000,0.84000000,16.36514000,4.62941000000,0.0000,5700.00,1.250000,2.150000,2020,"Transit"
"CoRoT-32 b","CoRoT-32","b",47.67450000,0.15000000,6.38913000,6.71837000000,0.0000,5970.00,1.080000,0.790000,2018,"Transit"
"CoRoT-35 b","CoRoT-35","b",349.61124770,1.10000000,18.83108758,3.22748000000,-0.5000,6390.00,1.010000,1.650000,2022,"Transit"
"CoRoT-36 b","CoRoT-36","b",216.12331676,0.68000000,15.80466279,5.61653100000,-0.1000,6730.00,1.320000,1.520000,2022,"Transit"
"CoRoT-5 b","CoRoT-5","b",148.42000000,0.46700000,15.55800000,4.03789620000,-0.2500,6100.00,1.000000,1.186000,2009,"Transit"
"CoRoT-6 b","CoRoT-6","b",940.74000000,2.96000000,13.06800000,8.88659300000,-0.2000,6090.00,1.050000,1.025000,2009,"Transit"
"CoRoT-7 b","CoRoT-7","b",4.07660518,0.01282637,1.68135000,0.85359163000,0.0500,5275.00,0.820000,0.830000,2009,"Transit"
"CoRoT-7 c","CoRoT-7","c",8.40000000,0.02642922,,3.69800000000,0.0600,5256.00,0.899000,0.864273,2009,"Radial Velocity"
"CoRoT-8 b","CoRoT-8","b",69.92000000,0.22000000,6.39000000,6.21229000000,0.3000,5080.00,0.880000,0.770000,2010,"Transit"
"CoRoT-9 b","CoRoT-9","b",266.97720000,0.84000000,11.94879400,95.27265600000,-0.0100,5625.00,0.960000,0.960000,2009,"Transit"
"DMPP-4 b","DMPP-4","b",12.20000000,0.03838549,,3.49820000000,-0.0070,6400.00,1.250000,1.380000,2023,"Radial Velocity"
"DMPP-7 b","DMPP-7","b",68.95800000,0.21696613,,4.92666000000,0.1300,6096.00,1.230000,1.490000,2026,"Radial Velocity"
"EPIC 201595106 b","EPIC 201595106","b",7.67000000,0.02413252,1.56500000,0.87724000000,0.0100,5679.00,0.958000,0.980000,2021,"Transit"
"EPIC 220674823 b","EPIC 220674823","b",7.54000000,0.02372349,1.60600000,0.57130782000,-0.0050,5578.00,0.913000,0.990000,2016,"Transit"
"EPIC 220674823 c","EPIC 220674823","c",7.90000000,0.02485618,2.71200000,13.34060300000,-0.0050,5578.00,0.913000,0.990000,2016,"Transit"
"EPIC 229004835 b","EPIC 229004835","b",10.40000000,0.03272206,2.33200000,16.14113200000,-0.1200,5868.00,0.970000,0.999000,2023,"Transit"
"EPIC 246851721 b","EPIC 246851721","b",953.49000000,3.00000000,11.78065900,6.18023500000,0.1410,6202.00,1.317000,1.586000,2018,"Transit"
"EPIC 248847494 b","EPIC 248847494","b",4131.79000000,13.00000000,12.44199000,3650.00000000000,-0.2300,4898.00,0.900000,2.700000,2018,"Transit"
"EPIC 249893012 b","EPIC 249893012","b",8.75000000,0.02753044,1.95000000,3.59510000000,0.2000,5430.00,1.050000,1.710000,2020,"Transit"
"EPIC 249893012 c","EPIC 249893012","c",14.67000000,0.04615675,3.67000000,15.62400000000,0.2000,5430.00,1.050000,1.710000,2020,"Transit"
"EPIC 249893012 d","EPIC 249893012","d",10.18000000,0.03202970,3.94000000,35.74700000000,0.2000,5430.00,1.050000,1.710000,2020,"Transit"
"G 264-012 b","G 264-012","b",2.50000000,0.00786588,,2.30538000000,0.1000,3326.00,0.297000,0.305000,2021,"Radial Velocity"
"G 264-012 c","G 264-012","c",3.75000000,0.01179882,,8.05180000000,0.1000,3326.00,0.297000,0.305000,2021,"Radial Velocity"
"G 9-40 b","G 9-40","b",4.00000000,0.01258541,1.90000000,5.74599820000,-0.0700,3395.00,0.295200,0.302600,2019,"Transit"
"GJ 1002 b","GJ 1002","b",1.08000000,0.00339806,,10.34650000000,-0.2500,3024.00,0.120000,0.137000,2022,"Radial Velocity"
"GJ 1002 c","GJ 1002","c",1.36000000,0.00427904,,21.20200000000,-0.2500,3024.00,0.120000,0.137000,2022,"Radial Velocity"
"GJ 1061 b","GJ 1061","b",1.11000000,0.00349245,,3.20730000000,-0.0800,2953.00,0.120000,0.156000,2020,"Radial Velocity"
"GJ 1061 c","GJ 1061","c",1.81000000,0.00569490,,6.68210000000,-0.0800,2953.00,0.120000,0.156000,2020,"Radial Velocity"
"GJ 1061 d","GJ 1061","d",1.67000000,0.00525441,,13.06600000000,-0.0800,2953.00,0.120000,0.156000,2020,"Radial Velocity"
"GJ 1132 b","GJ 1132","b",1.83704819,0.00578000,1.19151465,1.62892911000,-0.1700,3229.00,0.194500,0.221100,2015,"Transit"
"GJ 1132 c","GJ 1132","c",2.91000000,0.00915588,,8.92900000000,-0.1800,,0.198000,0.226000,2018,"Radial Velocity"
"GJ 1137 c","HD 93083","c",5.12000000,0.01610932,,9.64120000000,0.1300,5033.80,0.836000,0.837000,2026,"Radial Velocity"
"GJ 1151 c","GJ 1151","c",10.62000000,0.03341426,,389.70000000000,-0.1200,3280.00,0.163900,0.178100,2023,"Radial Velocity"
"GJ 1214 b","GJ 1214","b",8.41000000,0.02646082,2.73300000,1.58040453100,0.2400,3101.00,0.182000,0.216200,2009,"Transit"
"GJ 1252 b","GJ 1252","b",1.32000000,0.00415318,1.19300000,0.51823310000,0.1000,3458.00,0.381000,0.391000,2020,"Transit"
"GJ 1265 b","GJ 1265","b",7.40000000,0.02328289,,3.65110000000,-0.0400,3236.00,0.178000,0.192000,2018,"Radial Velocity"
"GJ 1289 b","GJ 1289","b",6.27000000,0.01972763,,111.74000000000,0.0200,3296.00,0.210000,,2024,"Radial Velocity"
"GJ 143 b","GJ 143","b",22.70000000,0.07142183,2.61000000,35.61253000000,0.0030,4640.00,0.730000,0.695000,2019,"Transit"
"GJ 15 A b","GJ 15 A","b",3.03000000,0.00953340,,11.44070000000,-0.3400,3607.00,0.380000,0.380000,2014,"Radial Velocity"
"GJ 15 A c","GJ 15 A","c",36.00000000,0.11326810,,7600.00000000000,-0.3400,3607.00,0.380000,0.380000,2018,"Radial Velocity"
"GJ 179 b","GJ 179","b",260.61000000,0.82000000,,2288.00000000000,0.3000,3370.00,0.357000,0.380000,2009,"Radial Velocity"
"GJ 2126 b","GJ 2126","b",413.17692910,1.30000000,,272.70000000000,0.6000,4159.00,0.650000,0.728000,2025,"Radial Velocity"
"GJ 251 b","GJ 251","b",3.85000000,0.01211345,,14.23700000000,0.0700,3342.00,0.350000,0.360000,2020,"Radial Velocity"
"GJ 251 c","GJ 251","c",3.88000000,0.01220785,,53.64700000000,0.0700,3342.00,0.350000,0.360000,2025,"Radial Velocity"
"GJ 273 b","GJ 273","b",2.89000000,0.00909291,,18.64980000000,0.0900,3382.00,0.290000,0.293000,2017,"Radial Velocity"
"GJ 273 c","GJ 273","c",1.18000000,0.00371268,,4.72340000000,0.0900,3382.00,0.290000,0.293000,2017,"Radial Velocity"
"GJ 3021 b","GJ 3021","b",1071.04000000,3.37000000,,133.71000000000,0.1000,5540.00,0.900000,0.900000,2000,"Radial Velocity"
"GJ 3090 b","GJ 3090","b",4.52000000,0.01422151,2.18000000,2.85310198000,0.1200,3707.00,0.519000,0.516000,2022,"Transit"
"GJ 3090 c","GJ 3090","c",10.00000000,0.03146352,,15.94070000000,0.1200,3707.00,0.519000,0.516000,2026,"Radial Velocity"
"GJ 3138 b","GJ 3138","b",1.78000000,0.00560048,,1.22003000000,-0.3000,3717.00,0.681000,0.500000,2017,"Radial Velocity"
"GJ 3138 c","GJ 3138","c",4.18000000,0.01315168,,5.97400000000,-0.3000,3717.00,0.681000,0.500000,2017,"Radial Velocity"
"GJ 3138 d","GJ 3138","d",10.50000000,0.03303653,,257.80000000000,-0.3000,3717.00,0.681000,0.500000,2017,"Radial Velocity"
"GJ 317 b","GJ 317","b",536.49435102,1.68800000,,695.69000000000,-0.0200,3496.00,0.402000,0.403000,2007,"Radial Velocity"
"GJ 317 c","GJ 317","c",454.49462201,1.43000000,,6500.00000000000,-0.0200,3496.00,0.402000,0.403000,2016,"Radial Velocity"
"GJ 328 b","GJ 328","b",797.74930157,2.51000000,,3771.00000000000,-0.0600,3897.00,0.650000,0.630000,2013,"Radial Velocity"
"GJ 328 c","GJ 328","c",21.40000000,0.06733193,,241.80000000000,-0.0600,3897.00,0.650000,0.630000,2023,"Radial Velocity"
"GJ 3293 b","GJ 3293","b",23.54000000,0.07406475,,30.59870000000,0.0200,3466.00,0.420000,0.404000,2015,"Radial Velocity"
"GJ 3293 c","GJ 3293","c",21.09000000,0.06635623,,122.61960000000,0.0200,3466.00,0.420000,0.404000,2015,"Radial Velocity"
"GJ 3293 d","GJ 3293","d",7.60000000,0.02391215,,48.13450000000,0.0200,3466.00,0.420000,0.404000,2017,"Radial Velocity"
"GJ 3293 e","GJ 3293","e",3.28000000,0.01031998,,13.25430000000,0.0200,3466.00,0.420000,0.404000,2017,"Radial Velocity"
"GJ 3323 b","GJ 3323","b",2.02000000,0.00635560,,5.36360000000,-0.2700,3159.00,0.164000,0.119000,2017,"Radial Velocity"
"GJ 3323 c","GJ 3323","c",2.31000000,0.00726804,,40.54000000000,-0.2700,3159.00,0.164000,0.119000,2017,"Radial Velocity"
"GJ 3341 b","GJ 3341","b",6.60000000,0.02080000,,14.20700000000,-0.0900,3526.00,0.470000,0.439000,2015,"Radial Velocity"
"GJ 3378 b","GJ 3378","b",2.30000000,0.00723661,,21.45000000000,-0.0900,3340.00,0.262000,0.275000,2026,"Radial Velocity"
"GJ 338 B b","GJ 338 B","b",10.60000000,0.03335133,,24.42200000000,-0.0300,4014.00,0.640000,0.580000,2020,"Radial Velocity"
"GJ 341 b","GJ 341","b",4.00000000,0.01258541,0.88000000,7.57686000000,-0.1600,3770.00,0.480000,0.506600,2025,"Transit"
"GJ 3470 b","GJ 3470","b",13.90000000,0.04373407,4.57000000,3.33664960000,0.2000,3600.00,0.539000,0.547000,2012,"Radial Velocity"
"GJ 3473 b","GJ 3473","b",1.86000000,0.00585219,1.26400000,1.19800350000,0.1100,3347.00,0.360000,0.364000,2020,"Transit"
"GJ 3473 c","GJ 3473","c",7.41000000,0.02331435,,15.50900000000,0.1100,3347.00,0.360000,0.364000,2020,"Radial Velocity"
"GJ 3512 b","GJ 3512","b",146.51889563,0.46100000,,203.10900000000,-0.0700,3141.00,0.123000,0.139000,2019,"Radial Velocity"
"GJ 3512 c","GJ 3512","c",143.97626837,0.45300000,,2354.00000000000,-0.0700,3141.00,0.123000,0.139000,2020,"Radial Velocity"
"GJ 357 c","GJ 357","c",3.40000000,0.01069754,,9.12470000000,-0.1200,3505.00,0.342000,0.337000,2019,"Radial Velocity"
"GJ 357 d","GJ 357","d",6.10000000,0.01919265,,55.66100000000,-0.1200,3505.00,0.342000,0.337000,2019,"Radial Velocity"
"GJ 367 c","GJ 367","c",4.13000000,0.01299443,,11.53010000000,-0.0100,3522.00,0.455000,0.458000,2023,"Radial Velocity"
"GJ 367 d","GJ 367","d",6.03000000,0.01897250,,34.36900000000,-0.0100,3522.00,0.455000,0.458000,2023,"Radial Velocity"
"GJ 3779 b","GJ 3779","b",8.00000000,0.02517069,,3.02320000000,0.0000,3324.00,0.270000,0.281000,2018,"Radial Velocity"
"GJ 3929 b","GJ 3929","b",1.75000000,0.00550612,1.09000000,2.61623500000,-0.0200,3384.00,0.313000,0.320000,2022,"Transit"
"GJ 3929 c","GJ 3929","c",5.71000000,0.01796567,,15.04000000000,-0.0200,3384.00,0.313000,0.320000,2022,"Radial Velocity"
"GJ 393 b","GJ 393","b",1.71000000,0.00538026,,7.02679000000,-0.0900,3579.00,0.426000,0.426000,2021,"Radial Velocity"
"GJ 3942 b","GJ 3942","b",7.14000000,0.02246484,,6.90500000000,-0.0400,3867.00,0.630000,0.610000,2017,"Radial Velocity"
"GJ 3988 b","GJ 3988","b",3.69000000,0.01161004,,6.94420000000,-0.1200,3273.00,0.184200,0.197340,2023,"Radial Velocity"
"GJ 3998 b","GJ 3998","b",2.50000000,0.00786588,,2.65033000000,-0.1300,3726.00,0.520000,0.500000,2016,"Radial Velocity"
"GJ 3998 c","GJ 3998","c",6.82000000,0.02145812,,13.72700000000,-0.1300,3726.00,0.520000,0.500000,2016,"Radial Velocity"
"GJ 3998 d","GJ 3998","d",6.07000000,0.01909836,,41.78000000000,-0.1300,3726.00,0.520000,0.500000,2025,"Radial Velocity"
"GJ 411 b","GJ 411","b",2.69000000,0.00846369,,12.93940000000,-0.3621,3719.00,0.389900,0.368500,2019,"Radial Velocity"
"GJ 414 A b","GJ 414 A","b",7.60000000,0.02391215,2.63000000,50.80000000000,0.2400,4120.00,0.650000,0.680000,2021,"Radial Velocity"
"GJ 414 A c","GJ 414 A","c",53.83000000,0.16936727,8.40000000,749.83000000000,0.2400,4120.00,0.650000,0.680000,2021,"Radial Velocity"
"GJ 4274 b","GJ 4274","b",2.97000000,0.00934467,,1.63390000000,-0.1900,3228.00,0.180000,0.190000,2026,"Radial Velocity"
"GJ 4274 c","GJ 4274","c",8.39000000,0.02639789,,69.57000000000,-0.1900,3228.00,0.180000,0.190000,2026,"Radial Velocity"
"GJ 4276 b","GJ 4276","b",16.57000000,0.05213479,,13.35200000000,0.1200,3387.00,0.406000,0.407000,2019,"Radial Velocity"
"GJ 463 b","GJ 463","b",524.09904314,1.64900000,,3459.00000000000,-0.1600,3563.00,0.486000,0.483000,2022,"Radial Velocity"
"GJ 480 b","GJ 480","b",8.80000000,0.02768790,,9.55360000000,0.2600,3509.00,0.450000,0.449000,2020,"Radial Velocity"
"GJ 486 b","GJ 486","b",2.77000000,0.00871539,1.28900000,1.46712127000,-0.1500,3317.00,0.312000,0.324300,2021,"Radial Velocity"
"GJ 504 b","GJ 504","b",1271.30000000,4.00000000,,,0.2800,6234.00,1.220000,,2013,"Imaging"
"GJ 508.2 b","GJ 508.2","b",587.98255295,1.85000000,,5300.00000000000,-0.1500,3720.00,0.540000,0.530000,2025,"Radial Velocity"
"GJ 514 b","GJ 514","b",5.20000000,0.01636103,,140.43000000000,-0.1400,3728.00,0.510000,0.500000,2022,"Radial Velocity"
"GJ 536 b","GJ 536","b",6.37000000,0.02004226,,8.70874000000,-0.0800,3641.00,0.528000,0.529000,2016,"Radial Velocity"
"GJ 536 c","GJ 536","c",5.89000000,0.01853201,,32.76100000000,-0.0800,3641.00,0.528000,0.529000,2025,"Radial Velocity"
"GJ 581 b","GJ 581","b",20.50000000,0.06450021,,5.36860000000,-0.0800,3500.00,0.295000,0.302000,2005,"Radial Velocity"
"GJ 581 c","GJ 581","c",6.81000000,0.02142666,,12.92110000000,-0.0800,3500.00,0.295000,0.302000,2007,"Radial Velocity"
"GJ 581 e","GJ 581","e",2.48000000,0.00780295,,3.14810000000,-0.0800,3500.00,0.295000,0.302000,2009,"Radial Velocity"
"GJ 625 b","GJ 625","b",2.82000000,0.00887267,,14.62800000000,-0.3800,3499.00,0.300000,0.310000,2017,"Radial Velocity"
"GJ 649 b","GJ 649","b",81.99972901,0.25800000,,600.10000000000,-0.1500,3734.00,0.510000,0.500000,2009,"Radial Velocity"
"GJ 667 C c","GJ 667 C","c",3.80000000,0.01200000,,28.14000000000,-0.5500,3350.00,0.330000,,2013,"Radial Velocity"
"GJ 667 C e","GJ 667 C","e",2.70000000,0.00800000,,62.24000000000,-0.5500,3350.00,0.330000,,2013,"Radial Velocity"
"GJ 667 C f","GJ 667 C","f",2.70000000,0.00800000,,39.02600000000,-0.5500,3350.00,0.330000,,2013,"Radial Velocity"
"GJ 667 C g","GJ 667 C","g",4.60000000,0.01400000,,256.20000000000,-0.5500,3350.00,0.330000,,2013,"Radial Velocity"
"GJ 674 b","GJ 674","b",11.09000000,0.03500000,,4.69380000000,-0.2800,3600.00,0.350000,,2007,"Radial Velocity"
"GJ 685 b","GJ 685","b",9.00000000,0.02831702,,24.16000000000,-0.1500,3816.00,0.550000,0.540000,2019,"Radial Velocity"
"GJ 720 A b","GJ 720 A","b",13.64000000,0.04291624,,19.46600000000,-0.1400,3837.00,0.570000,0.560000,2021,"Radial Velocity"
"GJ 724 b","GJ 724","b",10.75000000,0.03382328,,5.10128400000,-0.0200,3799.00,0.527100,0.522260,2023,"Radial Velocity"
"GJ 740 b","GJ 740","b",2.96000000,0.00931315,,2.37756000000,0.0800,3913.00,0.580000,0.560000,2021,"Radial Velocity"
"GJ 806 b","GJ 806","b",1.90000000,0.00597807,1.33100000,0.92632370000,-0.2800,3600.00,0.413000,0.414400,2023,"Transit"
"GJ 806 c","GJ 806","c",5.80000000,0.01824884,,6.64064000000,-0.2800,3600.00,0.413000,0.414400,2023,"Radial Velocity"
"GJ 849 b","GJ 849","b",283.82076745,0.89300000,,1925.31000000000,0.0900,3467.00,0.450000,0.450000,2006,"Radial Velocity"
"GJ 849 c","GJ 849","c",314.65012293,0.99000000,,5990.00000000000,0.0900,3467.00,0.450000,0.450000,2014,"Radial Velocity"
"GJ 86 b","GJ 86","b",1404.80860000,4.42000000,,15.76491000000,-0.2200,5182.00,0.930000,0.770000,1999,"Radial Velocity"
"GJ 887 b","GJ 887","b",3.90000000,0.01227077,,9.26190000000,-0.0600,3688.00,0.495000,0.468000,2020,"Radial Velocity"
"GJ 887 c","GJ 887","c",6.50000000,0.02045129,,21.78400000000,-0.0600,3688.00,0.495000,0.468000,2020,"Radial Velocity"
"GJ 887 d","GJ 887","d",6.10000000,0.01919275,,50.77000000000,-0.0600,3688.00,0.495000,0.468000,2026,"Radial Velocity"
"GJ 887 e","GJ 887","e",1.46000000,0.00459367,,4.42490000000,-0.0600,3688.00,0.495000,0.468000,2026,"Radial Velocity"
"GJ 900 b","GJ 900 A","b",3496.11247700,11.00000000,,,-0.6300,,1.080000,,2024,"Imaging"
"GJ 9066 c","GJ 9066","c",66.74396547,0.21000000,,771.36000000000,-0.1300,3154.00,0.150000,0.164000,2020,"Radial Velocity"
"GJ 96 b","GJ 96","b",19.66000000,0.06185697,,73.94000000000,0.1400,3785.00,0.600000,,2018,"Radial Velocity"
"GJ 9689 b","GJ 9689","b",9.65000000,0.03036230,,18.27000000000,0.0500,3836.00,0.590000,0.570000,2020,"Radial Velocity"
"GJ 9773 b","GJ 9773","b",172.58082500,0.54300000,,2965.00000000000,-0.2000,3528.00,0.358000,0.362000,2025,"Radial Velocity"
"GJ 9827 b","GJ 9827","b",4.28000000,0.01346639,1.44000000,1.20897400000,-0.2900,4236.00,0.620000,0.580000,2017,"Transit"
"GJ 9827 c","GJ 9827","c",1.86000000,0.00585221,1.13000000,3.64810300000,-0.2900,4236.00,0.620000,0.580000,2017,"Transit"
"GJ 9827 d","GJ 9827","d",3.02000000,0.00950198,1.98000000,6.20183000000,-0.2900,4236.00,0.620000,0.580000,2017,"Transit"
"GPX-1 b","GPX-1","b",6261.21961790,19.70000000,16.47720163,1.74457900000,0.3500,7000.00,1.680000,1.560000,2021,"Transit"
"GU Psc b","GU Psc","b",3591.30000000,11.30000000,14.17900000,,0.1000,,0.325000,,2014,"Imaging"
"Gaia-4 b","Gaia-4","b",3750.37520260,11.80000000,,571.30000000000,0.0500,4034.00,0.644000,0.624000,2025,"Astrometry"
"Gaia-5 b","Gaia-5","b",6633.07885409,20.87000000,,358.62000000000,-0.1800,3447.00,0.339000,0.345000,2025,"Astrometry"
"Gl 378 b","Gl 378","b",13.02000000,0.04096530,,3.82200000000,0.0600,3879.00,0.560000,0.560000,2019,"Radial Velocity"
"Gl 410 b","Gl 410","b",8.40000000,0.02642936,,6.02000000000,0.0500,3842.00,0.550000,0.543000,2025,"Radial Velocity"
"Gl 49 b","Gl 49","b",5.63000000,0.01771387,,13.85080000000,0.1300,3805.00,0.515000,0.511000,2019,"Radial Velocity"
"Gl 686 b","Gl 686","b",6.62400000,0.02084133,,15.53000000000,-0.2300,3656.00,0.426000,0.427000,2018,"Radial Velocity"
"Gl 725 A b","Gl 725 A","b",2.78000000,0.00874686,,11.22010000000,-0.1900,3433.00,0.330000,0.351000,2025,"Radial Velocity"
"Gl 725 B c","Gl 725 B","c",3.40000000,0.01069760,,37.90000000000,-0.2800,3379.00,0.250000,0.280000,2026,"Radial Velocity"
"Gliese 12 b","Gliese 12","b",0.95000000,0.00298903,0.93000000,12.76141800000,-0.2400,3328.00,0.255000,0.265000,2024,"Transit"
"HAT-P-1 b","HAT-P-1","b",166.86075000,0.52500000,14.78467100,4.46529976000,0.1300,5980.00,1.151000,1.174000,2006,"Transit"
"HAT-P-12 b","HAT-P-12","b",67.05900000,0.21100000,10.74900000,3.21305980000,-0.2900,4650.00,0.733000,0.701000,2009,"Transit"
"HAT-P-14 b","HAT-P-14","b",1093.33520000,3.44000000,15.91678000,4.62767000000,0.1100,6600.00,2.650000,1.820000,2010,"Transit"
"HAT-P-15 b","HAT-P-15","b",616.59020000,1.94000000,11.88154000,10.86350000000,0.2200,5568.00,1.000000,1.070000,2010,"Transit"
"HAT-P-17 b","HAT-P-17","b",184.34140000,0.58000000,11.76945000,10.33852000000,0.0000,5246.00,0.990000,0.870000,2012,"Transit"
"HAT-P-17 c","HAT-P-17","c",1080.60000000,3.40000000,,5584.00000000000,0.0512,5336.96,0.920000,0.838682,2012,"Radial Velocity"
"HAT-P-19 b","HAT-P-19","b",88.03846874,0.27700000,11.29865255,4.00878322000,0.1660,4962.00,0.807000,0.773000,2010,"Transit"
"HAT-P-2 b","HAT-P-2","b",2739.69460000,8.62000000,,5.63351580000,0.1800,6380.00,1.330000,1.390000,2007,"Transit"
"HAT-P-20 b","HAT-P-20","b",2302.89900000,7.24600000,9.71800000,2.87531700000,0.3500,4595.00,0.756000,0.694000,2010,"Transit"
"HAT-P-21 b","HAT-P-21","b",1547.83210000,4.87000000,12.44199000,4.12448000000,0.0100,5588.00,1.240000,1.210000,2010,"Transit"
"HAT-P-22 b","HAT-P-22","b",785.04010000,2.47000000,12.89035000,3.21222000000,0.2400,5302.00,1.130000,1.110000,2010,"Transit"
"HAT-P-23 b","HAT-P-23","b",664.23700000,2.09000000,15.33400000,1.21288400000,0.1500,5905.00,1.130000,1.203000,2010,"Transit"
"HAT-P-24 b","HAT-P-24","b",238.37250000,0.75000000,14.57170000,3.35524000000,-0.1600,6373.00,1.370000,1.380000,2010,"Transit"
"HAT-P-25 b","HAT-P-25","b",180.84527000,0.56900000,12.72221500,3.65281514000,0.2940,5519.00,1.012000,0.919000,2012,"Transit"
"HAT-P-26 b","HAT-P-26","b",22.24810000,0.07000000,7.06167000,4.23452000000,-0.0400,5079.00,1.120000,0.870000,2010,"Transit"
"HAT-P-27 b","HAT-P-27","b",197.05000000,0.62000000,11.43000000,3.03957700000,0.3000,5316.00,0.916000,0.864673,2011,"Transit"
"HAT-P-28 b","HAT-P-28","b",198.95300000,0.62600000,13.58500000,3.25721500000,0.1200,5680.00,1.025000,1.103000,2011,"Transit"
"HAT-P-29 b","HAT-P-29","b",279.69040000,0.88000000,13.11453000,5.72319000000,0.2100,6087.00,1.450000,1.300000,2011,"Transit"
"HAT-P-3 b","HAT-P-3","b",206.58950000,0.65000000,10.53646000,2.89970000000,0.2700,5185.00,1.060000,0.870000,2007,"Transit"
"HAT-P-30 b","HAT-P-30","b",263.79890000,0.83000000,16.14096000,2.81060000000,0.1300,6304.00,1.550000,1.310000,2011,"Transit"
"HAT-P-31 b","HAT-P-31","b",721.47410000,2.27000000,12.21781000,5.00542000000,0.1500,6065.00,1.310000,1.390000,2011,"Transit"
"HAT-P-32 b","HAT-P-32","b",216.12440000,0.68000000,22.19382000,2.15000820000,-0.1600,6001.00,1.132000,1.367000,2011,"Transit"
"HAT-P-33 b","HAT-P-33","b",292.40360000,0.92000000,20.73665000,3.47447000000,0.0500,6446.00,1.820000,1.790000,2011,"Transit"
"HAT-P-34 b","HAT-P-34","b",1058.37390000,3.33000000,13.41717300,5.45265400000,0.2200,6442.00,1.392000,1.530000,2011,"Transit"
"HAT-P-35 b","HAT-P-35","b",335.62848000,1.05600000,14.93038800,3.64670600000,0.1100,6096.00,1.236000,1.435000,2011,"Transit"
"HAT-P-37 b","HAT-P-37","b",371.52800000,1.16900000,13.20400000,2.79743600000,0.0300,5500.00,0.929000,0.877000,2011,"Transit"
"HAT-P-38 b","HAT-P-38","b",84.85700000,0.26700000,9.24700000,4.64038200000,0.0600,5330.00,0.886000,0.923000,2012,"Transit"
"HAT-P-39 b","HAT-P-39","b",190.37200000,0.59900000,17.60900000,3.54387000000,0.1900,6430.00,1.404000,1.625000,2012,"Transit"
"HAT-P-40 b","HAT-P-40","b",152.55840000,0.48000000,17.03768000,4.45724000000,0.2200,6080.00,1.030000,1.940000,2012,"Transit"
"HAT-P-41 b","HAT-P-41","b",378.21770000,1.19000000,22.97845000,2.69405000000,0.2100,6390.00,2.560000,2.050000,2012,"Transit"
"HAT-P-42 b","HAT-P-42","b",331.80100000,1.04400000,14.34800000,4.64187800000,0.2700,5743.00,1.178000,1.530000,2012,"Transit"
"HAT-P-44 b","HAT-P-44","b",111.87100000,0.35200000,13.92200000,4.30121900000,0.3300,5295.00,0.942000,0.949000,2014,"Transit"
"HAT-P-44 c","HAT-P-44","c",1271.30000000,4.00000000,,872.20000000000,0.3300,5295.00,0.942000,0.949000,2014,"Radial Velocity"
"HAT-P-45 b","HAT-P-45","b",283.49200000,0.89200000,15.98400000,3.12899200000,0.0700,6330.00,1.259000,1.319000,2014,"Transit"
"HAT-P-46 b","HAT-P-46","b",156.68400000,0.49300000,14.39200000,4.46312900000,0.3000,6120.00,1.284000,1.396000,2014,"Transit"
"HAT-P-49 b","HAT-P-49","b",699.22600000,2.20000000,17.82231000,2.69155000000,0.0700,6820.00,2.220000,2.060000,2014,"Transit"
"HAT-P-5 b","HAT-P-5","b",311.47340000,0.98000000,13.56289000,2.78849000000,0.2400,5960.00,1.040000,1.120000,2007,"Transit"
"HAT-P-50 b","HAT-P-50","b",429.07050000,1.35000000,14.43719200,3.12201090000,-0.1800,6280.00,1.273000,1.698000,2015,"Transit"
"HAT-P-51 b","HAT-P-51","b",97.57332095,0.30700000,13.50682174,4.21802091000,0.3020,5453.00,0.961000,0.995000,2015,"Transit"
"HAT-P-52 b","HAT-P-52","b",259.98494000,0.81800000,11.30988100,2.75359530000,0.2800,5131.00,0.887000,0.893000,2015,"Transit"
"HAT-P-53 b","HAT-P-53","b",471.65972000,1.48400000,14.77346200,1.96162410000,0.0000,5956.00,1.093000,1.209000,2015,"Transit"
"HAT-P-54 b","HAT-P-54","b",241.55080000,0.76000000,10.58129600,3.79984700000,-0.1270,4390.00,0.645000,0.617000,2015,"Transit"
"HAT-P-55 b","HAT-P-55","b",189.42573057,0.59600000,14.84069045,3.58523130000,0.0030,5804.00,1.028000,1.105000,2015,"Transit"
"HAT-P-56 b","HAT-P-56","b",734.18730000,2.31000000,16.92559000,2.79083000000,0.0000,6566.00,1.420000,1.470000,2015,"Transit"
"HAT-P-57 b","HAT-P-57","b",448.14030000,1.41000000,19.50366000,2.46530000000,-0.2500,6330.00,2.770000,1.850000,2015,"Transit"
"HAT-P-58 b","HAT-P-58","b",118.23216740,0.37200000,14.93036229,4.01383790000,-0.2240,6078.00,1.031000,1.530000,2021,"Transit"
"HAT-P-59 b","HAT-P-59","b",489.45574678,1.54000000,12.58768533,4.14197710000,0.2170,5678.00,1.008000,1.103800,2021,"Transit"
"HAT-P-6 b","HAT-P-6","b",419.53560000,1.32000000,16.58932000,3.85298000000,-0.1300,6570.00,1.790000,1.620000,2007,"Transit"
"HAT-P-60 b","HAT-P-60","b",182.43350562,0.57400000,18.28184752,4.79478130000,0.0370,6212.00,1.435000,2.197000,2021,"Transit"
"HAT-P-61 b","HAT-P-61","b",335.94462620,1.05700000,10.07687365,1.90231289000,0.1940,5587.00,1.004000,0.938000,2021,"Transit"
"HAT-P-62 b","HAT-P-62","b",241.86741773,0.76100000,12.02723629,2.64532350000,0.4140,5629.00,1.023000,1.170000,2021,"Transit"
"HAT-P-63 b","HAT-P-63","b",195.14664190,0.61400000,12.54284940,3.37772800000,0.2510,5400.00,0.925000,0.966100,2021,"Transit"
"HAT-P-64 b","HAT-P-64","b",184.34047606,0.58000000,19.08889413,4.00723200000,-0.1130,6457.00,1.298000,1.735000,2021,"Transit"
"HAT-P-65 b","HAT-P-65","b",176.07693748,0.55400000,18.05766791,2.60544751000,0.2080,5872.00,1.297000,1.666000,2016,"Transit"
"HAT-P-66 b","HAT-P-66","b",248.86089000,0.78300000,17.82231000,2.97208600000,0.0350,6002.00,1.255000,1.881000,2016,"Transit"
"HAT-P-67 b","HAT-P-67","b",143.02278315,0.45000000,23.98721870,4.81010690000,0.1400,6640.00,1.730000,2.620000,2017,"Transit"
"HAT-P-68 b","HAT-P-68","b",230.10892000,0.72400000,12.01604800,2.29840551000,-0.0590,4508.00,0.678500,0.670100,2020,"Transit"
"HAT-P-69 b","HAT-P-69","b",1137.83140000,3.58000000,18.78628400,4.78694910000,-0.0690,7394.00,1.648000,1.926000,2019,"Transit"
"HAT-P-7 b","HAT-P-7","b",584.80720000,1.84000000,16.92559000,2.20474000000,0.2600,6389.00,1.560000,2.000000,2008,"Transit"
"HAT-P-70 b","HAT-P-70","b",2154.88740000,6.78000000,20.96083000,2.74432452000,-0.0590,8450.00,1.890000,1.858000,2019,"Transit"
"HAT-P-8 b","HAT-P-8","b",406.82240000,1.28000000,15.69260000,3.07634000000,0.0100,6200.00,1.270000,1.570000,2008,"Transit"
"HAT-P-9 b","HAT-P-9","b",238.05467000,0.74900000,15.61413700,3.92281072000,0.1200,6350.00,1.281000,1.338000,2008,"Transit"
"HATS-1 b","HATS-1","b",589.55000000,1.85500000,14.59400000,3.44645900000,-0.0600,5870.00,0.986000,1.038000,2012,"Transit"
"HATS-10 b","HATS-10","b",167.17858000,0.52600000,10.86152100,3.31284600000,0.1500,5880.00,1.101000,1.105000,2015,"Transit"
"HATS-13 b","HATS-13","b",172.58169000,0.54300000,13.58530800,3.04404990000,0.0500,5523.00,0.962000,0.887000,2015,"Transit"
"HATS-14 b","HATS-14","b",340.39593000,1.07100000,11.64615100,2.76676410000,0.3300,5346.00,0.967000,0.933000,2015,"Transit"
"HATS-15 b","HATS-15","b",689.69110000,2.17000000,12.38594500,1.74748753000,0.0000,5311.00,0.871000,0.922000,2016,"Transit"
"HATS-16 b","HATS-16","b",1039.30410000,3.27000000,14.57170000,2.68650200000,-0.1000,5738.00,0.970000,1.238000,2016,"Transit"
"HATS-17 b","HATS-17","b",425.25654000,1.33800000,8.70939300,16.25461100000,0.3000,5846.00,1.131000,1.091000,2016,"Transit"
"HATS-22 b","HATS-22","b",870.85420000,2.74000000,10.68217700,4.72281240000,0.0000,4803.00,0.759000,0.689000,2017,"Transit"
"HATS-23 b","HATS-23","b",467.21010000,1.47000000,20.84874000,2.16051560000,0.2800,5780.00,1.121000,1.199000,2017,"Transit"
"HATS-24 b","HATS-24","b",718.29580000,2.26000000,15.63655500,1.34849780000,-0.2290,6125.00,1.070000,1.120000,2017,"Transit"
"HATS-25 b","HATS-25","b",194.82979000,0.61300000,14.12334000,4.29864320000,0.0200,5715.00,0.994000,1.107000,2016,"Transit"
"HATS-26 b","HATS-26","b",206.58950000,0.65000000,19.61575000,3.30238810000,-0.0200,6071.00,1.299000,2.040000,2016,"Transit"
"HATS-27 b","HATS-27","b",168.44990000,0.53000000,16.81350000,4.63703800000,0.0900,6438.00,1.415000,1.740000,2016,"Transit"
"HATS-28 b","HATS-28","b",213.58176000,0.67200000,13.38354600,3.18107810000,0.0100,5498.00,0.929000,0.922000,2016,"Transit"
"HATS-29 b","HATS-29","b",207.54299000,0.65300000,14.02245900,4.60587490000,0.1600,5670.00,1.032000,1.073000,2016,"Transit"
"HATS-3 b","HATS-3","b",340.38200000,1.07100000,15.48000000,3.54785100000,-0.1570,6351.00,1.209000,1.404000,2013,"Transit"
"HATS-30 b","HATS-30","b",224.38798000,0.70600000,13.17057500,3.17435160000,0.0600,5943.00,1.093000,1.061000,2016,"Transit"
"HATS-31 b","HATS-31","b",279.69040000,0.88000000,18.38276000,3.37796000000,0.0000,6050.00,1.275000,1.870000,2016,"Transit"
"HATS-32 b","HATS-32","b",292.40360000,0.92000000,14.00004100,2.81265480000,0.3900,5700.00,1.099000,1.097000,2016,"Transit"
"HATS-33 b","HATS-33","b",378.85336000,1.19200000,13.78707000,2.54955510000,0.2900,5659.00,1.062000,1.022000,2016,"Transit"
"HATS-34 b","HATS-34","b",299.07803000,0.94100000,16.02887000,2.10616070000,0.2500,5380.00,0.955000,0.980000,2016,"Transit"
"HATS-35 b","HATS-35","b",388.38826000,1.22200000,16.40997600,1.82099930000,0.2100,6300.00,1.317000,1.433000,2016,"Transit"
"HATS-37 A b","HATS-37 A","b",31.46517000,0.09900000,6.79265400,4.33153660000,0.0510,5326.00,0.843000,0.877000,2020,"Transit"
"HATS-38 b","HATS-38","b",23.51942000,0.07400000,6.88232600,4.37502100000,-0.1020,5732.00,0.890000,1.105000,2020,"Transit"
"HATS-39 b","HATS-39","b",200.23290000,0.63000000,17.59813000,4.57763480000,0.0000,6572.00,1.379000,1.621000,2018,"Transit"
"HATS-4 b","HATS-4","b",420.47100000,1.32300000,11.43300000,2.51672900000,0.4300,5403.00,1.001000,0.925000,2014,"Transit"
"HATS-40 b","HATS-40","b",505.34970000,1.59000000,17.71022000,3.26427360000,0.0100,6460.00,1.561000,2.260000,2018,"Transit"
"HATS-41 b","HATS-41","b",3082.95100000,9.70000000,14.90797000,4.19364900000,0.4700,6424.00,1.496000,1.710000,2018,"Transit"
"HATS-42 b","HATS-42","b",597.52040000,1.88000000,15.69260000,2.29210200000,0.2200,6060.00,1.273000,1.480000,2018,"Transit"
"HATS-43 b","HATS-43","b",82.95363000,0.26100000,13.22662000,4.38884970000,0.0500,5099.00,0.837000,0.812000,2018,"Transit"
"HATS-44 b","HATS-44","b",177.98480000,0.56000000,11.96000300,2.74390040000,0.3200,5080.00,0.860000,0.847000,2018,"Transit"
"HATS-45 b","HATS-45","b",222.48100000,0.70000000,14.41477400,4.18762440000,0.0200,6450.00,1.272000,1.315000,2018,"Transit"
"HATS-46 b","HATS-46","b",54.98459000,0.17300000,10.12172700,4.74237290000,-0.0600,5495.00,0.917000,0.853000,2018,"Transit"
"HATS-47 b","HATS-47","b",117.27927000,0.36900000,12.52045300,3.92280380000,-0.1130,4512.00,0.674000,0.656400,2020,"Transit"
"HATS-48 A b","HATS-48 A","b",77.23269000,0.24300000,8.96720000,3.13166660000,0.1860,4546.00,0.727900,0.715200,2020,"Transit"
"HATS-49 b","HATS-49","b",112.19399000,0.35300000,8.57488500,4.14804670000,0.2080,4405.00,0.713300,0.697700,2020,"Transit"
"HATS-5 b","HATS-5","b",75.32300000,0.23700000,10.22300000,4.76338700000,0.1900,5304.00,0.936000,0.871000,2014,"Transit"
"HATS-54 b","HATS-54","b",239.32479047,0.75300000,11.37711541,2.54417650000,0.3700,5621.00,1.050000,1.230000,2019,"Transit"
"HATS-55 b","HATS-55","b",292.72143000,0.92100000,14.02245900,4.20420010000,0.1080,6214.00,1.195500,1.126000,2019,"Transit"
"HATS-56 b","HATS-56","b",191.33366000,0.60200000,18.92079200,4.32479900000,0.1900,6536.00,1.573000,2.201000,2019,"Transit"
"HATS-57 b","HATS-57","b",1000.21101000,3.14700000,12.76705100,2.35062100000,0.2680,5587.00,1.026000,0.960000,2019,"Transit"
"HATS-59 b","HATS-59","b",256.17098000,0.80600000,12.62133400,5.41608100000,0.1800,5670.00,1.038000,1.036000,2018,"Transit"
"HATS-59 c","HATS-59","c",4036.44100000,12.70000000,,1422.00000000000,0.1800,5670.00,1.038000,1.036000,2018,"Radial Velocity"
"HATS-6 b","HATS-6","b",101.38777000,0.31900000,11.18658200,3.32527250000,0.2000,3724.00,0.574000,0.570000,2015,"Transit"
"HATS-60 b","HATS-60","b",210.40346000,0.66200000,12.92397700,3.56082900000,0.3350,5688.00,1.097000,1.460000,2018,"Transit"
"HATS-61 b","HATS-61","b",1080.62200000,3.40000000,13.39475500,7.81795300000,0.2470,5542.00,1.076000,1.664000,2018,"Transit"
"HATS-62 b","HATS-62","b",56.89157000,0.17900000,11.82549500,3.27688370000,0.1330,5416.00,0.896000,0.933000,2018,"Transit"
"HATS-63 b","HATS-63","b",305.11680000,0.96000000,13.52926300,3.05665270000,0.0810,5627.00,0.931000,1.070000,2018,"Transit"
"HATS-64 b","HATS-64","b",305.11680000,0.96000000,18.81991100,4.90889700000,0.2200,6554.00,1.564000,2.113000,2018,"Transit"
"HATS-65 b","HATS-65","b",260.93843000,0.82100000,16.82470900,3.10516100000,0.1990,6277.00,1.257000,1.310000,2018,"Transit"
"HATS-66 b","HATS-66","b",1694.03390000,5.33000000,15.81589900,3.14143910000,-0.0170,6626.00,1.411000,1.841000,2018,"Transit"
"HATS-67 b","HATS-67","b",460.85350000,1.45000000,18.88716500,1.60917880000,0.3320,6594.00,1.435000,1.441000,2018,"Transit"
"HATS-68 b","HATS-68","b",410.00070000,1.29000000,13.80948800,3.58622020000,0.2100,6147.00,1.351000,1.748000,2018,"Transit"
"HATS-69 b","HATS-69","b",183.38791000,0.57700000,10.59250500,2.22525770000,0.3770,5137.00,0.892000,0.878500,2018,"Transit"
"HATS-7 b","HATS-7","b",38.13960000,0.12000000,6.31066700,3.18531500000,0.2500,4985.00,0.849000,0.815000,2015,"Transit"
"HATS-70 b","HATS-70","b",4100.00700000,12.90000000,15.51325600,1.88823780000,0.0410,7930.00,1.780000,1.881000,2019,"Transit"
"HATS-71 b","HATS-71","b",117.59710000,0.37000000,11.47801600,3.79552020000,0.1700,3405.00,0.486100,0.478300,2020,"Transit"
"HATS-72 b","HATS-72","b",39.85588200,0.12540000,8.09738160,7.32794740000,0.0990,4656.10,0.731100,0.721400,2020,"Transit"
"HATS-74 A b","HATS-74 A","b",464.02947422,1.46000000,11.56766808,1.73185606000,0.5140,3776.90,0.601000,0.575800,2021,"Transit"
"HATS-75 b","HATS-75","b",156.05374784,0.49100000,9.90873894,2.78865560000,0.5220,3790.40,0.601700,0.584800,2021,"Transit"
"HATS-76 b","HATS-76","b",835.57088200,2.62900000,12.09449018,1.94164230000,0.3220,4016.00,0.662000,0.625900,2021,"Transit"
"HATS-77 b","HATS-77","b",436.69623122,1.37400000,13.05846252,3.08762620000,0.2530,4071.00,0.655000,0.642800,2021,"Transit"
"HATS-8 b","HATS-8","b",43.86054000,0.13800000,9.78545700,3.58389300000,0.2100,5679.00,1.056000,1.086000,2015,"Transit"
"HD 100508 b","HD 100508","b",381.39408840,1.20000000,,5681.00000000000,0.3300,5419.00,0.940000,,2026,"Radial Velocity"
"HD 100655 b","HD 100655","b",511.70630000,1.61000000,,157.57001000000,0.0700,4891.00,2.280000,10.060000,2011,"Radial Velocity"
"HD 10180 c","HD 10180","c",13.22172800,0.04160000,,5.75969000000,0.0800,5911.00,1.060000,1.109000,2010,"Radial Velocity"
"HD 10180 d","HD 10180","d",12.01397400,0.03780000,,16.35700000000,0.0800,5911.00,1.060000,1.109000,2010,"Radial Velocity"
"HD 10180 e","HD 10180","e",25.58531500,0.08050000,,49.74800000000,0.0800,5911.00,1.060000,1.109000,2010,"Radial Velocity"
"HD 10180 f","HD 10180","f",22.94732600,0.07220000,,122.74400000000,0.0800,5911.00,1.060000,1.109000,2010,"Radial Velocity"
"HD 10180 g","HD 10180","g",23.26515600,0.07320000,,604.67000000000,0.0800,5911.00,1.060000,1.109000,2010,"Radial Velocity"
"HD 10180 h","HD 10180","h",65.66367800,0.20660000,,2205.00000000000,0.0800,5911.00,1.060000,1.109000,2010,"Radial Velocity"
"HD 101930 b","HD 101930","b",79.45750000,0.25000000,,70.46000000000,0.1500,5108.00,0.570000,0.860000,2005,"Radial Velocity"
"HD 102117 b","HD 102117","b",54.03110000,0.17000000,,20.81330000000,0.2800,5655.00,1.060000,1.230000,2005,"Radial Velocity"
"HD 102195 b","HD 102195","b",130.31030000,0.41000000,,4.11377000000,0.0400,5301.00,0.760000,0.820000,2006,"Radial Velocity"
"HD 102272 b","HD 102272","b",1570.08020000,4.94000000,,127.58000000000,-0.4100,4790.00,1.450000,10.300000,2008,"Radial Velocity"
"HD 102329 b","HD 102329","b",2593.49280000,8.16000000,,778.09998000000,0.0500,4745.00,3.210000,9.820000,2011,"Radial Velocity"
"HD 102888 b","HD 102888","b",1808.44363583,5.69000000,,252.06000000000,0.0700,4990.00,2.420000,8.600000,2025,"Radial Velocity"
"HD 103197 b","HD 103197","b",28.60470000,0.09000000,,47.84000000000,0.2200,5250.00,0.800000,0.880000,2011,"Radial Velocity"
"HD 103720 b","HD 103720","b",197.04600000,0.62000000,,4.55570000000,-0.0200,5017.00,0.794000,0.730000,2014,"Radial Velocity"
"HD 103774 b","HD 103774","b",116.00000000,0.36700000,,5.88810000000,0.2800,6489.00,1.335000,,2013,"Radial Velocity"
"HD 103891 b","HD 103891","b",457.67290608,1.44000000,,1919.00000000000,-0.1900,6072.00,1.280000,2.220000,2022,"Radial Velocity"
"HD 104067 b","HD 104067","b",62.10000000,0.19538845,,55.85100000000,0.1100,4952.00,0.820000,0.780000,2011,"Radial Velocity"
"HD 104067 c","HD 104067","c",13.20000000,0.04153184,,13.89920000000,0.1100,4952.00,0.820000,0.780000,2024,"Radial Velocity"
"HD 104985 b","HD 104985","b",1766.80811451,5.55900000,,199.68000000000,-0.3200,4738.00,1.220000,11.120000,2003,"Radial Velocity"
"HD 105779 b","HD 105779","b",203.41018048,0.64000000,,2412.00000000000,-0.2500,5792.00,0.890000,0.940000,2022,"Radial Velocity"
"HD 106252 b","HD 106252","b",3178.28407000,10.00000000,,1535.00000000000,-0.0600,,1.050000,,2002,"Radial Velocity"
"HD 106315 b","HD 106315","b",12.60000000,0.03964383,2.44000000,9.55237000000,-0.3110,6327.00,1.091000,1.296000,2017,"Transit"
"HD 106315 c","HD 106315","c",15.20000000,0.04782431,4.35000000,21.05704000000,-0.3110,6327.00,1.091000,1.296000,2017,"Transit"
"HD 10647 b","HD 10647","b",298.75000000,0.94000000,,989.20000000000,0.0000,6218.00,1.110000,1.100000,2006,"Radial Velocity"
"HD 106515 A b","HD 106515 A","b",6006.95689230,18.90000000,,3626.00000000000,0.0300,,0.890000,,2012,"Radial Velocity"
"HD 107148 b","HD 107148","b",66.74100000,0.21000000,,48.05600000000,0.3140,5797.00,1.120000,,2005,"Radial Velocity"
"HD 107148 c","HD 107148","c",19.89605828,0.06260000,,18.32670000000,0.2964,5752.92,1.105215,1.169193,2021,"Radial Velocity"
"HD 108147 b","HD 108147","b",82.95000000,0.26100000,,10.89850000000,0.1803,6255.73,1.220000,1.206640,2002,"Radial Velocity"
"HD 108341 b","HD 108341","b",1112.40000000,3.50000000,,1129.00000000000,0.0400,5122.00,0.843000,0.790000,2014,"Radial Velocity"
"HD 108874 b","HD 108874","b",451.31860000,1.42000000,,394.48123000000,0.2600,5600.00,1.100000,1.050000,2002,"Radial Velocity"
"HD 108874 c","HD 108874","c",314.64000000,0.99000000,,1624.00000000000,0.1900,5551.00,0.950000,,2005,"Radial Velocity"
"HD 109246 b","HD 109246","b",273.33380000,0.86000000,,68.27000000000,0.1000,5844.00,1.200000,1.070000,2010,"Radial Velocity"
"HD 109271 b","HD 109271","b",17.16200000,0.05400000,,7.85430000000,0.1000,5783.00,1.047000,,2013,"Radial Velocity"
"HD 109271 c","HD 109271","c",24.15400000,0.07600000,,30.93000000000,0.1000,5783.00,1.047000,,2013,"Radial Velocity"
"HD 109286 b","HD 109286","b",950.30693693,2.99000000,,520.10000000000,0.0500,5694.00,0.980000,1.089000,2021,"Radial Velocity"
"HD 109749 b","HD 109749","b",85.81410000,0.27000000,,5.23989100000,0.2400,5824.00,1.130000,1.220000,2005,"Radial Velocity"
"HD 10975 b","HD 10975","b",143.02278315,0.45000000,,283.80000000000,-0.2100,4840.00,1.410000,11.160000,2021,"Radial Velocity"
"HD 110014 b","HD 110014","b",3524.59000000,11.09000000,,835.47700000000,0.1900,4445.00,2.170000,20.900000,2009,"Radial Velocity"
"HD 110067 b","HD 110067","b",5.69000000,0.01790274,2.20000000,9.11367800000,-0.2000,5266.00,0.798000,0.788000,2023,"Transit"
"HD 110067 c","HD 110067","c",6.30000000,0.01982202,2.38800000,13.67369400000,-0.2000,5266.00,0.798000,0.788000,2023,"Transit"
"HD 110067 d","HD 110067","d",8.52000000,0.02680692,2.85200000,20.51961700000,-0.2000,5266.00,0.798000,0.788000,2023,"Transit"
"HD 110067 e","HD 110067","e",3.90000000,0.01227077,1.94000000,30.79309100000,-0.2000,5266.00,0.798000,0.788000,2023,"Transit"
"HD 110067 f","HD 110067","f",5.04000000,0.01585761,2.60100000,41.05854000000,-0.2000,5266.00,0.798000,0.788000,2023,"Transit"
"HD 110067 g","HD 110067","g",8.40000000,0.02642936,2.60700000,54.76992000000,-0.2000,5266.00,0.798000,0.788000,2023,"Transit"
"HD 110113 b","HD 110113","b",4.55000000,0.01431583,2.05000000,2.54100000000,0.1400,5732.00,0.997000,0.968000,2021,"Transit"
"HD 110113 c","HD 110113","c",10.50000000,0.03303653,,6.74400000000,0.1400,5732.00,0.997000,0.968000,2021,"Radial Velocity"
"HD 111591 b","HD 111591","b",1398.45200000,4.40000000,,1056.40000000000,0.0700,4884.00,1.940000,8.030000,2017,"Radial Velocity"
"HD 112300 b","HD 112300","b",5031.22368281,15.83000000,,466.63000000000,-0.0600,3657.00,1.400000,65.800000,2023,"Radial Velocity"
"HD 112570 b","HD 112570","b",1086.97315194,3.42000000,,2615.00000000000,-0.4000,4750.00,1.150000,9.850000,2023,"Radial Velocity"
"HD 112640 b","HD 112640","b",1589.15000000,5.00000000,,613.20000000000,-0.0900,4155.00,1.800000,39.000000,2020,"Radial Velocity"
"HD 113538 b","HD 113538","b",114.41000000,0.36000000,,663.20000000000,-0.2400,4462.00,0.585000,0.530000,2010,"Radial Velocity"
"HD 113538 c","HD 113538","c",295.57000000,0.93000000,,1818.00000000000,-0.2400,4462.00,0.585000,0.530000,2010,"Radial Velocity"
"HD 113996 b","HD 113996","b",2002.32900000,6.30000000,,610.20000000000,0.1300,4181.00,1.490000,25.110000,2017,"Radial Velocity"
"HD 114386 b","HD 114386","b",362.32620000,1.14000000,,937.70001000000,-0.0500,4836.00,0.600000,0.760000,2003,"Radial Velocity"
"HD 114386 c","HD 114386","c",117.59651059,0.37000000,,444.00000000000,-0.1000,4895.00,0.800000,,2026,"Radial Velocity"
"HD 114729 b","HD 114729","b",262.20975000,0.82500000,,1121.79000000000,-0.3300,5844.00,0.936000,1.473000,2002,"Radial Velocity"
"HD 114783 b","HD 114783","b",349.60000000,1.10000000,,493.70000000000,0.2100,5135.00,0.853000,,2001,"Radial Velocity"
"HD 11506 b","HD 11506","b",1525.57635360,4.80000000,,1617.70000000000,0.3000,6123.00,1.220000,,2007,"Radial Velocity"
"HD 11506 c","HD 11506","c",127.13136280,0.40000000,,223.92000000000,0.3000,6123.00,1.220000,,2008,"Radial Velocity"
"HD 11506 d","HD 11506","d",4068.20360960,12.80000000,,26500.00000000000,0.3000,6123.00,1.220000,,2022,"Radial Velocity"
"HD 115954 b","HD 115954","b",2634.79749403,8.29000000,,3700.00000000000,0.3400,5957.00,1.180000,1.213000,2021,"Radial Velocity"
"HD 116029 b","HD 116029","b",444.96200000,1.40000000,,670.00000000000,0.0900,4819.00,0.830000,4.890000,2011,"Radial Velocity"
"HD 117207 b","HD 117207","b",612.14058000,1.92600000,,2621.75000000000,0.1900,5732.00,1.053000,1.074000,2004,"Radial Velocity"
"HD 11755 b","HD 11755","b",1789.38290000,5.63000000,,433.70001000000,-0.7400,4312.00,0.720000,20.580000,2015,"Radial Velocity"
"HD 118203 b","HD 118203","b",680.15279098,2.14000000,12.77823800,6.13497790000,0.2870,5742.00,1.270000,2.040000,2005,"Radial Velocity"
"HD 118203 c","HD 118203","c",3747.19691853,11.79000000,,5103.00000000000,0.2870,5742.00,1.270000,2.040000,2024,"Radial Velocity"
"HD 11964 b","HD 11964","b",198.00000000,0.62200000,,1945.00000000000,0.1000,5303.00,0.910000,2.009710,2005,"Radial Velocity"
"HD 11964 c","HD 11964","c",25.00000000,0.07880000,,37.91000000000,0.1000,5303.00,0.910000,2.009710,2008,"Radial Velocity"
"HD 11977 b","HD 11977","b",2080.00000000,6.54000000,,711.00000000000,-0.2100,4970.00,1.910000,10.090000,2005,"Radial Velocity"
"HD 120084 b","HD 120084","b",2034.10180480,6.40000000,,2142.00000000000,0.1000,4879.00,2.160000,10.370000,2013,"Radial Velocity"
"HD 121504 b","HD 121504","b",479.92330000,1.51000000,,63.33000000000,0.1500,6027.00,1.620000,1.070000,2003,"Radial Velocity"
"HD 124330 b","HD 124330","b",238.37130525,0.75000000,,270.66000000000,0.2200,5873.00,1.150000,,2021,"Radial Velocity"
"HD 12484 b","HD 12484","b",947.13340000,2.98000000,,58.83000000000,0.0500,5920.00,1.010000,,2016,"Radial Velocity"
"HD 125136 b","HD 125136","b",718.29219982,2.26000000,,849.77000000000,0.0200,4959.00,1.550000,5.390000,2026,"Radial Velocity"
"HD 125595 b","HD 125595","b",6.35660000,0.02000000,,9.67370000000,0.0800,4691.00,0.290000,0.740000,2011,"Radial Velocity"
"HD 126105 b","HD 126105","b",530.77343969,1.67000000,,524.00000000000,0.0000,4875.00,1.200000,4.210000,2026,"Radial Velocity"
"HD 12648 b","HD 12648","b",622.94680000,1.96000000,,133.60001000000,-0.5700,4835.00,0.670000,11.020000,2015,"Radial Velocity"
"HD 126525 b","HD 126525","b",75.32571000,0.23700000,,960.41000000000,-0.1000,5638.00,0.897000,0.979000,2018,"Radial Velocity"
"HD 12661 b","HD 12661","b",772.32690000,2.43000000,,262.70862000000,0.3600,5645.00,1.200000,1.200000,2000,"Radial Velocity"
"HD 12661 c","HD 12661","c",575.88400000,1.81200000,,1708.00000000000,0.3600,5748.00,1.020000,1.110000,2002,"Radial Velocity"
"HD 127195 b","HD 127195","b",212.94503269,0.67000000,,534.50000000000,-0.0400,4981.00,1.340000,4.160000,2026,"Radial Velocity"
"HD 127195 c","HD 127195","c",206.58846455,0.65000000,,836.99000000000,-0.0400,4981.00,1.340000,4.160000,2026,"Radial Velocity"
"HD 128356 b","HD 128356","b",282.86870000,0.89000000,,298.20000000000,0.1700,4875.00,0.650000,0.850000,2016,"Radial Velocity"
"HD 128717 b","HD 128717","b",6293.00245860,19.80000000,,3420.00000000000,0.1600,6210.00,1.212000,1.248000,2025,"Astrometry"
"HD 129445 b","HD 129445","b",508.50700000,1.60000000,,1840.00000000000,0.2500,,0.990000,,2009,"Radial Velocity"
"HD 13189 b","HD 13189","b",3480.23850000,10.95000000,,471.60001000000,-0.3700,4175.00,2.240000,38.410000,2005,"Radial Velocity"
"HD 133131 A b","HD 133131 A","b",451.31860000,1.42000000,,649.00000000000,-0.3060,5799.00,0.950000,,2016,"Radial Velocity"
"HD 133131 A c","HD 133131 A","c",133.48860000,0.42000000,,3568.00000000000,-0.3060,5799.00,0.950000,,2016,"Radial Velocity"
"HD 133131 B b","HD 133131 B","b",794.57500000,2.50000000,,5769.00000000000,-0.2810,5805.00,0.930000,,2016,"Radial Velocity"
"HD 134060 b","HD 134060","b",10.10000000,0.03180000,,3.26960000000,0.1400,5966.00,1.095000,,2019,"Radial Velocity"
"HD 134060 c","HD 134060","c",29.29000000,0.09220000,,1291.56460000000,0.1400,5966.00,1.095000,,2019,"Radial Velocity"
"HD 134606 b","HD 134606","b",9.09000000,0.02860034,,12.08900000000,0.3430,5576.00,1.046000,1.158000,2024,"Radial Velocity"
"HD 134606 c","HD 134606","c",11.31000000,0.03558524,,58.88300000000,0.3430,5576.00,1.046000,1.158000,2024,"Radial Velocity"
"HD 134606 d","HD 134606","d",44.80000000,0.14095656,,966.50000000000,0.3430,5576.00,1.046000,1.158000,2024,"Radial Velocity"
"HD 134606 e","HD 134606","e",2.34000000,0.00736246,,4.32030000000,0.3430,5576.00,1.046000,1.158000,2024,"Radial Velocity"
"HD 134606 f","HD 134606","f",5.63000000,0.01771396,,26.91500000000,0.3430,5576.00,1.046000,1.158000,2024,"Radial Velocity"
"HD 134987 b","HD 134987","b",511.70630000,1.61000000,,258.17999000000,0.2800,5736.00,1.100000,1.220000,1999,"Radial Velocity"
"HD 134987 c","HD 134987","c",260.00000000,0.82000000,,5000.00000000000,0.2800,5585.00,1.100000,1.250000,2009,"Radial Velocity"
"HD 135344 A b","HD 135344 A","b",3178.28407000,10.00000000,16.25302201,,0.0500,9540.00,,1.500000,2025,"Imaging"
"HD 136352 b","HD 136352","b",4.72000000,0.01485078,1.66400000,11.57797000000,-0.2400,5664.00,0.870000,1.058000,2019,"Radial Velocity"
"HD 136352 c","HD 136352","c",11.24000000,0.03536499,2.91600000,27.59221000000,-0.2400,5664.00,0.870000,1.058000,2019,"Radial Velocity"
"HD 136352 d","HD 136352","d",8.82000000,0.02775082,2.56200000,107.24500000000,-0.2400,5664.00,0.870000,1.058000,2019,"Radial Velocity"
"HD 136418 b","HD 136418","b",680.15620000,2.14000000,,464.29999000000,-0.1100,4989.00,1.480000,3.780000,2009,"Radial Velocity"
"HD 136925 b","HD 136925","b",266.97586188,0.84000000,,4540.00000000000,-0.2172,5773.19,0.875104,1.193078,2021,"Radial Velocity"
"HD 137388 b","HD 137388","b",63.56600000,0.20000000,,330.00000000000,0.1900,5181.00,0.680000,0.880000,2011,"Radial Velocity"
"HD 137496 b","HD 137496","b",4.04000000,0.01271126,1.31000000,1.62116000000,-0.0300,5799.00,1.040000,1.590000,2021,"Transit"
"HD 137496 c","HD 137496","c",2434.56559762,7.66000000,,479.90000000000,-0.0300,5799.00,1.040000,1.590000,2021,"Radial Velocity"
"HD 13808 b","HD 13808","b",11.20000000,0.03523896,,14.18150000000,-0.2100,5035.00,0.771000,0.781000,2021,"Radial Velocity"
"HD 13808 c","HD 13808","c",9.96000000,0.03133751,,53.75300000000,-0.2100,5035.00,0.771000,0.781000,2021,"Radial Velocity"
"HD 13908 b","HD 13908","b",274.91000000,0.86500000,,19.38200000000,0.0100,6255.00,1.290000,1.670000,2013,"Radial Velocity"
"HD 13908 c","HD 13908","c",1630.40000000,5.13000000,,931.00000000000,0.0100,6255.00,1.290000,1.670000,2013,"Radial Velocity"
"HD 13931 b","HD 13931","b",699.22600000,2.20000000,,4218.00000000000,0.0500,5867.00,1.300000,1.250000,2009,"Radial Velocity"
"HD 1397 b","HD 1397","b",131.89945000,0.41500000,11.50043400,11.53533000000,0.2900,5521.00,1.324000,2.336000,2018,"Transit"
"HD 14067 b","HD 14067","b",4862.77462710,15.30000000,,2744.00000000000,-0.1000,4815.00,2.400000,12.400000,2014,"Radial Velocity"
"HD 141004 b","HD 141004","b",13.63483866,0.04290000,,15.50830000000,0.0247,5885.38,1.051904,1.389372,2021,"Radial Velocity"
"HD 141399 b","HD 141399","b",143.34133000,0.45100000,,94.44000000000,0.3500,5600.00,1.070000,,2014,"Radial Velocity"
"HD 141399 c","HD 141399","c",422.71390000,1.33000000,,201.99000000000,0.3500,5600.00,1.070000,,2014,"Radial Velocity"
"HD 141399 d","HD 141399","d",375.03940000,1.18000000,,1069.80000000000,0.3500,5600.00,1.070000,,2014,"Radial Velocity"
"HD 141399 e","HD 141399","e",209.76780000,0.66000000,,5000.00000000000,0.3500,5600.00,1.070000,,2014,"Radial Velocity"
"HD 142022 A b","HD 142022 A","b",1411.16520000,4.44000000,,1928.00000000000,0.1900,5421.00,0.900000,1.040000,2005,"Radial Velocity"
"HD 142245 b","HD 142245","b",975.73810000,3.07000000,,1299.00000000000,0.1700,4922.00,3.500000,4.630000,2011,"Radial Velocity"
"HD 142415 b","HD 142415","b",530.77610000,1.67000000,,386.29999000000,0.1300,5940.00,1.070000,1.040000,2003,"Radial Velocity"
"HD 143105 b","HD 143105","b",384.57430000,1.21000000,,2.19740000000,0.1500,6380.00,1.510000,,2016,"Radial Velocity"
"HD 143361 b","HD 143361","b",1122.57556000,3.53200000,,1039.15000000000,0.1400,5507.00,0.968000,0.916000,2008,"Radial Velocity"
"HD 145377 b","HD 145377","b",1913.33660000,6.02000000,,103.95000000000,0.1100,6014.00,1.200000,1.050000,2008,"Radial Velocity"
"HD 145457 b","HD 145457","b",888.01256916,2.79400000,,176.13000000000,-0.1400,4757.00,1.900000,9.900000,2010,"Radial Velocity"
"HD 145675 c","14 Her","c",2510.84441530,7.90000000,,,0.4300,,0.970000,,2021,"Radial Velocity"
"HD 1461 b","HD 1461","b",6.44000000,0.02026240,,5.77152000000,0.1900,5765.00,1.020000,,2010,"Radial Velocity"
"HD 1461 c","HD 1461","c",5.59000000,0.01758802,,13.50520000000,0.1900,5765.00,1.020000,,2015,"Radial Velocity"
"HD 147018 b","HD 147018","b",674.00000000,2.12000000,,44.23600000000,0.1000,5441.00,0.927000,,2009,"Radial Velocity"
"HD 147018 c","HD 147018","c",2080.00000000,6.56000000,,1008.00000000000,0.1000,5441.00,0.927000,,2009,"Radial Velocity"
"HD 147379 b","HD 147379","b",21.60000000,0.06796120,,86.58000000000,0.1600,4090.00,0.580000,,2017,"Radial Velocity"
"HD 147513 b","HD 147513","b",385.00000000,1.21000000,,528.40000000000,0.0600,5883.00,1.110000,,2003,"Radial Velocity"
"HD 147873 b","HD 147873","b",1633.64620000,5.14000000,,116.59600000000,0.0300,5972.00,1.380000,2.290000,2016,"Radial Velocity"
"HD 147873 c","HD 147873","c",731.00900000,2.30000000,,491.54000000000,0.0300,5972.00,1.380000,2.290000,2016,"Radial Velocity"
"HD 148156 b","HD 148156","b",270.14400000,0.85000000,,1027.00000000000,0.2900,6308.00,1.220000,1.210000,2009,"Radial Velocity"
"HD 148164 b","HD 148164","b",390.93090000,1.23000000,,328.55000000000,0.2400,6032.00,1.210000,1.340000,2018,"Radial Velocity"
"HD 148164 c","HD 148164","c",1640.00280000,5.16000000,,5062.00000000000,0.2400,6032.00,1.210000,1.340000,2018,"Radial Velocity"
"HD 149026 b","HD 149026","b",120.77540000,0.38000000,8.29466000,2.87589000000,0.3200,6179.00,1.420000,1.410000,2005,"Radial Velocity"
"HD 149143 b","HD 149143","b",422.71390000,1.33000000,,4.07182000000,0.2900,5856.00,1.200000,1.440000,2005,"Radial Velocity"
"HD 150010 b","HD 150010","b",762.78817680,2.40000000,,562.00000000000,-0.2500,4153.00,1.300000,16.200000,2022,"Radial Velocity"
"HD 150706 b","HD 150706","b",861.28000000,2.71000000,,5894.00000000000,-0.0100,5961.00,1.170000,0.960000,2012,"Radial Velocity"
"HD 152079 b","HD 152079","b",845.74563000,2.66100000,,2918.92000000000,0.2900,5907.00,1.147000,1.128000,2009,"Radial Velocity"
"HD 152843 b","HD 152843","b",9.82000000,0.03089718,3.05000000,11.62071000000,-0.1600,6310.00,1.150000,1.430000,2021,"Transit"
"HD 152843 c","HD 152843","c",9.67000000,0.03042522,5.94000000,19.50210400000,-0.1600,6310.00,1.150000,1.430000,2021,"Transit"
"HD 15337 b","HD 15337","b",6.51900000,0.02051107,1.77000000,4.75598040000,0.0300,5131.00,0.829000,0.855000,2019,"Transit"
"HD 15337 c","HD 15337","c",6.79200000,0.02137002,2.52600000,17.18054600000,0.0300,5131.00,0.829000,0.855000,2019,"Transit"
"HD 153950 b","HD 153950","b",937.59850000,2.95000000,,499.39999000000,-0.0100,6124.00,1.250000,1.280000,2008,"Radial Velocity"
"HD 154088 b","HD 154088","b",6.60000000,0.02076592,,18.56000000000,0.2800,5374.00,0.910000,,2021,"Radial Velocity"
"HD 154391 b","HD 154391","b",2892.23850370,9.10000000,,5163.00000000000,0.1000,4909.00,2.070000,8.560000,2023,"Radial Velocity"
"HD 154672 b","HD 154672","b",1706.74710000,5.37000000,,163.94000000000,0.2500,5743.00,1.180000,1.320000,2008,"Radial Velocity"
"HD 154857 b","HD 154857","b",778.68350000,2.45000000,,408.60001000000,-0.2200,5589.00,1.960000,2.300000,2004,"Radial Velocity"
"HD 154857 c","HD 154857","c",819.97000000,2.58000000,,3452.00000000000,-0.2000,5605.00,1.718000,1.760000,2014,"Radial Velocity"
"HD 155193 b","HD 155193","b",238.37130525,0.75000000,,352.65000000000,0.0500,6239.00,1.221000,,2021,"Radial Velocity"
"HD 155358 b","HD 155358","b",314.65170000,0.99000000,,194.30000000000,-0.6000,5905.00,1.150000,1.380000,2007,"Radial Velocity"
"HD 155358 c","HD 155358","c",261.00000000,0.82000000,,391.90000000000,-0.5100,5900.00,0.920000,,2007,"Radial Velocity"
"HD 156411 b","HD 156411","b",235.18000000,0.74000000,,842.20000000000,-0.1200,5900.00,1.250000,2.160000,2009,"Radial Velocity"
"HD 156668 b","HD 156668","b",4.15000000,0.01300000,,4.64550000000,0.0500,4850.00,0.772000,0.720000,2010,"Radial Velocity"
"HD 156668 c","HD 156668","c",31.49679513,0.09910000,,811.30000000000,0.0493,4903.69,0.785167,0.774528,2021,"Radial Velocity"
"HD 156846 b","HD 156846","b",3391.24610000,10.67000000,,359.51001000000,0.1500,6090.00,1.380000,1.900000,2007,"Radial Velocity"
"HD 158038 b","HD 158038","b",486.27990000,1.53000000,,521.00000000000,0.1900,4860.00,1.300000,4.500000,2011,"Radial Velocity"
"HD 158996 b","HD 158996","b",4449.62000000,14.00000000,,820.20000000000,-0.2000,4069.00,1.800000,50.300000,2018,"Radial Velocity"
"HD 159243 b","HD 159243","b",359.13000000,1.13000000,,12.62000000000,0.0500,6123.00,1.125000,1.120000,2013,"Radial Velocity"
"HD 159243 c","HD 159243","c",603.90000000,1.90000000,,248.40000000000,0.0500,6123.00,1.125000,1.120000,2013,"Radial Velocity"
"HD 1605 b","HD 1605","b",296.85322000,0.93400000,,577.20000000000,0.2200,4915.00,1.330000,3.490000,2015,"Radial Velocity"
"HD 1605 c","HD 1605","c",1150.54460000,3.62000000,,2149.00000000000,0.2200,4915.00,1.330000,3.490000,2015,"Radial Velocity"
"HD 160691 b","HD 160691","b",1366.66215010,4.30000000,,645.00000000000,0.2800,5773.00,1.130000,1.330000,2000,"Radial Velocity"
"HD 160691 c","HD 160691","c",1398.44499080,4.40000000,,3947.00000000000,0.2800,5773.00,1.130000,1.330000,2004,"Radial Velocity"
"HD 160691 e","HD 160691","e",2224.79884900,7.00000000,,307.90000000000,0.2800,5773.00,1.130000,1.330000,2006,"Radial Velocity"
"HD 161178 b","HD 161178","b",181.16219199,0.57000000,,279.30000000000,-0.2100,4786.00,1.060000,10.950000,2021,"Radial Velocity"
"HD 16141 b","HD 16141","b",82.63580000,0.26000000,,75.52300000000,0.1300,5757.00,1.110000,1.480000,2000,"Radial Velocity"
"HD 16175 b","HD 16175","b",1620.93300000,5.10000000,,990.00000000000,0.3000,5981.00,1.630000,1.720000,2009,"Radial Velocity"
"HD 162020 b","HD 162020","b",3127.44720000,9.84000000,,8.42820000000,-0.1000,4723.00,0.420000,0.750000,2002,"Radial Velocity"
"HD 16417 b","HD 16417","b",22.10000000,0.06960000,,17.24000000000,0.0600,,1.200000,,2008,"Radial Velocity"
"HD 164509 b","HD 164509","b",140.79869000,0.44300000,,280.17000000000,0.2000,5859.00,1.120000,1.110000,2012,"Radial Velocity"
"HD 164595 b","HD 164595","b",16.14000000,0.05078186,,40.00000000000,-0.0400,5790.00,0.990000,,2015,"Radial Velocity"
"HD 164604 b","HD 164604","b",4195.33497240,13.20000000,,653.90000000000,0.1200,4663.00,0.770000,0.780000,2009,"Radial Velocity"
"HD 164604 c","HD 164604","c",3019.36986650,9.50000000,,5387.00000000000,0.1200,4663.00,0.770000,0.780000,2026,"Radial Velocity"
"HD 164922 b","HD 164922","b",116.00000000,0.36497499,,1207.00000000000,0.1800,5390.00,0.926000,0.946000,2005,"Radial Velocity"
"HD 164922 c","HD 164922","c",13.00000000,0.04090237,,75.74000000000,0.1800,5390.00,0.926000,0.946000,2016,"Radial Velocity"
"HD 164922 d","HD 164922","d",4.00000000,0.01258534,,12.45800000000,0.1800,5390.00,0.926000,0.946000,2020,"Radial Velocity"
"HD 164922 e","HD 164922","e",10.52012027,0.03310000,,41.76300000000,0.1967,5393.43,0.921146,1.001813,2021,"Radial Velocity"
"HD 165131 b","HD 165131","b",5943.39121090,18.70000000,,2342.60000000000,0.0600,5870.00,1.060000,,2023,"Radial Velocity"
"HD 165155 b","HD 165155","b",918.52870000,2.89000000,,434.50000000000,0.0900,5426.00,1.020000,0.950000,2016,"Radial Velocity"
"HD 1666 b","HD 1666","b",2040.00000000,6.43000000,,270.00000000000,0.3700,6317.00,1.500000,1.930000,2015,"Radial Velocity"
"HD 166724 b","HD 166724","b",1121.89000000,3.53000000,,5144.00000000000,-0.0900,5127.00,0.810000,,2012,"Radial Velocity"
"HD 167042 b","HD 167042","b",444.00628458,1.39700000,,417.67000000000,-0.0100,4919.00,1.390000,4.630000,2007,"Radial Velocity"
"HD 167677 b","HD 167677","b",905.81095995,2.85000000,,1820.00000000000,-0.2900,5474.00,0.960000,,2023,"Radial Velocity"
"HD 167768 b","HD 167768","b",270.15414595,0.85000000,,20.65320000000,-0.6700,4851.00,1.080000,9.700000,2022,"Radial Velocity"
"HD 168009 b","HD 168009","b",9.53485221,0.03000000,,15.14790000000,0.0183,5778.33,0.986073,1.209505,2021,"Radial Velocity"
"HD 168746 b","HD 168746","b",85.81410000,0.27000000,,6.40400000000,-0.0800,5570.00,1.070000,1.090000,2002,"Radial Velocity"
"HD 1690 b","HD 1690","b",2793.72570000,8.79000000,,533.00000000000,-0.2700,4374.00,1.860000,21.660000,2010,"Radial Velocity"
"HD 170469 b","HD 170469","b",209.76780000,0.66000000,,1145.00000000000,0.2900,5842.00,1.100000,1.240000,2007,"Radial Velocity"
"HD 17092 b","HD 17092","b",3219.61790000,10.13000000,,359.89999000000,0.1800,4326.00,6.730000,13.580000,2007,"Radial Velocity"
"HD 171028 b","HD 171028","b",832.71460000,2.62000000,,550.00000000000,-0.4800,5671.00,1.530000,2.470000,2007,"Radial Velocity"
"HD 171238 b","HD 171238","b",2796.88998160,8.80000000,,1515.00000000000,0.2000,,0.920000,,2009,"Radial Velocity"
"HD 17156 b","HD 17156","b",1036.12060682,3.26000000,12.26262489,21.21642940000,0.2080,6046.00,1.285000,1.517000,2007,"Radial Velocity"
"HD 173416 b","HD 173416","b",585.12209729,1.84100000,,322.03000000000,-0.2200,4683.00,2.000000,13.500000,2008,"Radial Velocity"
"HD 174205 b","HD 174205","b",1334.87930940,4.20000000,,582.00000000000,-0.2800,4308.00,1.800000,26.600000,2022,"Radial Velocity"
"HD 175607 b","HD 175607","b",8.98000000,0.02825410,,29.01000000000,-0.6200,5392.00,0.710000,0.700000,2015,"Radial Velocity"
"HD 17674 b","HD 17674","b",276.51210000,0.87000000,,623.80000000000,-0.1600,5904.00,0.980000,1.180000,2017,"Radial Velocity"
"HD 176986 b","HD 176986","b",5.36000000,0.01686445,,6.49164000000,0.0300,4931.00,0.789000,0.782000,2017,"Radial Velocity"
"HD 176986 c","HD 176986","c",9.75000000,0.03067693,,16.81240000000,0.0300,4931.00,0.789000,0.782000,2017,"Radial Velocity"
"HD 176986 d","HD 176986","d",6.76000000,0.02126934,,61.37600000000,0.0300,4931.00,0.789000,0.782000,2026,"Radial Velocity"
"HD 177830 b","HD 177830","b",537.13270000,1.69000000,,410.10001000000,0.4200,4901.00,1.700000,3.260000,1999,"Radial Velocity"
"HD 177830 c","HD 177830","c",47.67250000,0.15000000,,110.90000000000,0.5450,4949.00,1.470000,2.620000,2010,"Radial Velocity"
"HD 178911 B b","HD 178911 B","b",2552.17490000,8.03000000,,71.48400000000,0.2400,5588.00,1.240000,1.080000,2001,"Radial Velocity"
"HD 179079 b","HD 179079","b",25.74423000,0.08100000,,14.47900000000,0.2400,5646.00,1.140000,1.630000,2008,"Radial Velocity"
"HD 179949 b","HD 179949","b",291.12000000,0.91600000,,3.09251400000,0.1370,6168.00,1.210000,,2000,"Radial Velocity"
"HD 180314 b","HD 180314","b",7216.92963775,22.70700000,,394.73000000000,0.2000,4917.00,2.600000,9.200000,2010,"Radial Velocity"
"HD 180617 b","HD 180617","b",12.21400000,0.03842935,,105.91100000000,-0.0400,3534.00,0.484000,0.481000,2018,"Radial Velocity"
"HD 181720 b","HD 181720","b",127.13200000,0.40000000,,956.00000000000,-0.6200,5736.00,1.030000,1.500000,2009,"Radial Velocity"
"HD 183579 b","HD 183579","b",20.40000000,0.06418558,3.49000000,17.47129100000,-0.0380,5784.00,0.996000,0.960000,2021,"Transit"
"HD 184010 b","HD 184010","b",98.52680617,0.31000000,,286.60000000000,-0.1700,4971.00,1.350000,4.860000,2022,"Radial Velocity"
"HD 184010 c","HD 184010","c",95.34852210,0.30000000,,484.30000000000,-0.1700,4971.00,1.350000,4.860000,2022,"Radial Velocity"
"HD 184010 d","HD 184010","d",143.02278315,0.45000000,,836.40000000000,-0.1700,4971.00,1.350000,4.860000,2022,"Radial Velocity"
"HD 18438 b","HD 18438","b",6674.39654700,21.00000000,,803.00000000000,-0.4000,3860.00,1.840000,88.475000,2023,"Radial Velocity"
"HD 18599 b","HD 18599","b",24.10000000,0.07582708,2.60000000,4.13743540000,0.0000,5145.00,0.863000,0.767000,2022,"Transit"
"HD 187085 b","HD 187085","b",265.70588000,0.83600000,,1019.74000000000,0.1200,6117.00,1.189000,1.270000,2006,"Radial Velocity"
"HD 187123 b","HD 187123","b",166.21800000,0.52300000,,3.09658280000,0.0900,5790.00,1.040000,1.150430,1998,"Radial Velocity"
"HD 187123 c","HD 187123","c",632.46000000,1.99000000,,3810.00000000000,0.0900,5790.00,1.040000,1.150430,2008,"Radial Velocity"
"HD 188015 b","HD 188015","b",476.72000000,1.50000000,,461.20000000000,0.2890,5746.00,1.090000,,2004,"Radial Velocity"
"HD 189567 b","HD 189567","b",8.50000000,0.02674399,,14.28800000000,-0.2400,5726.00,0.830000,,2021,"Radial Velocity"
"HD 189567 c","HD 189567","c",7.00000000,0.02202446,,33.68800000000,-0.2400,5726.00,0.830000,,2021,"Radial Velocity"
"HD 189733 b","HD 189733","b",359.14790000,1.13000000,12.66617000,2.21857567000,-0.0200,5052.00,0.790000,0.750000,2005,"Radial Velocity"
"HD 190007 b","HD 190007","b",15.50000000,0.04876845,,11.72412800000,0.1600,4610.00,0.770000,,2020,"Radial Velocity"
"HD 190360 b","HD 190360","b",537.00000000,1.68959095,,2887.50000000000,0.2600,5560.00,0.996000,,2003,"Radial Velocity"
"HD 190360 c","HD 190360","c",26.20000000,0.08243442,,17.11625000000,0.2600,5560.00,0.996000,,2005,"Radial Velocity"
"HD 190360 d","HD 190360","d",11.90000000,0.03744159,,88.69000000000,0.2600,5560.00,0.996000,,2026,"Radial Velocity"
"HD 190647 b","HD 190647","b",630.89255000,1.98500000,,1176.45000000000,0.2300,5656.00,1.069000,1.376000,2007,"Radial Velocity"
"HD 190984 b","HD 190984","b",985.20000000,3.10000000,,4885.00000000000,-0.4800,5988.00,0.910000,1.530000,2009,"Radial Velocity"
"HD 191939 b","HD 191939","b",10.00000000,0.03146352,3.41000000,8.88032560000,-0.1500,5348.00,0.810000,0.940000,2020,"Transit"
"HD 191939 c","HD 191939","c",8.00000000,0.02517081,3.19500000,28.57974300000,-0.1500,5348.00,0.810000,0.940000,2020,"Transit"
"HD 191939 d","HD 191939","d",2.80000000,0.00880979,2.99500000,38.35303700000,-0.1500,5348.00,0.810000,0.940000,2020,"Transit"
"HD 191939 e","HD 191939","e",112.20000000,0.35302068,,101.12000000000,-0.1500,5348.00,0.810000,0.940000,2022,"Radial Velocity"
"HD 191939 f","HD 191939","f",915.34581216,2.88000000,,2898.00000000000,-0.1500,5348.00,0.810000,0.940000,2022,"Radial Velocity"
"HD 191939 g","HD 191939","g",13.50000000,0.04247575,,284.00000000000,-0.1500,5348.00,0.810000,0.940000,2022,"Radial Velocity"
"HD 192263 b","HD 192263","b",177.98480000,0.56000000,,24.35560000000,0.0300,4976.00,0.660000,0.740000,1999,"Radial Velocity"
"HD 192310 b","HD 192310","b",16.90000000,0.05320000,,74.72000000000,-0.0400,5166.00,0.800000,,2011,"Radial Velocity"
"HD 192310 c","HD 192310","c",24.00000000,0.07600000,,525.80000000000,-0.0400,5166.00,0.800000,,2011,"Radial Velocity"
"HD 195019 b","HD 195019","b",1264.96340000,3.98000000,,18.20132000000,0.0500,5751.00,1.210000,1.480000,1998,"Radial Velocity"
"HD 196067 b","HD 196067","b",3623.24383980,11.40000000,,3413.70000000000,0.2130,6072.00,1.160000,1.710000,2012,"Radial Velocity"
"HD 196067 c","HD 196067","c",10.40000000,0.03272206,,4.60108800000,0.2130,6072.00,1.160000,1.710000,2025,"Radial Velocity"
"HD 19615 b","HD 19615","b",2701.54145950,8.50000000,,402.00000000000,-0.3100,4263.00,1.100000,32.300000,2022,"Radial Velocity"
"HD 196885 A b","HD 196885 A","b",819.97000000,2.58000000,,1333.00000000000,0.2200,6254.00,1.280000,1.310000,2007,"Radial Velocity"
"HD 197037 b","HD 197037","b",251.00000000,0.79000000,,1035.70000000000,-0.2000,6150.00,1.110000,,2012,"Radial Velocity"
"HD 19994 b","HD 19994","b",435.41000000,1.37000000,,466.20000000000,0.2700,6188.00,1.365000,,2003,"Radial Velocity"
"HD 20003 b","HD 20003","b",11.66000000,0.03670000,,11.84820000000,0.0400,5494.00,0.875000,,2019,"Radial Velocity"
"HD 20003 c","HD 20003","c",14.44000000,0.04540000,,33.92390000000,0.0400,5494.00,0.875000,,2019,"Radial Velocity"
"HD 202206 b","HD 202206","b",6849.20217085,21.55000000,,256.26000000000,0.2300,5764.23,1.060000,1.040000,2026,"Radial Velocity"
"HD 202206 c","HD 202206","c",982.08977763,3.09000000,,1299.22000000000,0.2300,5764.23,1.060000,1.040000,2004,"Radial Velocity"
"HD 202696 b","HD 202696","b",634.38868000,1.99600000,,517.80000000000,0.0200,5040.00,1.910000,6.430000,2019,"Radial Velocity"
"HD 202696 c","HD 202696","c",592.43512000,1.86400000,,946.60000000000,0.0200,5040.00,1.910000,6.430000,2019,"Radial Velocity"
"HD 202772 A b","HD 202772 A","b",323.54931833,1.01800000,18.23701160,3.30887750000,0.2320,6442.00,1.721000,2.554000,2019,"Transit"
"HD 20329 b","HD 20329","b",7.42000000,0.02334593,1.72000000,0.92611800000,-0.0700,5596.00,0.900000,1.130000,2022,"Transit"
"HD 2039 b","HD 2039","b",1999.15070000,6.29000000,,1120.00000000000,0.3000,5945.00,1.230000,1.190000,2002,"Radial Velocity"
"HD 204941 b","HD 204941","b",73.10090000,0.23000000,,1733.00000000000,-0.1900,5026.00,0.580000,0.780000,2011,"Radial Velocity"
"HD 205739 b","HD 205739","b",435.41000000,1.37000000,,279.80000000000,0.1900,6176.00,1.220000,1.330000,2008,"Radial Velocity"
"HD 207496 b","HD 207496","b",6.10000000,0.01919275,2.25000000,6.44100800000,0.0950,4819.00,0.800000,0.769000,2023,"Transit"
"HD 20781 b","HD 20781","b",1.93000000,0.00610000,,5.31350000000,-0.1100,5256.00,0.700000,,2019,"Radial Velocity"
"HD 20781 c","HD 20781","c",5.33000000,0.01680000,,13.89050000000,-0.1100,5256.00,0.700000,,2019,"Radial Velocity"
"HD 20781 d","HD 20781","d",10.61000000,0.03340000,,29.15800000000,-0.1100,5256.00,0.700000,,2019,"Radial Velocity"
"HD 20781 e","HD 20781","e",14.03000000,0.04420000,,85.50730000000,-0.1100,5256.00,0.700000,,2019,"Radial Velocity"
"HD 20782 b","HD 20782","b",472.83000000,1.48780000,,597.06430000000,-0.0537,5782.13,1.040000,1.126810,2006,"Radial Velocity"
"HD 207832 b","HD 207832","b",177.98480000,0.56000000,,160.07000000000,0.1400,5726.00,1.050000,0.890000,2012,"Radial Velocity"
"HD 207832 c","HD 207832","c",232.01590000,0.73000000,,1155.70000000000,0.0600,5710.00,0.940000,0.901000,2012,"Radial Velocity"
"HD 207897 b","HD 207897","b",14.80000000,0.04656601,2.34302132,16.20166000000,-0.0300,5106.00,0.820800,0.782700,2021,"Transit"
"HD 20794 b","HD 20794","b",2.15000000,0.00676466,,18.31400000000,-0.4200,5368.00,0.790000,0.930000,2011,"Radial Velocity"
"HD 20794 d","HD 20794","d",2.98000000,0.00937613,,89.68000000000,-0.4200,5368.00,0.790000,0.930000,2011,"Radial Velocity"
"HD 20794 f","HD 20794","f",5.82000000,0.01831177,,647.60000000000,-0.4200,5368.00,0.790000,0.930000,2025,"Radial Velocity"
"HD 208487 b","HD 208487","b",146.20106722,0.46000000,,129.36000000000,0.0900,6134.00,1.150000,1.160000,2004,"Radial Velocity"
"HD 208527 b","HD 208527","b",3146.40000000,9.90000000,,875.50000000000,-0.0900,4035.00,1.600000,51.100000,2012,"Radial Velocity"
"HD 20868 b","HD 20868","b",397.28750000,1.25000000,,380.85001000000,0.0500,4802.00,0.390000,0.760000,2008,"Radial Velocity"
"HD 208897 b","HD 208897","b",379.48711796,1.19400000,,358.27000000000,0.2100,4860.00,1.250000,4.980000,2017,"Radial Velocity"
"HD 209458 b","HD 209458","b",232.01590000,0.73000000,15.58051000,3.52474859000,0.0100,6091.00,1.230000,1.190000,1999,"Radial Velocity"
"HD 210277 b","HD 210277","b",410.00070000,1.29000000,,442.19000000000,0.2200,5538.00,1.010000,1.070000,1998,"Radial Velocity"
"HD 210702 b","HD 210702","b",481.51003660,1.51500000,,355.50000000000,-0.0200,4912.00,1.330000,4.540000,2007,"Radial Velocity"
"HD 211403 b","HD 211403","b",1760.76937478,5.54000000,,223.80000000000,0.1800,6273.00,1.200000,1.206000,2021,"Radial Velocity"
"HD 211810 b","HD 211810","b",212.94610000,0.67000000,,1558.00000000000,0.1700,5652.00,1.030000,1.130000,2018,"Radial Velocity"
"HD 212301 b","HD 212301","b",162.09330000,0.51000000,,2.24571000000,0.1800,6239.00,1.550000,1.160000,2005,"Radial Velocity"
"HD 213240 b","HD 213240","b",1773.49140000,5.58000000,,882.70001000000,0.1500,5979.00,1.570000,1.510000,2001,"Radial Velocity"
"HD 213472 b","HD 213472","b",1112.39942450,3.50000000,,17000.00000000000,0.1249,5729.54,1.048132,1.433902,2021,"Radial Velocity"
"HD 213885 b","HD 213885","b",8.83000000,0.02778215,1.74500000,1.00803500000,-0.0400,5978.00,1.068000,1.101100,2019,"Transit"
"HD 213885 c","HD 213885","c",19.95000000,0.06276941,,4.78503000000,-0.0400,5978.00,1.068000,1.101100,2019,"Radial Velocity"
"HD 215152 b","HD 215152","b",1.81900000,0.00572319,,5.75999000000,-0.1000,4935.00,0.770000,0.730000,2018,"Radial Velocity"
"HD 215152 c","HD 215152","c",1.72000000,0.00541170,,7.28243000000,-0.1000,4935.00,0.770000,0.730000,2018,"Radial Velocity"
"HD 215152 d","HD 215152","d",2.80100000,0.00881289,,10.86499000000,-0.1000,4935.00,0.770000,0.730000,2018,"Radial Velocity"
"HD 215152 e","HD 215152","e",2.87700000,0.00905201,,25.19670000000,-0.1000,4935.00,0.770000,0.730000,2018,"Radial Velocity"
"HD 21520 b","HD 21520","b",17.70000000,0.05569043,2.69700000,25.12920000000,0.0490,5871.00,1.090000,1.044000,2024,"Transit"
"HD 215497 b","HD 215497","b",6.35660000,0.02000000,,3.93404000000,0.2000,5110.00,0.670000,0.850000,2009,"Radial Velocity"
"HD 216435 b","HD 216435","b",400.40000000,1.26000000,,1311.00000000000,0.2440,5999.00,1.300000,,2002,"Radial Velocity"
"HD 216520 b","HD 216520","b",10.26000000,0.03228141,,35.45000000000,-0.1600,5103.00,0.820000,0.760000,2020,"Radial Velocity"
"HD 216520 c","HD 216520","c",9.44000000,0.02970141,,154.43000000000,-0.1600,5103.00,0.820000,0.760000,2020,"Radial Velocity"
"HD 216536 b","HD 216536","b",333.72150000,1.05000000,,148.60001000000,-0.1700,4639.00,0.810000,9.830000,2015,"Radial Velocity"
"HD 216770 b","HD 216770","b",181.16310000,0.57000000,,118.45000000000,0.2700,5399.00,0.740000,0.930000,2003,"Radial Velocity"
"HD 21693 b","HD 21693","b",8.23000000,0.02590000,,22.67860000000,0.0000,5430.00,0.800000,,2019,"Radial Velocity"
"HD 21693 c","HD 21693","c",17.37000000,0.05470000,,53.73570000000,0.0000,5430.00,0.800000,,2019,"Radial Velocity"
"HD 21749 c","GJ 143","c",3.70000000,0.01164144,0.89200000,7.78993000000,0.0030,4640.00,0.730000,0.695000,2019,"Transit"
"HD 218566 b","HD 218566","b",63.56600000,0.20000000,,225.70000000000,0.2800,4730.00,0.760000,0.850000,2010,"Radial Velocity"
"HD 219134 b","HD 219134","b",4.74000000,0.01491363,1.60200000,3.09292600000,0.1100,4699.00,0.810000,0.778000,2015,"Radial Velocity"
"HD 219134 c","HD 219134","c",4.36000000,0.01371803,1.51100000,6.76458000000,0.1100,4699.00,0.810000,0.778000,2015,"Radial Velocity"
"HD 219134 d","HD 219134","d",16.17000000,0.05087625,1.61000000,46.85900000000,0.1100,4699.00,0.810000,0.778000,2015,"Radial Velocity"
"HD 219134 f","HD 219134","f",7.30000000,0.02296825,1.31000000,22.71700000000,0.1100,4699.00,0.810000,0.778000,2015,"Radial Velocity"
"HD 219134 g","HD 219134","g",10.80622000,0.03400000,,94.20000000000,0.0800,4913.00,0.794000,0.770000,2015,"Radial Velocity"
"HD 219134 h","HD 219134","h",108.06220000,0.34000000,,2247.00000000000,0.0800,4913.00,0.794000,0.770000,2015,"Radial Velocity"
"HD 219139 b","HD 219139","b",247.90615746,0.78000000,,275.50000000000,-0.2000,4831.00,1.460000,11.220000,2021,"Radial Velocity"
"HD 219415 b","HD 219415","b",317.83000000,1.00000000,,2093.30000000000,-0.0400,4820.00,1.000000,2.900000,2012,"Radial Velocity"
"HD 220074 b","HD 220074","b",5288.69120000,16.64000000,,672.09998000000,-0.2500,3787.00,2.200000,54.920000,2012,"Radial Velocity"
"HD 220197 b","HD 220197","b",63.56600000,0.20000000,,1728.00000000000,-0.5500,5683.00,0.910000,0.980000,2018,"Radial Velocity"
"HD 220689 b","HD 220689","b",355.33394000,1.11800000,,2266.40000000000,-0.0700,5921.00,1.016000,1.068000,2012,"Radial Velocity"
"HD 220773 b","HD 220773","b",460.80000000,1.45000000,,3724.70000000000,0.0900,5940.00,1.160000,,2011,"Radial Velocity"
"HD 220842 b","HD 220842","b",1010.69940000,3.18000000,,218.47000000000,-0.1700,5960.00,1.130000,,2016,"Radial Velocity"
"HD 221287 b","HD 221287","b",982.05000000,3.09000000,,456.10000000000,-0.0300,6304.00,1.250000,,2007,"Radial Velocity"
"HD 221416 b","HD 221416","b",60.50000000,0.19000000,9.17000000,14.27670000000,-0.0800,5080.00,1.212000,2.943000,2019,"Transit"
"HD 221420 b","HD 221420","b",7278.27052030,22.90000000,,10090.00000000000,0.3300,5847.00,1.351000,1.947000,2019,"Radial Velocity"
"HD 221585 b","HD 221585","b",511.70630000,1.61000000,,1173.00000000000,0.2900,5620.00,1.190000,,2016,"Radial Velocity"
"HD 222076 b","HD 222076","b",495.81480000,1.56000000,,871.00000000000,0.0500,4806.00,1.070000,4.100000,2016,"Radial Velocity"
"HD 222155 b","HD 222155","b",673.79960000,2.12000000,,3999.00000000000,-0.1800,5701.00,1.210000,1.850000,2011,"Radial Velocity"
"HD 222237 b","HD 222237","b",1649.52943233,5.19000000,,14892.00000000000,-0.3200,4751.00,0.760000,0.710000,2024,"Radial Velocity"
"HD 222582 b","HD 222582","b",2660.23710000,8.37000000,,572.38000000000,0.0100,5790.00,1.120000,1.130000,1999,"Radial Velocity"
"HD 224018 b","HD 224018","b",4.10000000,0.01290004,0.91000000,10.64130000000,0.0500,5784.00,1.013000,1.147000,2025,"Radial Velocity"
"HD 224018 c","HD 224018","c",10.40000000,0.03272206,2.42000000,36.57669000000,0.0500,5784.00,1.013000,1.147000,2025,"Transit"
"HD 224018 d","HD 224018","d",4.20000000,0.01321468,2.40000000,138.07310000000,0.0500,5784.00,1.013000,1.147000,2025,"Transit"
"HD 224693 b","HD 224693","b",222.48100000,0.70000000,,26.69040000000,0.2700,5894.00,1.310000,1.930000,2006,"Radial Velocity"
"HD 22496 b","HD 22496","b",5.57000000,0.01752518,,5.09071000000,-0.0800,4385.00,0.684000,0.674000,2021,"Radial Velocity"
"HD 22532 b","HD 22532","b",673.79622284,2.12000000,,872.60000000000,-0.1900,5038.00,1.570000,5.690000,2022,"Radial Velocity"
"HD 22781 b","HD 22781","b",4338.20000000,13.65000000,,528.07000000000,-0.3700,5027.00,0.750000,,2011,"Radial Velocity"
"HD 22946 d","HD 22946","d",26.57000000,0.08359857,2.60700000,47.42489000000,-0.0800,6169.00,1.098000,1.117000,2023,"Transit"
"HD 23079 b","HD 23079","b",845.42356262,2.66000000,,735.74000000000,-0.1290,5994.00,1.160000,1.080000,2001,"Radial Velocity"
"HD 23079 c","HD 23079","c",8.26000000,0.02598887,,5.74891300000,-0.1290,5994.00,1.160000,1.080000,2025,"Radial Velocity"
"HD 23127 b","HD 23127","b",485.32641000,1.52700000,,1211.17000000000,0.2900,5843.00,1.208000,1.490000,2006,"Radial Velocity"
"HD 231701 b","HD 231701","b",359.14790000,1.13000000,,141.63000000000,0.0500,6101.00,1.210000,1.530000,2007,"Radial Velocity"
"HD 233604 b","HD 233604","b",2089.64400000,6.57500000,,192.00000000000,-0.3600,4791.00,1.500000,10.900000,2013,"Radial Velocity"
"HD 233832 b","HD 233832","b",565.73740000,1.78000000,,2058.00000000000,-0.6600,4981.00,0.710000,0.680000,2018,"Radial Velocity"
"HD 23472 b","HD 23472","b",8.32000000,0.02617765,2.00000000,17.66708700000,-0.2000,4684.00,0.670000,0.710000,2019,"Transit"
"HD 23472 c","HD 23472","c",3.41000000,0.01072906,1.87000000,29.79749000000,-0.2000,4684.00,0.670000,0.710000,2019,"Transit"
"HD 23472 d","HD 23472","d",0.55000000,0.00173049,0.75000000,3.97664000000,-0.2000,4684.00,0.670000,0.710000,2022,"Transit"
"HD 23472 e","HD 23472","e",0.72000000,0.00226537,0.81800000,7.90754000000,-0.2000,4684.00,0.670000,0.710000,2022,"Transit"
"HD 23472 f","HD 23472","f",0.77000000,0.00242269,1.13700000,12.16218390000,-0.2000,4684.00,0.670000,0.710000,2022,"Transit"
"HD 235088 b","HD 235088","b",4.15000000,0.01305736,1.98200000,7.43413250000,-0.0200,5075.00,0.849000,0.772000,2023,"Transit"
"HD 238090 b","HD 238090","b",6.89000000,0.02167826,,13.67100000000,-0.0300,3933.00,0.578000,0.570000,2020,"Radial Velocity"
"HD 238914 b","HD 238914","b",1906.98000000,6.00000000,,4100.00000000000,-0.2500,4769.00,1.470000,12.730000,2018,"Radial Velocity"
"HD 240210 b","HD 240210","b",1655.82000000,5.21000000,,501.75000000000,-0.1800,4297.00,0.820000,,2009,"Radial Velocity"
"HD 240237 b","HD 240237","b",5050.31870000,15.89000000,,745.70001000000,-0.2500,3926.00,8.760000,71.230000,2011,"Radial Velocity"
"HD 24040 b","HD 24040","b",1226.82380000,3.86000000,,3668.00000000000,0.1900,5802.00,1.110000,1.300000,2006,"Radial Velocity"
"HD 24040 c","HD 24040","c",63.88350981,0.20100000,,515.40000000000,0.1971,5776.49,1.103940,1.387296,2021,"Radial Velocity"
"HD 24064 b","HD 24064","b",4096.82870000,12.89000000,,535.59998000000,-0.4900,4052.00,1.610000,40.000000,2015,"Radial Velocity"
"HD 25171 b","HD 25171","b",290.81445000,0.91500000,,1802.29000000000,-0.1200,6125.00,1.076000,1.230000,2010,"Radial Velocity"
"HD 25463 b","HD 25463","b",8.70000000,0.02737326,2.54535814,7.04914230000,-0.0180,6353.00,1.251000,1.418200,2023,"Transit"
"HD 25463 c","HD 25463","c",4.30000000,0.01352931,1.36354953,3.04405000000,-0.0180,6353.00,1.251000,1.418200,2023,"Transit"
"HD 25723 b","HD 25723","b",794.57101750,2.50000000,,457.01000000000,-0.0300,4766.00,2.120000,13.760000,2020,"Radial Velocity"
"HD 260655 b","HD 260655","b",2.14000000,0.00673319,1.24000000,2.76953000000,-0.4300,3803.00,0.439000,0.439000,2022,"Transit"
"HD 260655 c","HD 260655","c",3.09000000,0.00972223,1.53300000,5.70588000000,-0.4300,3803.00,0.439000,0.439000,2022,"Transit"
"HD 2638 b","HD 2638","b",133.48860000,0.42000000,,3.44420000000,0.1300,5186.00,0.770000,0.940000,2005,"Radial Velocity"
"HD 2685 b","HD 2685","b",371.86110000,1.17000000,16.14096000,4.12688000000,0.0200,6801.00,1.430000,1.560000,2019,"Transit"
"HD 27442 b","HD 27442","b",495.80000000,1.56000000,,428.10000000000,0.4200,4846.00,1.230000,,2000,"Radial Velocity"
"HD 27631 b","HD 27631","b",474.83802000,1.49400000,,2198.14000000000,-0.1200,5737.00,0.944000,0.923000,2012,"Radial Velocity"
"HD 278555 b","HD 278555","b",266.97586188,0.84000000,11.02963701,28.84243800000,0.2690,6047.00,1.255000,1.624000,2026,"Transit"
"HD 27894 c","HD 27894","c",51.48846000,0.16200000,,36.07000000000,0.3000,,0.800000,,2017,"Radial Velocity"
"HD 27969 b","HD 27969","b",1525.57635360,4.80000000,,654.50000000000,0.1800,5966.00,1.160000,1.270000,2021,"Radial Velocity"
"HD 28109 b","HD 28109","b",6.20000000,0.01950738,2.69000000,22.89105400000,0.1000,6189.00,1.227000,1.425000,2022,"Transit"
"HD 28109 c","HD 28109","c",9.20000000,0.02894644,4.13000000,55.99712000000,0.1000,6189.00,1.227000,1.425000,2022,"Transit"
"HD 28109 d","HD 28109","d",5.80000000,0.01824884,3.11000000,84.28990000000,0.1000,6189.00,1.227000,1.425000,2022,"Transit"
"HD 28185 b","HD 28185","b",1859.29618095,5.85000000,,385.92000000000,0.1900,5602.00,0.974000,1.048000,2001,"Radial Velocity"
"HD 28185 c","HD 28185","c",1906.97044200,6.00000000,,9090.00000000000,0.1900,5602.00,0.974000,1.048000,2022,"Radial Velocity"
"HD 28471 b","HD 28471","b",3.72000000,0.01170443,,3.16490000000,-0.0400,5766.00,0.980000,1.080000,2025,"Radial Velocity"
"HD 28471 c","HD 28471","c",5.72000000,0.01799713,,6.12450000000,-0.0400,5766.00,0.980000,1.080000,2025,"Radial Velocity"
"HD 28471 d","HD 28471","d",4.91000000,0.01544859,,11.68100000000,-0.0400,5766.00,0.980000,1.080000,2025,"Radial Velocity"
"HD 285507 b","HD 285507","b",311.47340000,0.98000000,,6.08810000000,0.1300,4503.00,0.820000,0.690000,2013,"Radial Velocity"
"HD 285968 b","HD 285968","b",8.40000000,0.02600000,,8.78360000000,-0.1000,,0.500000,,2008,"Radial Velocity"
"HD 29021 b","HD 29021","b",1420.69297929,4.47000000,,1365.00000000000,-0.3000,,0.860000,,2017,"Radial Velocity"
"HD 290327 b","HD 290327","b",772.32690000,2.43000000,,2443.00000000000,-0.1400,5505.00,0.840000,0.950000,2009,"Radial Velocity"
"HD 29399 b","HD 29399","b",498.99059899,1.57000000,,892.70000000000,0.1400,4845.00,1.170000,4.500000,2022,"Radial Velocity"
"HD 2952 b","HD 2952","b",284.77425267,0.89600000,,312.08000000000,0.0000,4853.00,1.910000,10.900000,2013,"Radial Velocity"
"HD 30177 b","HD 30177","b",2622.08435775,8.25000000,,2539.00000000000,0.4300,5680.00,0.980000,,2002,"Radial Velocity"
"HD 30177 c","HD 30177","c",1484.25866069,4.67000000,,11320.00000000000,0.4300,5680.00,0.980000,,2016,"Radial Velocity"
"HD 30562 b","HD 30562","b",387.75260000,1.22000000,,1157.00000000000,0.2000,5882.00,1.120000,1.610000,2009,"Radial Velocity"
"HD 30669 b","HD 30669","b",149.37000000,0.47000000,,1684.00000000000,0.1300,5400.00,0.920000,0.910000,2014,"Radial Velocity"
"HD 31253 b","HD 31253","b",197.05460000,0.62000000,,466.00000000000,0.1700,6130.00,1.700000,1.750000,2010,"Radial Velocity"
"HD 31527 b","HD 31527","b",10.47000000,0.03290000,,16.55350000000,-0.1700,5898.00,0.960000,,2019,"Radial Velocity"
"HD 31527 c","HD 31527","c",14.16000000,0.04450000,,51.20530000000,-0.1700,5898.00,0.960000,,2019,"Radial Velocity"
"HD 31527 d","HD 31527","d",11.82000000,0.03720000,,271.67370000000,-0.1700,5898.00,0.960000,,2019,"Radial Velocity"
"HD 3167 b","HD 3167","b",4.84400000,0.01524093,1.60100000,0.95965451000,0.0370,5338.00,0.864000,0.871000,2016,"Transit"
"HD 3167 c","HD 3167","c",11.41000000,0.03589987,2.98300000,29.84651100000,0.0370,5338.00,0.864000,0.871000,2016,"Transit"
"HD 3167 d","HD 3167","d",7.30000000,0.02296837,,8.39670000000,0.0370,5338.00,0.864000,0.871000,2017,"Radial Velocity"
"HD 3167 e","HD 3167","e",14.90000000,0.04688064,,91.90000000000,0.0370,5338.00,0.864000,0.871000,2022,"Radial Velocity"
"HD 32518 b","HD 32518","b",905.49313154,2.84900000,,157.35000000000,-0.1500,4580.00,1.130000,10.220000,2009,"Radial Velocity"
"HD 32963 b","HD 32963","b",222.48100000,0.70000000,,2372.00000000000,0.1100,5727.00,0.940000,,2015,"Radial Velocity"
"HD 330075 b","HD 330075","b",152.55840000,0.48000000,,3.38773000000,0.0500,5000.00,0.470000,0.840000,2004,"Radial Velocity"
"HD 331093 b","HD 331093","b",476.74261050,1.50000000,,621.62000000000,0.1700,5544.00,1.030000,,2021,"Radial Velocity"
"HD 33142 b","HD 33142","b",400.46379282,1.26000000,,330.00000000000,0.0600,5025.40,1.520000,4.170000,2011,"Radial Velocity"
"HD 33142 c","HD 33142","c",282.86728223,0.89000000,,810.20000000000,0.0600,5025.40,1.520000,4.170000,2016,"Radial Velocity"
"HD 33142 d","HD 33142","d",63.56568140,0.20000000,,89.90000000000,0.0600,5025.40,1.520000,4.170000,2022,"Radial Velocity"
"HD 332231 b","HD 332231","b",74.10000000,0.23314467,9.07303305,18.71202400000,0.0430,6128.00,1.164200,1.266000,2020,"Transit"
"HD 33283 b","HD 33283","b",104.56607000,0.32900000,,18.19910000000,0.3500,5935.00,1.380000,1.970000,2006,"Radial Velocity"
"HD 33564 b","HD 33564","b",2892.10000000,9.10000000,,388.00000000000,-0.1200,6250.00,1.250000,,2005,"Radial Velocity"
"HD 33844 b","HD 33844","b",638.83830000,2.01000000,,551.40002000000,0.2700,4861.00,1.840000,5.390000,2015,"Radial Velocity"
"HD 33844 c","HD 33844","c",556.20250000,1.75000000,,916.00000000000,0.2700,4861.00,1.780000,5.290000,2015,"Radial Velocity"
"HD 34445 b","HD 34445","b",260.62060000,0.82000000,,1049.00000000000,0.1800,5879.00,1.140000,1.380000,2009,"Radial Velocity"
"HD 34445 c","HD 34445","c",53.50000000,0.16800000,,214.67000000000,0.1400,5836.00,1.070000,1.380000,2017,"Radial Velocity"
"HD 34445 d","HD 34445","d",30.70000000,0.09700000,,117.87000000000,0.1400,5836.00,1.070000,1.380000,2017,"Radial Velocity"
"HD 34445 e","HD 34445","e",16.80000000,0.05290000,,49.17500000000,0.1400,5836.00,1.070000,1.380000,2017,"Radial Velocity"
"HD 34445 f","HD 34445","f",37.90000000,0.11900000,,676.80000000000,0.1400,5836.00,1.070000,1.380000,2017,"Radial Velocity"
"HD 34445 g","HD 34445","g",120.60000000,0.38000000,,5700.00000000000,0.1400,5836.00,1.070000,1.380000,2017,"Radial Velocity"
"HD 35759 b","HD 35759","b",1195.04080000,3.76000000,,82.46700000000,0.0400,6060.00,1.150000,,2016,"Radial Velocity"
"HD 35843 b","HD 35843","b",5.84000000,0.01837469,,9.89910000000,-0.2700,5666.00,0.940000,0.897000,2025,"Radial Velocity"
"HD 35843 c","HD 35843","c",11.32000000,0.03561670,2.54000000,46.96220000000,-0.2700,5666.00,0.940000,0.897000,2025,"Transit"
"HD 360 b","HD 360","b",238.37130525,0.75000000,,273.10000000000,-0.0600,4770.00,1.690000,10.860000,2021,"Radial Velocity"
"HD 36384 b","HD 36384","b",2097.66748620,6.60000000,,490.00000000000,-0.1600,3940.00,1.140000,38.400000,2023,"Radial Velocity"
"HD 37124 b","HD 37124","b",214.53525000,0.67500000,,154.37800000000,-0.4400,,0.850000,,2002,"Radial Velocity"
"HD 37124 c","HD 37124","c",207.22516000,0.65200000,,885.50000000000,-0.4400,,0.850000,,2002,"Radial Velocity"
"HD 37124 d","HD 37124","d",221.20968000,0.69600000,,1862.00000000000,-0.4400,,0.850000,,2005,"Radial Velocity"
"HD 37605 b","HD 37605","b",854.96270000,2.69000000,,55.01292000000,0.2700,5329.00,0.940000,0.910000,2004,"Radial Velocity"
"HD 37605 c","HD 37605","c",1013.87770000,3.19000000,,2720.00000000000,0.2700,5329.00,0.940000,0.910000,2012,"Radial Velocity"
"HD 3765 b","HD 3765","b",54.98431441,0.17300000,,1211.00000000000,0.1716,5049.80,0.851785,0.830610,2021,"Radial Velocity"
"HD 38283 b","HD 38283","b",127.13200000,0.40000000,,363.20001000000,-0.1800,5981.00,1.370000,1.490000,2010,"Radial Velocity"
"HD 38801 b","HD 38801","b",3082.31534000,9.69800000,,685.25000000000,0.2500,5338.00,1.207000,2.029000,2009,"Radial Velocity"
"HD 39091 b","HD 39091","b",4481.38053870,14.10000000,,2088.80000000000,0.0900,5998.00,1.070000,1.170000,2001,"Radial Velocity"
"HD 40307 b","HD 40307","b",4.00000000,0.01260000,,4.31230000000,-0.3100,4956.00,0.770000,,2009,"Radial Velocity"
"HD 40307 c","HD 40307","c",6.60000000,0.02080000,,9.61840000000,-0.3100,4956.00,0.770000,,2009,"Radial Velocity"
"HD 40307 d","HD 40307","d",9.50000000,0.02990000,,20.43200000000,-0.3100,4956.00,0.770000,,2009,"Radial Velocity"
"HD 40307 f","HD 40307","f",5.20000000,0.01640000,,51.76000000000,-0.3100,4956.00,0.770000,,2013,"Radial Velocity"
"HD 40307 g","HD 40307","g",7.10000000,0.02230000,,197.80000000000,-0.3100,4956.00,0.770000,,2013,"Radial Velocity"
"HD 40956 b","HD 40956","b",858.14100000,2.70000000,,578.60000000000,0.1400,4869.00,2.000000,8.560000,2017,"Radial Velocity"
"HD 40979 b","HD 40979","b",1484.26610000,4.67000000,,264.14999000000,0.2000,6165.00,1.450000,1.210000,2002,"Radial Velocity"
"HD 42012 b","HD 42012","b",508.52800000,1.60000000,,857.50000000000,-0.0900,5405.00,0.830000,0.820000,2017,"Radial Velocity"
"HD 4203 b","HD 4203","b",708.76090000,2.23000000,,431.88000000000,0.4000,5596.00,1.250000,1.420000,2001,"Radial Velocity"
"HD 4203 c","HD 4203","c",689.66000000,2.17000000,,6700.00000000000,0.3400,5582.00,0.990000,1.497950,2014,"Radial Velocity"
"HD 4208 b","HD 4208","b",257.44230000,0.81000000,,832.97000000000,-0.2800,5717.00,0.883000,0.846000,2001,"Radial Velocity"
"HD 42618 b","HD 42618","b",14.40000000,0.04530724,,149.61000000000,-0.0900,5727.00,1.015000,0.999000,2016,"Radial Velocity"
"HD 4308 b","HD 4308","b",15.89150000,0.05000000,,15.56000000000,-0.3500,5686.00,0.930000,1.020000,2005,"Radial Velocity"
"HD 43691 b","HD 43691","b",810.46650000,2.55000000,,36.99870000000,0.3300,6093.00,1.320000,1.600000,2007,"Radial Velocity"
"HD 45184 b","HD 45184","b",12.19000000,0.03840000,,5.88540000000,0.0400,5869.00,1.030000,,2019,"Radial Velocity"
"HD 45184 c","HD 45184","c",8.81000000,0.02770000,,13.13540000000,0.0400,5869.00,1.030000,,2019,"Radial Velocity"
"HD 45350 b","HD 45350","b",568.89000000,1.79000000,,963.60000000000,0.2300,5566.00,0.980000,1.264420,2004,"Radial Velocity"
"HD 45652 b","HD 45652","b",137.62039000,0.43300000,,44.07300000000,0.2600,5294.00,0.920000,0.940000,2008,"Radial Velocity"
"HD 46375 b","HD 46375","b",71.80000000,0.22600000,,3.02357300000,0.2400,5285.00,0.920000,,2000,"Radial Velocity"
"HD 47186 b","HD 47186","b",22.24810000,0.07000000,,4.08450000000,0.2400,5657.00,0.960000,1.080000,2008,"Radial Velocity"
"HD 4732 b","HD 4732","b",631.20721630,1.98600000,,371.74000000000,-0.0100,4898.00,1.390000,5.030000,2012,"Radial Velocity"
"HD 4732 c","HD 4732","c",1069.49258955,3.36500000,,3184.20000000000,-0.0100,4898.00,1.390000,5.030000,2012,"Radial Velocity"
"HD 47366 b","HD 47366","b",661.71874337,2.08200000,,360.08000000000,-0.0200,4866.00,1.810000,7.300000,2016,"Radial Velocity"
"HD 47366 c","HD 47366","c",483.73483545,1.52200000,,677.53000000000,-0.0200,4866.00,1.810000,7.300000,2016,"Radial Velocity"
"HD 4760 b","HD 4760","b",4417.83700000,13.90000000,,434.00000000000,-0.9100,4076.00,1.050000,42.400000,2021,"Radial Velocity"
"HD 48265 b","HD 48265","b",484.69075000,1.52500000,,778.51000000000,0.3000,5733.00,1.312000,1.901000,2008,"Radial Velocity"
"HD 48265 c","HD 48265","c",1414.33641115,4.45000000,,10418.00000000000,0.3900,5805.00,1.380000,,2026,"Radial Velocity"
"HD 48948 b","HD 48948","b",4.88000000,0.01535420,,7.34013000000,-0.2100,4593.00,0.686000,0.679000,2024,"Radial Velocity"
"HD 48948 c","HD 48948","c",7.27000000,0.02287398,,38.06000000000,-0.2100,4593.00,0.686000,0.679000,2024,"Radial Velocity"
"HD 48948 d","HD 48948","d",10.59000000,0.03331987,,151.92000000000,-0.2100,4593.00,0.686000,0.679000,2024,"Radial Velocity"
"HD 49674 b","HD 49674","b",31.78300000,0.10000000,,4.94737000000,0.3200,5602.00,1.030000,1.020000,2002,"Radial Velocity"
"HD 50499 b","HD 50499","b",519.96988000,1.63600000,,2447.10000000000,0.2600,6102.00,1.253000,1.351000,2005,"Radial Velocity"
"HD 50499 c","HD 50499","c",931.24190000,2.93000000,,8619.90000000000,0.3800,6099.00,1.310000,1.420000,2019,"Radial Velocity"
"HD 50554 b","HD 50554","b",1859.29618095,5.85000000,,1240.00000000000,0.0200,6050.00,1.100000,,2002,"Radial Velocity"
"HD 50554 c","HD 50554","c",5.30000000,0.01667566,1.31000000,5.96936200000,-0.0200,5968.00,1.040000,1.146000,2026,"Transit"
"HD 50554 d","HD 50554","d",10.40000000,0.03272206,1.41000000,28.06940000000,-0.0200,5968.00,1.040000,1.146000,2026,"Transit"
"HD 51608 b","HD 51608","b",12.77000000,0.04020000,,14.07260000000,-0.0700,5358.00,0.800000,,2019,"Radial Velocity"
"HD 51608 c","HD 51608","c",14.31000000,0.04500000,,95.94460000000,-0.0700,5358.00,0.800000,,2019,"Radial Velocity"
"HD 5278 b","HD 5278","b",7.80000000,0.02454154,2.45000000,14.33915600000,-0.1200,6203.00,1.126000,1.194000,2021,"Transit"
"HD 5278 c","HD 5278","c",18.40000000,0.05789287,,40.87000000000,-0.1200,6203.00,1.126000,1.194000,2021,"Radial Velocity"
"HD 55696 b","HD 55696","b",1230.00210000,3.87000000,,1827.00000000000,0.3700,6012.00,1.290000,1.520000,2018,"Radial Velocity"
"HD 5583 b","HD 5583","b",1837.05740000,5.78000000,,139.35000000000,-0.5000,4830.00,1.010000,9.090000,2016,"Radial Velocity"
"HD 5608 b","HD 5608","b",371.22357938,1.16800000,,768.70000000000,0.0400,4807.00,1.290000,5.430000,2012,"Radial Velocity"
"HD 564 b","HD 564","b",104.88000000,0.33000000,,492.30000000000,-0.2000,5902.00,0.961000,1.010000,2014,"Radial Velocity"
"HD 5891 b","HD 5891","b",2425.04290000,7.63000000,,177.11000000000,-0.3700,4673.00,1.930000,10.640000,2011,"Radial Velocity"
"HD 59686 A b","HD 59686 A","b",2199.38360000,6.92000000,,299.36000000000,0.1500,4658.00,1.900000,13.200000,2016,"Radial Velocity"
"HD 60292 b","HD 60292","b",2065.89500000,6.50000000,,495.40000000000,-0.1700,4348.00,1.700000,27.000000,2020,"Radial Velocity"
"HD 60532 b","HD 60532","b",336.89980000,1.06000000,,201.90000000000,-0.2600,6245.00,1.500000,2.570000,2008,"Radial Velocity"
"HD 60532 c","HD 60532","c",797.75330000,2.51000000,,600.10000000000,-0.2600,6245.00,1.500000,2.570000,2008,"Radial Velocity"
"HD 6061 b","HD 6061","b",10.00000000,0.03146352,2.42763557,5.25490000000,-0.0500,5934.00,1.026900,1.007200,2023,"Transit"
"HD 60779 b","HD 60779","b",14.19000000,0.04464673,3.24600000,29.98617500000,-0.1200,6081.00,1.050000,1.129000,2026,"Transit"
"HD 60779 c","HD 60779","c",28.30000000,0.08904176,,104.79000000000,-0.1200,6081.00,1.050000,1.129000,2026,"Radial Velocity"
"HD 62364 b","HD 62364","b",5965.63919939,18.77000000,,5138.00000000000,-0.1100,6255.00,1.157000,1.401000,2022,"Radial Velocity"
"HD 62509 b","HD 62509","b",731.00000000,2.30000000,,589.64000000000,0.1027,4892.63,,,2006,"Radial Velocity"
"HD 63433 b","HD 63433","b",21.75500000,0.06844888,2.14000000,7.10794750000,-0.0700,5553.00,0.956000,0.934000,2020,"Transit"
"HD 63433 c","HD 63433","c",15.53900000,0.04889116,2.69200000,20.54382810000,-0.0700,5553.00,0.956000,0.934000,2020,"Transit"
"HD 63454 b","HD 63454","b",79.45750000,0.25000000,,2.81805000000,0.1000,4812.00,0.420000,0.770000,2005,"Radial Velocity"
"HD 63765 b","HD 63765","b",168.44990000,0.53000000,,358.00000000000,-0.1600,5449.00,0.650000,0.830000,2011,"Radial Velocity"
"HD 63935 b","HD 63935","b",10.50000000,0.03303669,2.91575244,9.05880700000,0.1070,5513.00,0.940600,0.959800,2021,"Transit"
"HD 63935 c","HD 63935","c",11.10000000,0.03492451,3.06451296,21.40270000000,0.1070,5513.00,0.940600,0.959800,2021,"Radial Velocity"
"HD 64121 b","HD 64121","b",813.64072192,2.56000000,,623.00000000000,-0.2100,5078.00,1.640000,5.440000,2022,"Radial Velocity"
"HD 6434 b","HD 6434","b",155.73670000,0.49000000,,21.99800000000,-0.5500,5769.00,1.100000,1.120000,2003,"Radial Velocity"
"HD 66141 b","HD 66141","b",1906.90000000,6.00000000,,480.50000000000,-0.3230,4323.00,1.100000,21.400000,2012,"Radial Velocity"
"HD 67087 b","HD 67087","b",973.00000000,3.06000000,,352.20000000000,0.2500,6330.00,1.360000,1.550000,2015,"Radial Velocity"
"HD 67087 c","HD 67087","c",1540.00000000,4.85000000,,2374.00000000000,0.2500,6330.00,1.360000,1.550000,2015,"Radial Velocity"
"HD 68402 b","HD 68402","b",975.73810000,3.07000000,,1103.00000000000,0.2900,5950.00,1.120000,1.020000,2016,"Radial Velocity"
"HD 68475 b","HD 68475","b",1639.99458012,5.16000000,,7832.00000000000,0.0700,5022.00,0.830000,,2026,"Radial Velocity"
"HD 6860 b","HD 6860","b",8981.83078182,28.26000000,,663.87000000000,-0.0300,3802.00,2.490000,86.400000,2023,"Radial Velocity"
"HD 68988 b","HD 68988","b",626.12510000,1.97000000,,6.27711000000,0.3500,5932.00,1.280000,1.190000,2001,"Radial Velocity"
"HD 68988 c","HD 68988","c",4767.42610500,15.00000000,,16000.00000000000,0.3052,5883.41,1.171665,1.255733,2021,"Radial Velocity"
"HD 69123 b","HD 69123","b",966.19835728,3.04000000,,1193.30000000000,0.0500,4842.00,1.680000,7.720000,2022,"Radial Velocity"
"HD 69830 b","HD 69830","b",10.20000000,0.03210000,,8.66700000000,-0.0500,5385.00,0.860000,,2006,"Radial Velocity"
"HD 69830 c","HD 69830","c",11.80000000,0.03710000,,31.56000000000,-0.0500,5385.00,0.860000,,2006,"Radial Velocity"
"HD 69830 d","HD 69830","d",18.10000000,0.05700000,,197.00000000000,-0.0500,5385.00,0.860000,,2006,"Radial Velocity"
"HD 70573 b","HD 70573","b",1900.00000000,6.10000000,,851.80000000000,-0.1800,5737.00,1.000000,,2007,"Radial Velocity"
"HD 70642 b","HD 70642","b",633.43519000,1.99300000,,2124.54000000000,0.2200,5732.00,1.078000,0.984000,2003,"Radial Velocity"
"HD 715 b","HD 715","b",201.82103844,0.63500000,11.99360935,56.40000000000,0.0900,6070.00,1.600000,2.500000,2026,"Transit"
"HD 7199 b","HD 7199","b",85.81410000,0.27000000,,615.00000000000,0.3200,5371.00,0.770000,0.970000,2011,"Radial Velocity"
"HD 72659 b","HD 72659","b",906.12878836,2.85100000,,3549.00000000000,-0.0200,5929.00,1.033000,1.360000,2002,"Radial Velocity"
"HD 72659 c","HD 72659","c",6165.87109580,19.40000000,,35500.00000000000,-0.0200,5929.00,1.033000,1.360000,2022,"Radial Velocity"
"HD 73344 b","HD 73344","b",10.48000000,0.03297377,2.88400000,15.61100000000,0.1430,6252.60,1.200000,1.220000,2024,"Transit"
"HD 73344 c","HD 73344","c",118.54999581,0.37300000,,65.94000000000,0.1600,6148.00,1.190000,1.220000,2025,"Radial Velocity"
"HD 73344 d","HD 73344","d",810.46243785,2.55000000,,5823.00000000000,0.1600,6148.00,1.190000,1.220000,2025,"Radial Velocity"
"HD 73526 b","HD 73526","b",978.91640000,3.08000000,,188.30000000000,0.2200,5601.00,1.140000,1.530000,2002,"Radial Velocity"
"HD 73583 b","HD 73583","b",10.20000000,0.03209279,2.79000000,6.39804200000,0.0000,4511.00,0.730000,0.650000,2022,"Transit"
"HD 73583 c","HD 73583","c",9.70000000,0.03051961,2.39000000,18.87974000000,0.0000,4511.00,0.730000,0.650000,2022,"Transit"
"HD 74698 b","HD 74698","b",23.00000000,0.07000000,,15.01700000000,0.0700,5783.00,1.039000,1.333000,2023,"Radial Velocity"
"HD 74698 c","HD 74698","c",126.00000000,0.40000000,,3449.00000000000,0.0700,5783.00,1.039000,1.333000,2023,"Radial Velocity"
"HD 75289 b","HD 75289","b",155.73670000,0.49000000,,3.50927000000,0.2600,6117.00,1.290000,1.230000,1999,"Radial Velocity"
"HD 75898 b","HD 75898","b",810.46243785,2.55000000,,422.82000000000,0.2900,6122.00,1.295000,,2007,"Radial Velocity"
"HD 75898 c","HD 75898","c",2698.36317543,8.49000000,,6717.00000000000,0.2900,6122.00,1.295000,,2024,"Radial Velocity"
"HD 76700 b","HD 76700","b",66.74430000,0.21000000,,3.97097000000,0.3100,5644.00,0.990000,1.370000,2002,"Radial Velocity"
"HD 76920 b","HD 76920","b",994.80291391,3.13000000,,415.89100000000,-0.1900,4664.00,1.000000,8.330000,2017,"Radial Velocity"
"HD 77338 b","HD 77338","b",19.06980000,0.06000000,,5.73610000000,0.3200,5341.00,1.370000,0.970000,2012,"Radial Velocity"
"HD 77946 b","HD 77946","b",10.90000000,0.03429524,2.89646124,6.52736300000,0.2150,6007.00,1.197300,1.317400,2024,"Transit"
"HD 79181 b","HD 79181","b",203.41018048,0.64000000,,273.10000000000,-0.2800,4862.00,1.280000,11.060000,2021,"Radial Velocity"
"HD 7924 b","HD 7924","b",6.35660000,0.02000000,,5.39792000000,-0.2100,5131.00,0.650000,0.780000,2008,"Radial Velocity"
"HD 7924 c","HD 7924","c",7.86000000,0.02473020,,15.29900000000,-0.1500,5075.00,0.832000,0.782100,2015,"Radial Velocity"
"HD 7924 d","HD 7924","d",6.44000000,0.02026240,,24.45100000000,-0.1500,5075.00,0.832000,0.782100,2015,"Radial Velocity"
"HD 79498 b","HD 79498","b",425.89220000,1.34000000,,1807.00000000000,0.1800,5748.00,1.080000,1.050000,2011,"Radial Velocity"
"HD 80606 b","HD 80606","b",1323.46926959,4.16410000,11.56766808,111.43676500000,0.3500,5565.00,1.050000,1.050000,2001,"Radial Velocity"
"HD 80653 b","HD 80653","b",5.61000000,0.01765103,1.62100000,0.71957926000,0.2550,5959.00,1.150000,1.199000,2020,"Transit"
"HD 81040 b","HD 81040","b",2301.07766668,7.24000000,,1002.70000000000,-0.0400,,0.990000,,2005,"Radial Velocity"
"HD 81688 b","HD 81688","b",525.68818518,1.65400000,,183.93000000000,-0.3200,4797.00,1.070000,11.130000,2007,"Radial Velocity"
"HD 82886 b","HD 82886","b",740.54390000,2.33000000,,705.00000000000,-0.3100,4953.00,2.530000,5.260000,2011,"Radial Velocity"
"HD 82943 b","HD 82943","b",534.25000000,1.68100000,,441.47000000000,0.2600,5935.00,1.080000,1.182600,2003,"Radial Velocity"
"HD 82943 c","HD 82943","c",622.60300000,1.95900000,,220.07800000000,0.2600,5935.00,1.080000,1.182600,2003,"Radial Velocity"
"HD 83443 b","HD 83443","b",127.76701961,0.40200000,,2.98562800000,0.3400,5442.00,1.000000,0.940000,2002,"Radial Velocity"
"HD 83443 c","HD 83443","c",476.74261050,1.50000000,,8241.00000000000,0.3400,5442.00,1.000000,0.940000,2022,"Radial Velocity"
"HD 8535 b","HD 8535","b",216.12440000,0.68000000,,1313.00000000000,0.0600,6136.00,1.130000,1.190000,2010,"Radial Velocity"
"HD 85426 c","TOI-1774","c",10.30000000,0.03240742,,35.73000000000,-0.0200,5746.00,0.991000,1.130300,2026,"Radial Velocity"
"HD 8574 b","HD 8574","b",645.19490000,2.03000000,,227.00000000000,0.0100,6064.00,1.340000,1.380000,2002,"Radial Velocity"
"HD 86081 b","HD 86081","b",470.38840000,1.48000000,,2.13784310000,0.2200,5939.00,1.210000,1.460000,2006,"Radial Velocity"
"HD 86226 b","HD 86226","b",143.02350000,0.45000000,,1628.00000000000,0.0180,5863.00,1.019000,1.053000,2009,"Radial Velocity"
"HD 86226 c","HD 86226","c",7.25000000,0.02281094,2.16000000,3.98442000000,0.0180,5863.00,1.019000,1.053000,2020,"Transit"
"HD 86728 b","HD 86728","b",9.43000000,0.02967010,,31.15150000000,0.2000,5610.00,0.967000,1.237000,2025,"Radial Velocity"
"HD 86950 b","HD 86950","b",1144.18800000,3.60000000,,1270.00000000000,0.0400,4805.00,1.660000,8.800000,2016,"Radial Velocity"
"HD 87646 b","HD 87646","b",3941.09200000,12.40000000,,13.48100000000,-0.1700,5770.00,1.120000,1.550000,2016,"Radial Velocity"
"HD 87816 b","HD 87816","b",2142.16346318,6.74000000,,484.17000000000,0.1400,4989.00,2.410000,9.000000,2025,"Radial Velocity"
"HD 87816 c","HD 87816","c",3877.50656540,12.20000000,,7596.00000000000,0.1400,4989.00,2.410000,9.000000,2025,"Radial Velocity"
"HD 87883 b","HD 87883","b",2005.49724817,6.31000000,,3006.00000000000,0.1100,,0.800000,,2009,"Radial Velocity"
"HD 88986 b","HD 88986","b",17.20000000,0.05411725,2.49000000,146.05000000000,0.0600,5861.00,1.250000,1.543000,2023,"Radial Velocity"
"HD 89307 b","HD 89307","b",670.62130000,2.11000000,,2166.00000000000,-0.1300,5955.00,1.270000,1.100000,2009,"Radial Velocity"
"HD 89345 b","HD 89345","b",34.96130000,0.11000000,7.39794000,11.81430000000,0.4210,5576.00,1.157000,1.747000,2018,"Transit"
"HD 90156 b","HD 90156","b",17.98000000,0.05700000,,49.77000000000,-0.2400,5599.00,0.840000,,2011,"Radial Velocity"
"HD 9174 b","HD 9174","b",352.79130000,1.11000000,,1179.00000000000,0.3900,5577.00,1.030000,1.670000,2016,"Radial Velocity"
"HD 92788 b","HD 92788","b",1195.04080000,3.76000000,,325.80300000000,0.2700,5744.00,1.150000,1.140000,2000,"Radial Velocity"
"HD 92788 c","HD 92788","c",1166.43610000,3.67000000,,11611.29750000000,0.2700,5744.00,1.150000,1.140000,2019,"Radial Velocity"
"HD 93083 b","HD 93083","b",143.34061156,0.45100000,,144.72000000000,0.1300,5033.80,0.836000,0.837000,2005,"Radial Velocity"
"HD 93385 b","HD 93385","b",4.20000000,0.01321468,,7.34260000000,0.0200,5977.00,1.040000,,2021,"Radial Velocity"
"HD 93385 c","HD 93385","c",7.10000000,0.02233910,,13.18000000000,0.0200,5977.00,1.040000,,2021,"Radial Velocity"
"HD 93385 d","HD 93385","d",8.70000000,0.02737326,,45.85000000000,0.0200,5977.00,1.040000,,2021,"Radial Velocity"
"HD 93963 A b","HD 93963 A","b",2.80000000,0.00880979,1.46954368,1.03761090000,0.1100,5908.00,1.084400,1.031100,2022,"Transit"
"HD 93963 A c","HD 93963 A","c",18.40000000,0.05789287,3.11976057,3.64513890000,0.1100,5908.00,1.084400,1.031100,2022,"Transit"
"HD 9446 b","HD 9446","b",222.47200000,0.70000000,,30.05200000000,0.0900,5793.00,1.000000,1.000000,2009,"Radial Velocity"
"HD 9446 c","HD 9446","c",578.42600000,1.82000000,,192.90000000000,0.0900,5793.00,1.000000,1.000000,2009,"Radial Velocity"
"HD 94771 b","HD 94771","b",169.00000000,0.53000000,,2164.00000000000,0.2200,5631.00,1.200000,1.903000,2023,"Radial Velocity"
"HD 94890 b","HD 94890","b",676.97450691,2.13000000,,824.61000000000,-0.0200,4867.00,1.740000,10.710000,2025,"Radial Velocity"
"HD 94890 c","HD 94890","c",2831.85110637,8.91000000,,2492.19000000000,-0.0200,4867.00,1.740000,10.710000,2025,"Radial Velocity"
"HD 95127 b","HD 95127","b",3378.53290000,10.63000000,,482.00000000000,-0.1800,4218.00,3.700000,41.010000,2015,"Radial Velocity"
"HD 95735 c","GJ 411","c",13.60000000,0.04279039,,2946.00000000000,-0.3621,3719.00,0.389900,0.368500,2021,"Radial Velocity"
"HD 95872 b","HD 95872","b",1188.68420000,3.74000000,,4375.00000000000,0.4100,5312.00,0.700000,0.840000,2015,"Radial Velocity"
"HD 96700 b","HD 96700","b",8.90000000,0.02800253,,8.12450000000,-0.1800,5845.00,0.890000,,2021,"Radial Velocity"
"HD 96700 c","HD 96700","c",3.50000000,0.01101223,,19.88000000000,-0.1800,5845.00,0.890000,,2021,"Radial Velocity"
"HD 96700 d","HD 96700","d",12.70000000,0.03995867,,103.50000000000,-0.1800,5845.00,0.890000,,2021,"Radial Velocity"
"HD 96992 b","HD 96992","b",362.32620000,1.14000000,,514.00000000000,-0.4500,4725.00,0.960000,7.430000,2021,"Radial Velocity"
"HD 97658 b","HD 97658","b",8.30000000,0.02611472,2.12000000,9.48971160000,-0.2300,5212.00,0.850000,0.728000,2010,"Radial Velocity"
"HD 98649 b","HD 98649","b",3082.93554790,9.70000000,,5384.00000000000,-0.0600,,0.970000,,2012,"Radial Velocity"
"HD 98736 b","HD 98736","b",740.54390000,2.33000000,,968.80000000000,0.3600,5271.00,0.920000,0.930000,2018,"Radial Velocity"
"HD 99109 b","HD 99109","b",139.84520000,0.44000000,,439.29999000000,0.3500,5282.00,0.760000,0.980000,2005,"Radial Velocity"
"HD 99283 b","HD 99283","b",308.29355479,0.97000000,,310.40000000000,-0.1600,4886.00,1.760000,11.210000,2021,"Radial Velocity"
"HD 99492 b","HD 99492","b",25.50000000,0.08023197,,17.05030000000,0.3000,4929.00,0.850000,,2004,"Radial Velocity"
"HD 99492 c","HD 99492","c",17.90000000,0.05631970,,95.23300000000,0.3000,4929.00,0.850000,,2023,"Radial Velocity"
"HIP 10090 b","HIP 10090","b",1229.99593509,3.87000000,,2960.00000000000,0.4700,5661.00,0.940000,,2026,"Radial Velocity"
"HIP 10090 c","HIP 10090","c",270.15414595,0.85000000,,321.82000000000,0.4700,5661.00,0.940000,,2026,"Radial Velocity"
"HIP 105854 b","HIP 105854","b",2606.10000000,8.20000000,,184.20000000000,0.3100,4780.00,2.100000,,2014,"Radial Velocity"
"HIP 107773 b","HIP 107773","b",629.30340000,1.98000000,,144.30000000000,0.0300,4945.00,2.420000,11.600000,2015,"Radial Velocity"
"HIP 109384 b","HIP 109384","b",495.81480000,1.56000000,,499.48000000000,-0.2600,5180.00,0.780000,,2016,"Radial Velocity"
"HIP 109600 b","HIP 109600","b",851.78440000,2.68000000,,232.08000000000,-0.1200,5530.00,0.870000,,2016,"Radial Velocity"
"HIP 111909 b","HIP 111909","b",384.57237247,1.21000000,,487.08000000000,-0.0100,4891.00,1.280000,4.530000,2025,"Radial Velocity"
"HIP 111909 c","HIP 111909","c",257.44100967,0.81000000,,893.63000000000,-0.0100,4891.00,1.280000,4.530000,2025,"Radial Velocity"
"HIP 114933 b","HIP 114933","b",616.58710958,1.94000000,,1481.60000000000,0.0600,4823.00,1.390000,5.270000,2021,"Radial Velocity"
"HIP 116454 b","HIP 116454","b",9.70000000,0.03051961,2.46900000,9.10041570000,0.0000,5048.00,0.800000,0.758000,2014,"Transit"
"HIP 12961 b","HIP 12961","b",114.41880000,0.36000000,,57.43500000000,-0.1400,3901.00,0.690000,0.650000,2010,"Radial Velocity"
"HIP 14810 b","HIP 14810","b",1239.53700000,3.90000000,,6.67389200000,0.2400,5544.00,1.010000,1.070000,2005,"Radial Velocity"
"HIP 14810 c","HIP 14810","c",416.35730000,1.31000000,,147.74700000000,0.2400,5544.00,1.010000,1.070000,2006,"Radial Velocity"
"HIP 14810 d","HIP 14810","d",187.51970000,0.59000000,,981.80000000000,0.2400,5544.00,1.010000,1.070000,2009,"Radial Velocity"
"HIP 18606 b","HIP 18606","b",244.72787339,0.77000000,,674.94000000000,-0.0100,4860.00,1.210000,4.830000,2025,"Radial Velocity"
"HIP 21152 b","HIP 21152","b",7627.88176800,24.00000000,,22000.00000000000,0.1300,6655.00,1.400000,,2022,"Imaging"
"HIP 29442 c","TOI-469","c",4.50000000,0.01415858,1.55100000,3.53795590000,0.2400,5289.00,0.901000,0.980000,2023,"Radial Velocity"
"HIP 29442 d","TOI-469","d",5.14000000,0.01617225,1.53800000,6.42957500000,0.2400,5289.00,0.901000,0.980000,2023,"Radial Velocity"
"HIP 39017 b","HIP 39017","b",7500.75040520,23.60000000,,31000.00000000000,-0.2600,,1.520000,,2024,"Imaging"
"HIP 39330 b","HIP 39330","b",530.77343969,1.67000000,,4650.00000000000,0.1600,5748.00,0.960000,,2026,"Radial Velocity"
"HIP 41378 b","HIP 41378","b",6.90000000,0.02170983,2.64000000,15.57209000000,-0.0500,6290.00,1.220000,1.300000,2016,"Transit"
"HIP 41378 c","HIP 41378","c",5.97000000,0.01878372,2.74000000,31.70591000000,-0.0500,6290.00,1.220000,1.300000,2016,"Transit"
"HIP 41378 d","HIP 41378","d",6.53000000,0.02054568,3.65000000,278.36180000000,-0.0500,6290.00,1.220000,1.300000,2016,"Transit"
"HIP 41378 e","HIP 41378","e",7.62000000,0.02397520,5.19000000,393.00000000000,-0.0500,6290.00,1.220000,1.300000,2016,"Transit"
"HIP 41378 f","HIP 41378","f",25.00000000,0.07865880,9.47000000,542.07970000000,-0.0500,6290.00,1.220000,1.300000,2016,"Transit"
"HIP 41378 g","HIP 41378","g",5.75000000,0.01809152,,63.19000000000,-0.0500,6290.00,1.220000,1.300000,2025,"Radial Velocity"
"HIP 5158 b","HIP 5158","b",451.00000000,1.42000000,,345.72000000000,0.1000,4962.00,0.780000,,2009,"Radial Velocity"
"HIP 5158 c","HIP 5158","c",4780.16320000,15.04000000,,9017.76000000000,0.1700,4813.00,0.780000,0.754089,2011,"Radial Velocity"
"HIP 57274 b","HIP 57274","b",6.35660000,0.02000000,,8.13520000000,0.0100,4510.00,0.290000,0.780000,2011,"Radial Velocity"
"HIP 57274 c","HIP 57274","c",130.00000000,0.40902369,,32.03000000000,0.0900,4640.00,0.730000,0.680000,2011,"Radial Velocity"
"HIP 57274 d","HIP 57274","d",167.40000000,0.52670000,,431.70000000000,0.0900,4640.00,0.730000,0.680000,2011,"Radial Velocity"
"HIP 63242 b","HIP 63242","b",2917.56000000,9.18000000,,124.60000000000,-0.3100,4830.00,1.540000,,2013,"Radial Velocity"
"HIP 65 A b","HIP 65 A","b",1021.18779000,3.21300000,22.75427000,0.98097340000,0.1800,4590.00,0.781000,0.724200,2020,"Transit"
"HIP 65407 b","HIP 65407","b",136.03124000,0.42800000,,28.12500000000,0.2500,5460.00,0.930000,,2016,"Radial Velocity"
"HIP 65407 c","HIP 65407","c",249.17872000,0.78400000,,67.30000000000,0.2500,5460.00,0.930000,,2016,"Radial Velocity"
"HIP 66074 b","HIP 66074","b",1589.14203500,5.00000000,,310.90000000000,0.1200,4300.00,0.705000,0.690000,2023,"Astrometry"
"HIP 67851 b","HIP 67851","b",365.50266805,1.15000000,,89.23000000000,0.0100,4840.00,1.280000,5.450000,2015,"Radial Velocity"
"HIP 67851 c","HIP 67851","c",1579.60718279,4.97000000,,3128.41000000000,0.0100,4840.00,1.280000,5.450000,2015,"Radial Velocity"
"HIP 74890 b","HIP 74890","b",762.79200000,2.40000000,,822.30000000000,0.2000,4850.00,1.740000,5.770000,2016,"Radial Velocity"
"HIP 75092 b","HIP 75092","b",568.91284853,1.79000000,,926.40000000000,-0.0100,4891.00,1.280000,4.530000,2021,"Radial Velocity"
"HIP 79431 b","HIP 79431","b",667.41500000,2.10000000,,111.70000000000,0.4000,3191.00,0.490000,,2009,"Radial Velocity"
"HIP 8152 b","HIP 8152","b",8.90000000,0.02800253,2.53625843,10.75101400000,0.0070,5618.00,0.937300,0.960300,2023,"Transit"
"HIP 8152 c","HIP 8152","c",10.70000000,0.03366596,2.52442508,19.60562000000,0.0070,5618.00,0.937300,0.960300,2023,"Transit"
"HIP 81991 b","HIP 81991","b",3019.36986650,9.50000000,,5860.00000000000,-0.2700,5100.00,1.090000,,2026,"Radial Velocity"
"HIP 8923 b","HIP 8923","b",3171.92750186,9.98000000,,5160.00000000000,0.4200,5980.00,1.010000,,2026,"Radial Velocity"
"HIP 91258 b","HIP 91258","b",346.43470000,1.09000000,,5.05050000000,0.2300,5519.00,0.970000,0.890000,2013,"Radial Velocity"
"HIP 94235 b","HIP 94235","b",379.00000000,1.19246736,3.00000000,7.71305700000,0.0000,5991.00,1.094000,1.080000,2022,"Transit"
"HIP 9618 b","HIP 9618","b",8.30000000,0.02611472,3.82838127,20.77285800000,-0.0180,5649.00,0.942000,0.959300,2023,"Transit"
"HIP 9618 c","HIP 9618","c",7.00000000,0.02202446,3.42855926,52.56363000000,-0.0180,5649.00,0.942000,0.959300,2023,"Transit"
"HIP 97166 b","HIP 97166","b",19.10000000,0.06009532,2.48013380,10.28891400000,0.2480,5216.00,0.934200,0.841800,2021,"Transit"
"HIP 97166 c","HIP 97166","c",8.00000000,0.02517081,,16.43200000000,0.2480,5216.00,0.934200,0.841800,2021,"Radial Velocity"
"HIP 98599 b","HIP 98599","b",2177.12458795,6.85000000,,2656.00000000000,-0.1200,5978.00,1.190000,,2026,"Radial Velocity"
"HN Lib b","HN Lib","b",5.46000000,0.01717908,,36.11600000000,-0.1800,3347.00,0.291000,0.299000,2023,"Radial Velocity"
"HR 2562 b","HR 2562","b",6992.22495400,22.00000000,,,0.0200,,1.300000,,2016,"Imaging"
"HR 5183 b","HR 5183","b",1026.59090000,3.23000000,,27000.00000000000,0.1000,5794.00,1.070000,1.530000,2019,"Radial Velocity"
"HR 810 b","HR 810","b",721.47410000,2.27000000,,302.79999000000,0.1600,6167.00,1.340000,1.130000,1999,"Radial Velocity"
"HR 858 b","HR 858","b",3.55000000,0.01116955,2.00400000,3.58528700000,0.0250,6354.00,1.204000,1.258000,2019,"Transit"
"HR 858 c","HR 858","c",3.80000000,0.01195614,1.97900000,5.97386500000,0.0250,6354.00,1.204000,1.258000,2019,"Transit"
"HR 858 d","HR 858","d",7.10000000,0.02233910,2.00100000,11.23051100000,0.0250,6354.00,1.204000,1.258000,2019,"Transit"
"HR 8799 b","HR 8799","b",2000.00000000,7.00000000,13.00000000,170000.00000000000,-0.4700,,1.500000,,2008,"Imaging"
"HR 8799 c","HR 8799","c",3000.00000000,10.00000000,13.00000000,69000.00000000000,-0.4700,,1.500000,,2008,"Imaging"
"HR 8799 d","HR 8799","d",3000.00000000,10.00000000,13.00000000,37000.00000000000,-0.4700,,1.500000,,2008,"Imaging"
"HR 8799 e","HR 8799","e",3178.30000000,10.00000000,13.11453000,,-0.5000,7400.00,,,2010,"Imaging"
"HS Psc b","HS Psc","b",464.02947422,1.46000000,,3.98600000000,-0.0500,4203.00,0.690000,0.650000,2024,"Radial Velocity"
"IC 4651 9122 b","IC 4651 9122","b",2002.32900000,6.30000000,,734.00000000000,0.1200,,2.100000,,2018,"Radial Velocity"
"K2-10 b","K2-10","b",25.20000000,0.07928807,3.77300000,19.30553000000,-0.0700,5533.00,0.880000,0.956000,2015,"Transit"
"K2-100 b","K2-100","b",21.80000000,0.06859047,3.88000000,1.67390350000,0.2200,5945.00,1.150000,1.240000,2016,"Transit"
"K2-105 b","K2-105","b",15.40000000,0.04845382,3.40000000,8.26726000000,0.2200,5373.00,0.940000,0.905000,2017,"Transit"
"K2-110 b","K2-110","b",15.90000000,0.05002699,2.59200000,13.86375000000,-0.3400,5010.00,0.738000,0.713000,2017,"Transit"
"K2-111 b","K2-111","b",5.35000000,0.01683298,1.83700000,5.35189630000,-0.4600,5775.00,0.840000,1.250000,2017,"Transit"
"K2-111 c","K2-111","c",11.10000000,0.03492451,,15.67480000000,-0.4600,5775.00,0.840000,1.250000,2020,"Radial Velocity"
"K2-114 b","K2-114","b",638.83509807,2.01000000,10.59248676,11.39093100000,0.4200,4899.00,0.863000,0.832000,2017,"Transit"
"K2-115 b","K2-115","b",321.00669107,1.01000000,11.80305668,20.27299140000,-0.1980,5870.00,0.918000,0.855000,2017,"Transit"
"K2-12 b","K2-12","b",5.20000000,0.01636103,2.44000000,8.28246000000,0.0000,5672.00,0.965000,1.117000,2015,"Transit"
"K2-121 b","K2-121","b",51.00000000,0.16046394,7.16000000,5.18573800000,0.0400,4526.00,0.710000,0.675000,2017,"Transit"
"K2-131 b","K2-131","b",7.90000000,0.02485618,1.69000000,0.36930380000,-0.0400,5120.00,0.803000,0.759500,2017,"Transit"
"K2-132 b","K2-132","b",155.73670000,0.49000000,14.57170000,9.17510000000,-0.0100,4840.00,1.080000,3.850000,2017,"Transit"
"K2-136 b","K2-136","b",4.30000000,0.01352931,1.01400000,7.97525000000,-0.0200,4500.00,0.742000,0.677000,2017,"Transit"
"K2-136 c","K2-136","c",18.10000000,0.05694897,3.00000000,17.30723000000,-0.0200,4500.00,0.742000,0.677000,2017,"Transit"
"K2-136 d","K2-136","d",3.00000000,0.00943906,1.56500000,25.57500000000,-0.0200,4500.00,0.742000,0.677000,2017,"Transit"
"K2-138 b","K2-138","b",3.10000000,0.00975364,1.51000000,2.35309000000,0.1400,5356.30,0.935000,0.863000,2017,"Transit"
"K2-138 c","K2-138","c",6.31000000,0.01985338,2.29900000,3.56004000000,0.1400,5356.30,0.935000,0.863000,2017,"Transit"
"K2-138 d","K2-138","d",7.92000000,0.02491898,2.39000000,5.40479000000,0.1400,5356.30,0.935000,0.863000,2017,"Transit"
"K2-138 e","K2-138","e",12.97000000,0.04080798,3.39000000,8.26146000000,0.1400,5356.30,0.935000,0.863000,2017,"Transit"
"K2-138 f","K2-138","f",1.63000000,0.00512853,2.90400000,12.75758000000,0.1400,5356.30,0.935000,0.863000,2017,"Transit"
"K2-138 g","K2-138","g",4.32000000,0.01359217,3.01300000,41.96797000000,0.1400,5356.30,0.935000,0.863000,2021,"Transit"
"K2-140 b","K2-140","b",295.58041851,0.93000000,13.56286665,6.56918800000,0.1000,5585.00,0.960000,1.060000,2017,"Transit"
"K2-141 b","K2-141","b",4.97000000,0.01563737,1.51000000,0.28032440000,0.0000,4570.00,0.708000,0.681000,2018,"Transit"
"K2-141 c","K2-141","c",8.00000000,0.02517081,7.00000000,7.74850000000,0.0000,4570.00,0.708000,0.681000,2018,"Transit"
"K2-157 b","K2-157","b",1.14000000,0.00360000,0.93500000,0.36525750000,0.0200,5334.00,0.890000,0.860000,2018,"Transit"
"K2-157 c","K2-157","c",30.80000000,0.09670000,,25.94200000000,0.0200,5334.00,0.890000,0.860000,2025,"Radial Velocity"
"K2-157 d","K2-157","d",23.30000000,0.07320000,,66.50000000000,0.0200,5334.00,0.890000,0.860000,2025,"Radial Velocity"
"K2-18 b","K2-18","b",8.92000000,0.02806532,2.37000000,32.93962300000,0.1200,3457.00,0.359000,0.411000,2015,"Transit"
"K2-180 b","K2-180","b",11.41003981,0.03590000,2.46597575,8.86566300000,-0.5780,5365.00,0.735000,0.719000,2018,"Transit"
"K2-182 b","K2-182","b",20.97667486,0.06600000,2.71257333,4.73696960000,0.0220,5128.00,0.823000,0.789000,2018,"Transit"
"K2-19 b","K2-19","b",30.80000000,0.09690764,7.00000000,7.91930000000,0.0600,5322.00,0.880000,0.820000,2015,"Transit"
"K2-19 c","K2-19","c",11.00000000,0.03460987,4.10000000,11.90600000000,0.0600,5322.00,0.880000,0.820000,2015,"Transit"
"K2-19 d","K2-19","d",6.20000000,0.01950738,1.04400000,2.50827000000,0.0300,5350.00,0.892000,0.824000,2016,"Transit"
"K2-199 b","K2-199","b",6.90000000,0.02170983,1.73000000,3.22539930000,-0.0100,4491.00,0.711000,0.682000,2018,"Transit"
"K2-199 c","K2-199","c",12.40000000,0.03901476,2.85000000,7.37448970000,-0.0100,4491.00,0.711000,0.682000,2018,"Transit"
"K2-216 b","K2-216","b",8.00000000,0.02517069,1.75000000,2.17480000000,0.0000,4503.00,0.700000,0.720000,2018,"Transit"
"K2-222 b","K2-222","b",7.50000000,0.02359764,2.27500000,15.38892740000,-0.3150,5942.00,0.940000,1.072000,2018,"Transit"
"K2-232 b","K2-232","b",126.49634000,0.39800000,11.20900000,11.16845400000,0.1000,6154.00,1.188000,1.161000,2018,"Transit"
"K2-233 b","K2-233","b",2.40000000,0.00755124,1.31500000,2.46758300000,-0.0820,4796.00,0.790000,0.710000,2018,"Transit"
"K2-233 c","K2-233","c",4.60000000,0.01447322,1.27200000,7.06024000000,-0.0820,4796.00,0.790000,0.710000,2018,"Transit"
"K2-233 d","K2-233","d",10.30000000,0.03240742,2.36300000,24.36810000000,-0.0820,4796.00,0.790000,0.710000,2018,"Transit"
"K2-237 b","K2-237","b",434.15360396,1.36600000,16.06246934,2.18053332000,0.3370,6180.00,1.256000,1.236000,2018,"Transit"
"K2-238 b","K2-238","b",273.33380000,0.86000000,14.57170000,3.20466000000,0.3400,5630.00,1.190000,1.590000,2018,"Transit"
"K2-24 b","K2-24","b",20.60000000,0.06481485,5.63800000,20.88959610000,0.4100,5726.00,1.091000,1.185000,2016,"Transit"
"K2-24 c","K2-24","c",16.40000000,0.05160017,7.93000000,42.34732000000,0.4100,5726.00,1.091000,1.185000,2016,"Transit"
"K2-25 b","K2-25","b",24.50000000,0.07708562,3.44000000,3.48456408000,0.1500,3207.00,0.263400,0.293200,2015,"Transit"
"K2-260 b","K2-260","b",546.66486004,1.72000000,18.41635529,2.62669762000,0.3340,6860.00,1.637000,1.755000,2018,"Transit"
"K2-261 b","K2-261","b",68.96876432,0.21700000,9.26982704,11.63346810000,0.3720,5490.00,1.107000,1.663000,2018,"Transit"
"K2-263 b","K2-263","b",15.40000000,0.04845382,2.51300000,50.81917200000,-0.0800,5368.00,0.880000,0.850000,2018,"Transit"
"K2-265 b","K2-265","b",7.34183620,0.02310000,1.70824866,2.36902000000,0.0330,5420.00,0.901000,0.920000,2018,"Transit"
"K2-266 b","K2-266","b",11.26782377,0.03545236,3.30000000,0.65852400000,-0.1200,4285.00,0.686000,0.703000,2018,"Transit"
"K2-266 c","K2-266","c",0.29013072,0.00091285,0.70500000,7.81400000000,-0.1200,4285.00,0.686000,0.703000,2018,"Transit"
"K2-266 d","K2-266","d",8.90000000,0.02800239,2.93000000,14.69700000000,-0.1200,4285.00,0.686000,0.703000,2018,"Transit"
"K2-266 e","K2-266","e",14.30000000,0.04499261,2.73000000,19.48200000000,-0.1200,4285.00,0.686000,0.703000,2018,"Transit"
"K2-27 b","K2-27","b",30.20000000,0.09501983,4.74000000,6.77134700000,0.1200,5246.00,0.880000,0.876000,2016,"Transit"
"K2-280 b","K2-280","b",37.10000000,0.11672965,7.50000000,19.89526000000,0.3300,5500.00,1.030000,1.280000,2018,"Transit"
"K2-285 b","K2-285","b",9.68000000,0.03045653,2.59000000,3.47174500000,0.0000,4975.00,0.830000,0.787000,2018,"Transit"
"K2-285 c","K2-285","c",15.68000000,0.04933455,3.53000000,7.13804800000,0.0000,4975.00,0.830000,0.787000,2018,"Transit"
"K2-285 d","K2-285","d",6.50000000,0.02045118,2.48000000,10.45582000000,0.0000,4975.00,0.830000,0.787000,2018,"Transit"
"K2-285 e","K2-285","e",10.70000000,0.03366580,1.95000000,14.76289000000,0.0000,4975.00,0.830000,0.787000,2018,"Transit"
"K2-287 b","K2-287","b",100.11645000,0.31500000,9.49402300,14.89329100000,0.2000,5695.00,1.056000,1.070000,2018,"Transit"
"K2-29 b","K2-29","b",232.01590000,0.73000000,13.33871000,3.25883210000,0.1600,5358.00,0.940000,0.860000,2016,"Transit"
"K2-290 b","K2-290","b",10.90000000,0.03429506,3.06000000,9.21165000000,-0.0600,6302.00,1.194000,1.511000,2019,"Transit"
"K2-290 c","K2-290","c",246.00042000,0.77400000,11.27625400,48.36685000000,-0.0600,6302.00,1.194000,1.511000,2019,"Transit"
"K2-291 b","K2-291","b",6.49000000,0.02041972,1.58900000,2.22517700000,0.0800,5520.00,0.934000,0.899000,2019,"Transit"
"K2-292 b","K2-292","b",24.50000000,0.07708523,2.63000000,16.98410000000,0.0700,5725.00,1.000000,1.090000,2019,"Transit"
"K2-295 b","K2-295","b",106.47305000,0.33500000,10.05447300,4.02486700000,0.1400,4444.00,0.740000,0.700000,2018,"Transit"
"K2-3 b","K2-3","b",5.11000000,0.01607786,2.07800000,10.05465350000,-0.1570,3844.00,0.549000,0.546000,2015,"Transit"
"K2-3 c","K2-3","c",2.68000000,0.00843222,1.58200000,24.64672900000,-0.1570,3844.00,0.549000,0.546000,2015,"Transit"
"K2-3 d","K2-3","d",2.20000000,0.00692197,1.45800000,44.55603000000,-0.1570,3844.00,0.549000,0.546000,2015,"Transit"
"K2-30 b","K2-30","b",184.02357000,0.57900000,11.64615100,4.09850300000,-0.1500,5425.00,0.900000,0.844000,2016,"Transit"
"K2-31 b","K2-31","b",563.83042000,1.77400000,11.88154000,1.25785000000,0.0800,5280.00,0.910000,0.780000,2016,"Transit"
"K2-312 c","HD 80653","c",1681.31227303,5.29000000,,871.32000000000,0.2550,5959.00,1.150000,1.199000,2023,"Radial Velocity"
"K2-32 b","K2-32","b",15.00000000,0.04719528,5.29900000,8.99200000000,-0.0600,5271.00,0.830000,0.860000,2016,"Transit"
"K2-32 c","K2-32","c",8.10000000,0.02548545,3.13400000,20.66093000000,-0.0600,5271.00,0.830000,0.860000,2016,"Transit"
"K2-32 d","K2-32","d",6.70000000,0.02108056,3.48400000,31.71701000000,-0.0600,5271.00,0.830000,0.860000,2016,"Transit"
"K2-32 e","K2-32","e",2.10000000,0.00660734,1.21200000,4.34934000000,-0.0600,5271.00,0.830000,0.860000,2019,"Transit"
"K2-329 b","K2-329","b",82.63580000,0.26000000,8.67576600,12.45512250000,0.0980,5282.00,0.901000,0.822000,2020,"Transit"
"K2-360 c","EPIC 201595106","c",15.23000000,0.04791894,,9.79692000000,0.0100,5679.00,0.958000,0.980000,2024,"Radial Velocity"
"K2-37 d","K2-37","d",12.50000000,0.03932940,2.31000000,14.09229000000,-0.0800,5352.00,0.840000,0.809000,2016,"Transit"
"K2-370 b","K2-370","b",11.10000000,0.03492451,2.67000000,2.14080930000,0.0800,5662.00,0.962000,0.945000,2022,"Transit"
"K2-38 b","K2-38","b",7.30000000,0.02296837,1.54000000,4.01593000000,0.2600,5731.00,1.030000,1.060000,2016,"Transit"
"K2-38 c","K2-38","c",8.30000000,0.02611472,2.29000000,10.56103000000,0.2600,5731.00,1.030000,1.060000,2016,"Transit"
"K2-39 b","K2-39","b",28.60470000,0.09000000,6.27704000,4.60543000000,0.3200,4881.00,0.660000,2.970000,2016,"Transit"
"K2-415 b","K2-415","b",7.50000000,0.02359764,1.01500000,4.01796940000,-0.1300,3173.00,0.163500,0.196500,2023,"Transit"
"K2-419 A b","K2-419 A","b",196.00000000,0.61700000,10.55000000,20.35847252000,-0.1100,3711.00,0.562000,0.541000,2024,"Transit"
"K2-55 b","K2-55","b",44.00000000,0.13843948,4.43000000,2.84927100000,0.3760,4300.00,0.688000,0.715000,2016,"Transit"
"K2-60 b","K2-60","b",135.39558000,0.42600000,7.65574700,3.00265000000,0.0100,5500.00,0.970000,1.120000,2016,"Transit"
"K2-66 b","K2-66","b",21.30000000,0.06701696,2.49000000,5.06963000000,-0.0470,5887.00,1.110000,1.670000,2016,"Transit"
"K2-73 b","K2-73","b",9.20000000,0.02894644,2.58000000,7.49556000000,0.0400,5867.00,1.020000,1.058000,2016,"Transit"
"K2-73 c","K2-73","c",1142.00000000,3.59313383,,1000.00000000000,0.0400,5867.00,1.020000,1.058000,2025,"Radial Velocity"
"K2-79 b","K2-79","b",5.90000000,0.01856348,4.15000000,10.99503900000,0.0350,5897.00,1.060000,1.269000,2016,"Transit"
"K2-85 b","K2-85","b",3.20000000,0.01006833,1.40000000,0.68453862616,0.1400,4232.00,0.700000,0.710000,2016,"Transit"
"K2-97 b","K2-97","b",174.48779544,0.54900000,13.45077684,8.40711500000,0.3280,4673.00,1.170000,4.140000,2016,"Transit"
"K2-98 b","K2-98","b",34.00763955,0.10700000,5.06645928,10.13673490000,-0.0440,6260.00,1.246000,1.518000,2016,"Transit"
"K2-99 b","K2-99","b",276.51071409,0.87000000,11.88151954,18.24783000000,0.2000,6069.00,1.440000,2.550000,2016,"Transit"
"K2-99 c","K2-99","c",2669.75861880,8.40000000,,522.20000000000,0.2000,6069.00,1.440000,2.550000,2022,"Radial Velocity"
"KELT-1 b","KELT-1","b",8654.15000000,27.23000000,12.44200000,1.21751400000,0.0520,6516.00,1.335000,1.471000,2012,"Transit"
"KELT-10 b","KELT-10","b",215.80657000,0.67900000,15.68139100,4.16627390000,0.0900,5948.00,1.112000,1.209000,2016,"Transit"
"KELT-11 b","KELT-11","b",65.15482343,0.20500000,15.13212395,4.73620865000,0.1700,5375.00,1.440000,2.690000,2017,"Transit"
"KELT-12 b","KELT-12","b",301.93850000,0.95000000,19.95202000,5.03162300000,0.1900,6279.00,1.591000,2.370000,2017,"Transit"
"KELT-14 b","KELT-14","b",408.09372000,1.28400000,19.53728700,1.71005660000,0.3200,5720.00,1.239000,1.520000,2016,"Transit"
"KELT-15 b","KELT-15","b",416.35730000,1.31000000,19.50366000,3.32944000000,0.0500,6003.00,2.060000,1.780000,2016,"Transit"
"KELT-16 b","KELT-16","b",874.03250000,2.75000000,15.86073500,0.96899510000,-0.0020,6236.00,1.211000,1.360000,2017,"Transit"
"KELT-17 b","KELT-17","b",416.35730000,1.31000000,17.09372500,3.08017160000,-0.0180,7454.00,1.635000,1.645000,2016,"Transit"
"KELT-18 b","KELT-18","b",375.03940000,1.18000000,17.59813000,2.87175180000,0.0900,6670.00,1.524000,1.908000,2017,"Transit"
"KELT-19 A b","KELT-19 A","b",1293.56810000,4.07000000,21.40919000,4.61170930000,-0.1200,7500.00,1.620000,1.830000,2017,"Transit"
"KELT-2 A b","KELT-2 A","b",540.31100000,1.70000000,15.13215000,4.11379000000,0.0000,6327.00,1.540000,1.930000,2012,"Transit"
"KELT-20 b","KELT-20","b",1074.90106000,3.38200000,19.51486900,3.47410850000,-0.2900,8720.00,1.760000,1.565000,2017,"Transit"
"KELT-21 b","KELT-21","b",1242.71530000,3.91000000,17.77747400,3.61276470000,-0.4050,7598.00,1.458000,1.638000,2018,"Transit"
"KELT-23 A b","KELT-23 A","b",298.12454000,0.93800000,14.82950700,2.25525100000,-0.1050,5899.00,0.944000,0.996000,2019,"Transit"
"KELT-24 b","KELT-24","b",1458.83238813,4.59000000,12.71098411,5.55149296000,0.1380,6426.00,1.268000,1.338000,2019,"Transit"
"KELT-3 b","KELT-3","b",616.59020000,1.94000000,17.48604000,2.70339000000,0.0500,6304.00,1.960000,1.700000,2013,"Transit"
"KELT-4 A b","KELT-4 A","b",286.68266000,0.90200000,19.04409100,2.98959320000,-0.1160,6206.00,1.201000,1.603000,2016,"Transit"
"KELT-6 b","KELT-6","b",165.27160000,0.52000000,14.57170000,7.84570000000,-0.2800,6102.00,1.420000,1.730000,2014,"Transit"
"KELT-6 c","KELT-6","c",1179.14930000,3.71000000,,1276.00000000000,-0.2700,6272.00,1.126000,1.529000,2015,"Radial Velocity"
"KELT-7 b","KELT-7","b",441.78370000,1.39000000,17.93440000,2.73477000000,0.0000,6768.00,1.760000,1.810000,2015,"Transit"
"KELT-8 b","KELT-8","b",209.76780000,0.66000000,18.15858000,3.24406000000,0.2700,5754.00,0.810000,1.460000,2015,"Transit"
"KELT-9 b","KELT-9","b",915.34581216,2.88000000,21.70058664,1.48112350000,0.0700,9270.00,2.320000,2.418000,2017,"Transit"
"KIC 10068024 b","KIC 10068024","b",635.65681400,2.00000000,,2.07354900000,0.0100,6118.40,1.220000,1.574000,2021,"Orbital Brightness Modulation"
"KIC 3526061 b","KIC 3526061","b",5768.58558705,18.15000000,,3552.00000000000,0.1200,4829.00,1.420000,5.860000,2022,"Radial Velocity"
"KIC 5479689 b","KIC 5479689","b",158.91420350,0.50000000,,1.70153100000,0.1610,5459.10,0.966000,0.894000,2021,"Orbital Brightness Modulation"
"KIC 7917485 b","KIC 7917485","b",3750.39400000,11.80000000,,840.00000000000,-0.0200,7067.00,1.630000,,2016,"Pulsation Timing Variations"
"KIC 8121913 b","KIC 8121913","b",667.43965470,2.10000000,,3.29460100000,0.2520,5975.30,1.456000,2.233000,2021,"Orbital Brightness Modulation"
"KOBE-1 b","KOBE-1","b",8.80000000,0.02768790,,8.53990000000,-0.0100,4135.00,0.629000,0.619000,2025,"Radial Velocity"
"KOBE-1 c","KOBE-1","c",12.40000000,0.03901476,,29.67100000000,-0.0100,4135.00,0.629000,0.619000,2025,"Radial Velocity"
"KOI-1257 b","KOI-1257","b",460.83000000,1.45000000,10.54000000,86.64766100000,0.2700,5520.00,0.990000,1.130000,2014,"Transit"
"KOI-13 b","KOI-13","b",2949.46240000,9.28000000,16.94800800,1.76358800000,0.2000,7650.00,1.720000,1.740000,2011,"Transit"
"KOI-134 b","KOI-134","b",346.43296363,1.09000000,12.03844527,67.12770000000,0.4270,6160.00,1.407000,1.667000,2025,"Transit"
"KOI-134 c","KOI-134","c",69.92224954,0.22000000,,33.95000000000,0.4270,6160.00,1.407000,1.667000,2025,"Transit Timing Variations"
"KOI-142 b","KOI-142","b",9.50000000,0.03000000,3.43800000,10.91647000000,0.2700,5466.00,0.990000,0.897000,2013,"Transit"
"KOI-142 c","KOI-142","c",214.10000000,0.67400000,,22.26492000000,0.2700,5466.00,0.990000,0.897000,2013,"Transit Timing Variations"
"KOI-1783.01","KOI-1783","b",71.00000000,0.22338986,8.86000000,134.46280000000,0.1100,5922.00,1.076000,1.143000,2020,"Transit"
"KOI-1783.02","KOI-1783","c",15.00000000,0.04719504,5.44000000,284.21500000000,0.1100,5922.00,1.076000,1.143000,2020,"Transit"
"KOI-1843.03","Kepler-974","c",8.00000000,0.02517081,0.61000000,0.17689130000,0.0000,3584.00,0.460000,0.450000,2013,"Transit"
"KOI-2513.01","KOI-2513","b",7310.05336100,23.00000000,2.80224517,19.00547000000,-0.3700,5900.00,0.910000,1.200000,2023,"Transit"
"KOI-319 b","KOI-319","b",3178.28407000,10.00000000,10.67000000,46.14827000000,0.1600,5880.00,1.325000,2.064000,2014,"Transit"
"KOI-319 c","KOI-319","c",8803.84687390,27.70000000,,80.09900000000,0.1600,5880.00,1.325000,2.064000,2014,"Transit Timing Variations"
"KOI-3680 b","KOI-3680","b",613.41190000,1.93000000,11.09691000,141.24167100000,0.1600,5830.00,1.010000,0.960000,2018,"Transit"
"KOI-4777.01","KOI-4777","b",99.20000000,0.31211810,0.51000000,0.41200000000,0.1000,3515.00,0.410000,0.400000,2022,"Transit"
"KOI-94 b","KOI-94","b",10.50000000,0.03300000,1.71000000,3.74320800000,0.0228,6182.00,1.277000,1.520000,2013,"Transit"
"KOI-94 c","KOI-94","c",15.60000000,0.04900000,4.32000000,10.42364800000,0.0228,6182.00,1.277000,1.520000,2013,"Transit"
"KOI-94 d","KOI-94","d",106.00000000,0.33400000,11.27000000,22.34298900000,0.0228,6182.00,1.277000,1.520000,2013,"Transit"
"KOI-94 e","KOI-94","e",35.00000000,0.11000000,6.56000000,54.32031000000,0.0228,6182.00,1.277000,1.520000,2013,"Transit"
"KOI-984 c","KOI-984","c",209.80000000,0.66010462,,21.51200000000,0.1200,5295.00,0.928000,0.818000,2022,"Transit Timing Variations"
"KOINTREAU-1 b","XEST 17-036","b",3368.98111420,10.60000000,,,-0.1500,3551.00,0.260000,,2026,"Imaging"
"KOINTREAU-3 b","ISO-Oph 96","b",1080.61658380,3.40000000,,,-0.0500,3920.00,,,2026,"Imaging"
"KPS-1 b","KPS-1","b",346.43470000,1.09000000,11.54527000,1.70629100000,0.2200,5165.00,0.892000,0.907000,2018,"Transit"
"Kapteyn c","Kapteyn","c",7.00000000,0.02200000,,121.54000000000,-0.8900,3550.00,0.281000,0.291000,2014,"Radial Velocity"
"Kepler-10 b","Kepler-10","b",3.24000000,0.01019418,1.47000000,0.83749070000,-0.1500,5708.00,0.910000,1.065000,2011,"Transit"
"Kepler-10 c","Kepler-10","c",11.29000000,0.03552231,2.35500000,45.29430100000,-0.1500,5708.00,0.910000,1.065000,2011,"Transit"
"Kepler-10 d","Kepler-10","d",12.00000000,0.03775622,,151.06000000000,-0.1500,5708.00,0.910000,1.065000,2023,"Radial Velocity"
"Kepler-100 b","Kepler-100","b",4.01000000,0.01261687,1.34000000,6.88734000000,0.1000,5837.00,1.130000,1.510000,2014,"Transit"
"Kepler-100 c","Kepler-100","c",7.05000000,0.02218167,2.20000000,12.81590000000,0.0200,5825.00,1.080000,1.490000,2014,"Transit"
"Kepler-100 d","Kepler-100","d",3.00000000,0.00943901,1.61000000,35.33310000000,0.0200,5825.00,1.080000,1.490000,2014,"Transit"
"Kepler-101 b","Kepler-101","b",51.10000000,0.16000000,5.77000000,3.48768120000,0.3300,5667.00,1.170000,1.560000,2014,"Transit"
"Kepler-101 c","Kepler-101","c",3.78000000,0.01000000,1.25000000,6.02976000000,0.3300,5667.00,1.170000,1.560000,2014,"Transit"
"Kepler-102 b","Kepler-102","b",1.10000000,0.00346099,0.46000000,5.28696500000,0.1100,4909.00,0.803000,0.724000,2014,"Transit"
"Kepler-102 c","Kepler-102","c",1.70000000,0.00534880,0.56700000,7.07139200000,0.1100,4909.00,0.803000,0.724000,2014,"Transit"
"Kepler-102 d","Kepler-102","d",3.00000000,0.00943906,1.15400000,10.31176700000,0.1100,4909.00,0.803000,0.724000,2014,"Transit"
"Kepler-102 e","Kepler-102","e",4.70000000,0.01478785,2.17000000,16.14569940000,0.1100,4909.00,0.803000,0.724000,2013,"Transit"
"Kepler-102 f","Kepler-102","f",4.30000000,0.01352931,0.86100000,27.45359200000,0.1100,4909.00,0.803000,0.724000,2014,"Transit"
"Kepler-103 b","Kepler-103","b",11.67000000,0.03671793,3.48570000,15.96532870000,0.1500,6047.00,1.212000,1.492000,2014,"Transit"
"Kepler-103 c","Kepler-103","c",58.47000000,0.18396719,5.45390000,179.60978000000,0.1500,6047.00,1.212000,1.492000,2014,"Transit"
"Kepler-105 b","Kepler-105","b",10.80000000,0.03398060,2.53000000,5.41220340000,-0.0900,5933.00,0.991000,1.026000,2013,"Transit"
"Kepler-105 c","Kepler-105","c",5.60000000,0.01761957,1.44000000,7.12592000000,-0.0900,5933.00,0.991000,1.026000,2014,"Transit"
"Kepler-106 b","Kepler-106","b",5.30000000,0.01667558,0.82000000,6.16486000000,-0.1200,5858.00,1.000000,1.040000,2014,"Transit"
"Kepler-106 c","Kepler-106","c",10.44000000,0.03300000,2.50000000,13.57080000000,-0.1200,5858.00,1.000000,1.040000,2014,"Transit"
"Kepler-106 d","Kepler-106","d",8.10000000,0.02548532,0.95000000,23.98020000000,-0.1200,5858.00,1.000000,1.040000,2014,"Transit"
"Kepler-106 e","Kepler-106","e",11.17000000,0.03500000,2.56000000,43.84450000000,-0.1200,5858.00,1.000000,1.040000,2014,"Transit"
"Kepler-107 b","Kepler-107","b",3.80000000,0.01195614,1.53600000,3.18002180000,0.3210,5854.00,1.238000,1.447000,2014,"Transit"
"Kepler-107 c","Kepler-107","c",10.00000000,0.03146352,1.59700000,4.90145200000,0.3210,5854.00,1.238000,1.447000,2014,"Transit"
"Kepler-107 d","Kepler-107","d",7.70000000,0.02422691,0.86000000,7.95839000000,0.3210,5854.00,1.238000,1.447000,2014,"Transit"
"Kepler-107 e","Kepler-107","e",14.10000000,0.04436356,2.90300000,14.74914300000,0.3210,5854.00,1.238000,1.447000,2014,"Transit"
"Kepler-109 b","Kepler-109","b",4.90000000,0.01541712,2.49000000,6.48163070000,-0.0200,5950.00,1.094000,1.387000,2014,"Transit"
"Kepler-109 c","Kepler-109","c",8.20000000,0.02580009,2.65000000,21.22265000000,-0.0200,5950.00,1.094000,1.387000,2014,"Transit"
"Kepler-111 c","Kepler-111","c",222.47988490,0.70000000,7.08407580,224.77833000000,0.2370,5914.00,1.118000,1.145000,2014,"Transit"
"Kepler-113 b","Kepler-113","b",11.70000000,0.03700000,1.82000000,4.75400000000,0.0500,4725.00,0.750000,0.690000,2014,"Transit"
"Kepler-113 c","Kepler-113","c",8.70000000,0.02737312,2.18000000,8.92507000000,0.0500,4725.00,0.750000,0.690000,2014,"Transit"
"Kepler-117 b","Kepler-117","b",29.87500000,0.09400000,8.05900000,18.79592280000,-0.0400,6150.00,1.129000,1.606000,2014,"Transit"
"Kepler-117 c","Kepler-117","c",584.78000000,1.84000000,12.34100000,50.79039100000,-0.0400,6150.00,1.129000,1.606000,2014,"Transit"
"Kepler-12 b","Kepler-12","b",137.30256000,0.43200000,19.66058600,4.43796290000,0.0700,5947.00,1.166000,1.483000,2011,"Transit"
"Kepler-129 b","Kepler-129","b",20.00000000,0.06292704,2.40000000,15.79000000000,0.2900,5770.00,1.178000,1.653000,2014,"Transit"
"Kepler-129 c","Kepler-129","c",43.00000000,0.13529313,2.52000000,82.20000000000,0.2900,5770.00,1.178000,1.653000,2014,"Transit"
"Kepler-129 d","Kepler-129","d",2637.97577810,8.30000000,,2646.00000000000,0.2900,5770.00,1.178000,1.653000,2021,"Radial Velocity"
"Kepler-131 b","Kepler-131","b",16.13000000,0.05100000,2.41000000,16.09200000000,0.1200,5685.00,1.020000,1.030000,2014,"Transit"
"Kepler-131 c","Kepler-131","c",8.25000000,0.02600000,0.84000000,25.51690000000,0.1200,5685.00,1.020000,1.030000,2014,"Transit"
"Kepler-138 b","Kepler-138","b",0.07000000,0.00022024,0.64000000,10.31340000000,-0.1800,3841.00,0.535000,0.535000,2014,"Transit"
"Kepler-138 c","Kepler-138","c",2.30000000,0.00723661,1.51000000,13.78150000000,-0.1800,3841.00,0.535000,0.535000,2014,"Transit"
"Kepler-138 d","Kepler-138","d",2.10000000,0.00660734,1.51000000,23.09230000000,-0.1800,3841.00,0.535000,0.535000,2014,"Transit"
"Kepler-138 e","Kepler-138","e",0.43000000,0.00135293,,38.23000000000,-0.1800,3841.00,0.535000,0.535000,2022,"Transit Timing Variations"
"Kepler-139 f","Kepler-139","f",36.00000000,0.11326867,,355.00000000000,0.3500,5630.00,1.078000,1.045000,2025,"Transit Timing Variations"
"Kepler-14 b","Kepler-14","b",2669.66000000,8.40000000,12.73300000,6.79012300000,0.1200,6395.00,1.512000,2.048000,2011,"Transit"
"Kepler-15 b","Kepler-15","b",209.76000000,0.66000000,10.76000000,4.94278200000,0.3600,5515.00,1.018000,0.992000,2011,"Transit"
"Kepler-1513 b","Kepler-1513","b",48.30991786,0.15200000,8.59400000,160.88420000000,0.1700,5491.00,0.943000,0.950000,2016,"Transit"
"Kepler-1513 c","Kepler-1513","c",84.54235626,0.26600000,,841.40000000000,0.1700,5491.00,0.943000,0.950000,2023,"Transit Timing Variations"
"Kepler-1514 b","Kepler-1514","b",1678.14240000,5.28000000,12.41957200,217.83184000000,0.1190,6145.00,1.196000,1.289000,2016,"Transit"
"Kepler-16 b","Kepler-16","b",105.83300000,0.33300000,8.44930000,228.77600000000,-0.3000,4450.00,0.689700,0.648900,2011,"Transit"
"Kepler-1647 b","Kepler-1647","b",483.00000000,1.51968033,11.87390000,1107.59230000000,-0.1400,6210.00,1.220700,1.790300,2016,"Transit"
"Kepler-1654 b","Kepler-1654","b",158.91500000,0.50000000,9.18017100,1047.83560000000,-0.0880,5597.00,1.011000,1.179000,2018,"Transit"
"Kepler-1655 b","Kepler-1655","b",5.40000000,0.01699030,2.21300000,11.87287870000,-0.2400,6148.00,1.030000,1.030000,2018,"Transit"
"Kepler-1661 b","Kepler-1661","b",17.00000000,0.05348771,3.87000000,175.06000000000,-0.1200,5100.00,0.841000,0.762000,2020,"Transit"
"Kepler-167 e","Kepler-167","e",321.00669107,1.01000000,10.16000000,1071.23205000000,0.0200,4884.00,0.777000,0.749000,2016,"Transit"
"Kepler-17 b","Kepler-17","b",778.65000000,2.45000000,14.68000000,1.48571080000,0.2600,5781.00,1.040000,1.010340,2011,"Transit"
"Kepler-1704 b","Kepler-1704","b",1322.16617312,4.16000000,11.94877343,988.88112000000,0.1960,5746.00,1.132000,1.697000,2021,"Transit"
"Kepler-1705 b","Kepler-1705","b",4.47000000,0.01406419,2.03000000,9.03502000000,-0.2000,6312.00,1.139000,1.259000,2021,"Transit"
"Kepler-1705 c","Kepler-1705","c",5.42000000,0.01705323,2.05000000,11.28000000000,-0.2000,6312.00,1.139000,1.259000,2021,"Transit"
"Kepler-1708 b","Kepler-1708","b",1462.01067220,4.60000000,9.96000000,737.11310000000,0.0000,6157.00,1.088000,1.117000,2021,"Transit"
"Kepler-177 b","Kepler-177","b",5.84000000,0.01837460,3.50000000,36.86010000000,-0.1100,5732.00,0.921000,1.324000,2013,"Transit"
"Kepler-177 c","Kepler-177","c",14.70000000,0.04625114,8.73000000,49.40926000000,-0.1100,5732.00,0.921000,1.324000,2013,"Transit"
"Kepler-18 b","Kepler-18","b",6.90000000,0.02200000,2.00000000,3.50472500000,0.1900,5345.00,0.972000,1.108000,2011,"Transit"
"Kepler-18 c","Kepler-18","c",17.30000000,0.05400000,5.49000000,7.64159000000,0.1900,5345.00,0.972000,1.108000,2011,"Transit"
"Kepler-18 d","Kepler-18","d",16.40000000,0.05200000,6.98000000,14.85888000000,0.1900,5345.00,0.972000,1.108000,2011,"Transit"
"Kepler-1876 b","Kepler-1876","b",2.40000000,0.00755124,0.85300000,6.99205000000,0.0100,6104.00,1.187000,1.477000,2021,"Transit"
"Kepler-19 b","Kepler-19","b",6.10000000,0.01919275,2.20900000,9.28699000000,-0.1300,5541.00,0.936000,0.859000,2011,"Transit"
"Kepler-19 c","Kepler-19","c",13.10000000,0.04121700,,28.73100000000,-0.0800,5544.00,0.936000,0.859000,2011,"Transit Timing Variations"
"Kepler-19 d","Kepler-19","d",22.50000000,0.07079256,,62.95000000000,-0.0800,5544.00,0.936000,0.859000,2017,"Radial Velocity"
"Kepler-1972 b","Kepler-1972","b",2.02000000,0.00635563,0.80200000,7.54425000000,0.2300,5818.00,1.120000,1.384000,2022,"Transit"
"Kepler-1972 c","Kepler-1972","c",2.11000000,0.00663880,0.86800000,11.32950000000,0.2300,5818.00,1.120000,1.384000,2022,"Transit"
"Kepler-20 b","Kepler-20","b",9.70000000,0.03051961,1.77300000,3.69610490000,0.0700,5495.00,0.929000,0.916400,2011,"Transit"
"Kepler-20 c","Kepler-20","c",11.10000000,0.03492451,2.89400000,10.85407740000,0.0700,5495.00,0.929000,0.916400,2011,"Transit"
"Kepler-20 d","Kepler-20","d",13.40000000,0.04216111,2.60600000,77.61145500000,0.0700,5495.00,0.929000,0.916400,2011,"Transit"
"Kepler-20 e","Kepler-20","e",0.76000000,0.00239123,0.82100000,6.09848820000,0.0700,5495.00,0.929000,0.916400,2011,"Transit"
"Kepler-20 f","Kepler-20","f",1.40000000,0.00440489,0.95200000,19.57832800000,0.0700,5495.00,0.929000,0.916400,2011,"Transit"
"Kepler-20 g","Kepler-20","g",19.96000000,0.06280087,,34.94000000000,0.0700,5495.00,0.948000,0.963900,2016,"Radial Velocity"
"Kepler-21 b","Kepler-21","b",7.50000000,0.02359764,1.63900000,2.78582120000,-0.0300,6305.00,1.408000,1.902000,2012,"Transit"
"Kepler-22 b","Kepler-22","b",9.10000000,0.02863180,2.10000000,289.86387600000,-0.2550,5596.00,0.857000,0.869000,2011,"Transit"
"Kepler-247 d","Kepler-247","d",50.00000000,0.15731759,4.50000000,20.47370000000,0.2100,5094.00,0.884000,0.791000,2014,"Transit"
"Kepler-26 b","Kepler-26","b",5.12000000,0.01610924,2.78000000,12.28000000000,-0.1300,3914.00,0.544000,0.512000,2011,"Transit"
"Kepler-26 c","Kepler-26","c",6.20000000,0.01950728,2.72000000,17.25590000000,-0.1300,3914.00,0.544000,0.512000,2011,"Transit"
"Kepler-27 b","Kepler-27","b",2895.31000000,9.11000000,4.00000000,15.33480000000,0.4100,5400.00,0.650000,0.590000,2011,"Transit"
"Kepler-27 c","Kepler-27","c",4385.87000000,13.80000000,4.90000000,31.33090000000,0.4100,5400.00,0.650000,0.590000,2011,"Transit"
"Kepler-278 b","Kepler-278","b",56.00000000,0.17619570,3.95500000,30.15560000000,0.2200,4965.00,1.227000,2.861000,2014,"Transit"
"Kepler-278 c","Kepler-278","c",34.90000000,0.10980768,3.26800000,51.11100000000,0.2200,4965.00,1.227000,2.861000,2014,"Transit"
"Kepler-289 b","Kepler-289","b",3.70000000,0.01164150,2.49000000,34.53830000000,0.0500,5990.00,1.080000,1.000000,2014,"Transit"
"Kepler-289 c","Kepler-289","c",157.18000000,0.49000000,11.23000000,125.87230000000,0.0500,5990.00,1.080000,1.000000,2014,"Transit"
"Kepler-289 d","Kepler-289","d",5.33000000,0.01677006,3.03000000,66.02820000000,0.0500,5990.00,1.080000,1.000000,2014,"Transit"
"Kepler-29 b","Kepler-29","b",5.00000000,0.01573168,2.55000000,10.33974000000,-0.4400,5378.00,0.761000,0.732000,2011,"Transit"
"Kepler-29 c","Kepler-29","c",4.50000000,0.01415851,2.34000000,13.28613000000,-0.4400,5378.00,0.761000,0.732000,2011,"Transit"
"Kepler-30 b","Kepler-30","b",11.30000000,0.03600000,3.90000000,29.33434000000,0.1800,5498.00,0.990000,0.950000,2012,"Transit"
"Kepler-30 c","Kepler-30","c",640.00000000,2.01000000,12.30000000,60.32310500000,0.1800,5498.00,0.990000,0.950000,2012,"Transit"
"Kepler-30 d","Kepler-30","d",23.10000000,0.07300000,8.80000000,143.34394000000,0.1800,5498.00,0.990000,0.950000,2012,"Transit"
"Kepler-307 b","Kepler-307","b",7.44000000,0.02340874,2.43000000,10.42080000000,0.1900,5367.00,0.907000,0.814000,2013,"Transit"
"Kepler-307 c","Kepler-307","c",3.64000000,0.01145266,2.20000000,13.07290000000,0.1900,5367.00,0.907000,0.814000,2013,"Transit"
"Kepler-31 c","Kepler-31","c",1493.70000000,4.70000000,5.30000000,42.63180000000,-0.0760,6340.00,1.210000,1.220000,2011,"Transit"
"Kepler-31 d","Kepler-31","d",2161.24400000,6.80000000,3.90000000,87.64510000000,-0.0760,6340.00,1.210000,1.220000,2014,"Transit"
"Kepler-32 b","Kepler-32","b",1303.00000000,4.10000000,2.20000000,5.90124000000,0.0000,3900.00,0.580000,0.530000,2011,"Transit"
"Kepler-32 c","Kepler-32","c",158.90000000,0.50000000,2.00000000,8.75220000000,0.0000,3900.00,0.580000,0.530000,2011,"Transit"
"Kepler-323 b","Kepler-323","b",3.90000000,0.01227077,1.38100000,1.67832800000,-0.1400,6004.00,1.015000,1.120000,2014,"Transit"
"Kepler-323 c","Kepler-323","c",6.80000000,0.02139519,1.57000000,3.55382290000,-0.1400,6004.00,1.015000,1.120000,2014,"Transit"
"Kepler-34 b","Kepler-34","b",69.92000000,0.22000000,8.56400000,288.82200000000,-0.0700,5913.00,1.047900,1.161800,2011,"Transit"
"Kepler-35 b","Kepler-35","b",40.36300000,0.12700000,8.16000000,131.45800000000,-0.3400,5606.00,0.887700,1.028400,2011,"Transit"
"Kepler-36 b","Kepler-36","b",3.83000000,0.01205047,1.49800000,13.86825000000,-0.1800,5979.00,1.034000,1.634000,2012,"Transit"
"Kepler-36 c","Kepler-36","c",7.13000000,0.02243338,3.67900000,16.21865000000,-0.1800,5979.00,1.034000,1.634000,2012,"Transit"
"Kepler-37 b","Kepler-37","b",0.79000000,0.00248562,0.30980000,13.36702000000,-0.3600,5357.00,0.790000,0.789000,2013,"Transit"
"Kepler-37 c","Kepler-37","c",1.30000000,0.00409026,0.75500000,21.30184800000,-0.3600,5357.00,0.790000,0.789000,2013,"Transit"
"Kepler-37 d","Kepler-37","d",2.00000000,0.00629270,2.03000000,39.79226220000,-0.3600,5357.00,0.790000,0.789000,2013,"Transit"
"Kepler-38 b","Kepler-38","b",122.00000000,0.38400000,4.30000000,105.59900000000,-0.1100,5623.00,0.941000,1.752000,2012,"Transit"
"Kepler-39 b","Kepler-39","b",6388.10000000,20.10000000,13.90000000,21.08721000000,0.1000,6350.00,1.290000,1.400000,2011,"Transit"
"Kepler-391 b","Kepler-391","b",1100.00000000,3.46098705,2.50000000,7.41750000000,0.0400,5038.00,1.270000,2.879000,2014,"Transit"
"Kepler-391 c","Kepler-391","c",450.00000000,1.41585834,2.88000000,20.50100000000,0.0400,5038.00,1.270000,2.879000,2014,"Transit"
"Kepler-4 b","Kepler-4","b",24.47200000,0.07700000,4.00200000,3.21346000000,0.1700,5857.00,1.223000,1.487000,2009,"Transit"
"Kepler-40 b","Kepler-40","b",699.20000000,2.20000000,13.11000000,6.87349000000,0.1000,6510.00,1.480000,2.130000,2010,"Transit"
"Kepler-406 b","Kepler-406","b",6.35000000,0.02000000,1.43000000,2.42629000000,0.1800,5538.00,1.070000,1.070000,2014,"Transit"
"Kepler-406 c","Kepler-406","c",2.71000000,0.00900000,0.85000000,4.62332000000,0.1800,5538.00,1.070000,1.070000,2014,"Transit"
"Kepler-407 b","Kepler-407","b",1.93000000,0.00607246,1.19000000,0.66931240000,0.3500,5487.00,0.990000,1.040000,2014,"Transit"
"Kepler-407 c","Kepler-407","c",4000.00000000,12.60000000,,3000.00000000000,0.3300,5476.00,1.000000,1.010000,2014,"Radial Velocity"
"Kepler-408 b","Kepler-408","b",5.00000000,0.01573168,0.82000000,2.46502000000,-0.2000,6104.00,1.080000,1.230000,2014,"Transit"
"Kepler-409 b","Kepler-409","b",6.00000000,0.01887811,1.19900000,68.95832160000,0.0500,5421.00,0.913000,0.897000,2014,"Transit"
"Kepler-41 b","Kepler-41","b",177.98000000,0.56000000,14.46000000,1.85555820000,0.3800,5750.00,1.150000,1.290000,2011,"Transit"
"Kepler-412 b","Kepler-412","b",299.07803000,0.94100000,15.03126900,1.72086040000,0.2700,5750.00,1.167000,1.287000,2014,"Transit"
"Kepler-413 b","Kepler-413","b",67.00000000,0.21100000,4.34700000,66.26200000000,-0.2000,4700.00,0.820000,0.776100,2014,"Transit"
"Kepler-418 b","Kepler-418","b",349.61124770,1.10000000,13.45000000,86.67856000000,-0.0500,5820.00,0.980000,1.090000,2014,"Transit"
"Kepler-419 b","Kepler-419","b",794.50000000,2.50000000,10.80000000,69.75460000000,0.1760,6430.00,1.390000,1.740000,2014,"Transit"
"Kepler-419 c","Kepler-419","c",2320.10000000,7.30000000,,675.47000000000,0.1760,6430.00,1.390000,1.740000,2014,"Transit Timing Variations"
"Kepler-422 b","Kepler-422","b",136.66000000,0.43000000,12.89000000,7.89144830000,0.2300,5972.00,1.150000,1.240000,2014,"Transit"
"Kepler-423 b","Kepler-423","b",189.10100000,0.59500000,13.36100000,2.68432850000,-0.1000,5560.00,0.850000,0.950000,2014,"Transit"
"Kepler-424 b","Kepler-424","b",327.35000000,1.03000000,9.98000000,3.31186440000,0.4400,5460.00,1.010000,0.940000,2014,"Transit"
"Kepler-424 c","Kepler-424","c",2215.18000000,6.97000000,,223.30000000000,0.4400,5460.00,1.010000,0.940000,2014,"Radial Velocity"
"Kepler-425 b","Kepler-425","b",79.45000000,0.25000000,10.96200000,3.79701816000,0.2400,5170.00,0.930000,0.860000,2014,"Transit"
"Kepler-426 b","Kepler-426","b",108.06000000,0.34000000,12.22000000,3.21751883000,-0.2100,5725.00,0.910000,0.920000,2014,"Transit"
"Kepler-427 b","Kepler-427","b",92.17000000,0.29000000,13.79000000,10.29099400000,-0.1900,5800.00,0.960000,1.350000,2014,"Transit"
"Kepler-428 b","Kepler-428","b",403.63000000,1.27000000,12.11000000,3.52563254000,0.0900,5150.00,0.870000,0.800000,2014,"Transit"
"Kepler-43 b","Kepler-43","b",1026.59090000,3.23000000,13.66377100,3.02409490000,0.3300,6041.00,1.320000,1.420000,2011,"Transit"
"Kepler-432 b","Kepler-432","b",1719.46030000,5.41000000,12.83430500,52.50112900000,-0.0700,4995.00,1.320000,4.060000,2015,"Transit"
"Kepler-432 c","Kepler-432","c",772.32690000,2.43000000,,406.20000000000,-0.0700,4995.00,1.320000,4.060000,2015,"Radial Velocity"
"Kepler-433 b","Kepler-433","b",896.24000000,2.82000000,16.25000000,5.33408384000,-0.0100,6360.00,1.460000,2.260000,2015,"Transit"
"Kepler-434 b","Kepler-434","b",908.96000000,2.86000000,12.67000000,12.87470990000,0.2500,5977.00,1.198000,1.380000,2015,"Transit"
"Kepler-435 b","Kepler-435","b",266.97000000,0.84000000,22.31000000,8.60015360000,-0.1800,6161.00,1.538000,3.210000,2015,"Transit"
"Kepler-44 b","Kepler-44","b",317.82000000,1.00000000,12.22000000,3.24672930000,0.1500,5800.00,1.120000,1.350000,2011,"Transit"
"Kepler-447 b","Kepler-447","b",435.41000000,1.37000000,18.49000000,7.79430132000,0.0700,5493.00,1.000000,1.050000,2015,"Transit"
"Kepler-45 b","Kepler-45","b",160.49700000,0.50500000,10.76000000,2.45523900000,0.2800,3820.00,0.590000,0.550000,2011,"Transit"
"Kepler-453 b","Kepler-453","b",16.00000000,0.05034138,6.20400000,240.50300000000,0.0900,5527.00,0.944000,0.833000,2015,"Transit"
"Kepler-454 b","Kepler-454","b",5.40000000,0.01699030,2.37000000,10.57375340000,0.3200,5687.00,1.030000,1.066000,2015,"Transit"
"Kepler-454 c","Kepler-454","c",1433.40611557,4.51000000,,524.19000000000,0.3200,5687.00,1.030000,1.066000,2015,"Radial Velocity"
"Kepler-454 d","Kepler-454","d",734.18362017,2.31000000,,4073.00000000000,0.3200,5687.00,1.030000,1.066000,2023,"Radial Velocity"
"Kepler-46 b","Kepler-46","b",1907.00000000,6.00000000,9.05700000,33.60134000000,0.4100,5155.00,0.902000,0.938000,2012,"Transit"
"Kepler-46 c","Kepler-46","c",119.49900000,0.37600000,,57.01100000000,0.4100,5155.00,0.902000,0.938000,2012,"Transit Timing Variations"
"Kepler-462 b","Kepler-462","b",53.90000000,0.16958752,3.00000000,84.68660000000,0.0500,7500.00,1.590000,1.570000,2016,"Transit"
"Kepler-462 c","Kepler-462","c",6.00000000,0.01887802,4.00000000,207.62000000000,0.0500,7500.00,1.590000,1.570000,2018,"Transit"
"Kepler-48 b","Kepler-48","b",3.94000000,0.01239656,1.88000000,4.77800000000,0.1700,5194.00,0.880000,0.890000,2012,"Transit"
"Kepler-48 c","Kepler-48","c",14.61000000,0.04596797,2.71000000,9.67395000000,0.1700,5194.00,0.880000,0.890000,2012,"Transit"
"Kepler-48 d","Kepler-48","d",7.93000000,0.02500000,2.04000000,42.89610000000,0.1700,5194.00,0.880000,0.890000,2014,"Transit"
"Kepler-48 e","Kepler-48","e",657.00000000,2.06700000,,982.00000000000,0.1700,5194.00,0.880000,0.890000,2014,"Radial Velocity"
"Kepler-5 b","Kepler-5","b",670.93913000,2.11100000,15.98403400,3.54846570000,0.0400,6297.00,1.374000,1.793000,2009,"Transit"
"Kepler-51 e","Kepler-51","e",5.40000000,0.01699030,,264.28400000000,0.0470,5674.00,0.960000,0.870000,2024,"Transit Timing Variations"
"Kepler-538 b","Kepler-538","b",12.90000000,0.04058794,2.21500000,81.73778000000,-0.0900,5534.00,0.892000,0.871700,2016,"Transit"
"Kepler-539 b","Kepler-539","b",308.29510000,0.97000000,8.37312300,125.63243000000,-0.0100,5820.00,1.048000,0.952000,2016,"Transit"
"Kepler-539 c","Kepler-539","c",762.79200000,2.40000000,,1000.00000000000,-0.0100,5820.00,1.048000,0.952000,2016,"Transit Timing Variations"
"Kepler-553 b","Kepler-553","b",116.00736855,0.36500000,4.74139884,4.03046700000,0.1520,5191.00,0.889000,0.902000,2016,"Transit"
"Kepler-553 c","Kepler-553","c",2129.45032690,6.70000000,11.57887706,328.24017000000,0.1520,5191.00,0.889000,0.902000,2016,"Transit"
"Kepler-56 b","Kepler-56","b",22.10000000,0.07000000,6.51000000,10.50160000000,0.2000,4840.00,1.320000,4.230000,2012,"Transit"
"Kepler-56 c","Kepler-56","c",181.00000000,0.57000000,9.80000000,21.40239000000,0.2000,4840.00,1.320000,4.230000,2012,"Transit"
"Kepler-56 d","Kepler-56","d",1784.00000000,5.61000000,,1002.00000000000,0.3631,4819.44,,4.217990,2016,"Radial Velocity"
"Kepler-6 b","Kepler-6","b",212.31044000,0.66800000,14.61653600,3.23469960000,0.3400,5647.00,1.209000,1.391000,2009,"Transit"
"Kepler-60 b","Kepler-60","b",4.19000000,0.01318315,1.71000000,7.13340000000,-0.0900,5905.00,1.041000,1.257000,2012,"Transit"
"Kepler-60 c","Kepler-60","c",3.85000000,0.01211339,1.90000000,8.91870000000,-0.0900,5905.00,1.041000,1.257000,2012,"Transit"
"Kepler-60 d","Kepler-60","d",4.16000000,0.01308876,1.99000000,11.89810000000,-0.0900,5905.00,1.041000,1.257000,2012,"Transit"
"Kepler-62 b","Kepler-62","b",9.00000000,0.03000000,1.31000000,5.71493200000,-0.3700,4925.00,0.690000,0.640000,2013,"Transit"
"Kepler-62 c","Kepler-62","c",4.00000000,0.01300000,0.54000000,12.44170000000,-0.3700,4925.00,0.690000,0.640000,2013,"Transit"
"Kepler-62 d","Kepler-62","d",14.00000000,0.04400000,1.95000000,18.16406000000,-0.3700,4925.00,0.690000,0.640000,2013,"Transit"
"Kepler-62 e","Kepler-62","e",36.00000000,0.11300000,1.61000000,122.38740000000,-0.3700,4925.00,0.690000,0.640000,2013,"Transit"
"Kepler-62 f","Kepler-62","f",35.00000000,0.11000000,1.41000000,267.29100000000,-0.3700,4925.00,0.690000,0.640000,2013,"Transit"
"Kepler-63 b","Kepler-63","b",120.00000000,0.37800000,6.11000000,9.43415050000,0.0500,5576.00,0.984000,0.901000,2013,"Transit"
"Kepler-68 b","Kepler-68","b",8.03000000,0.02526521,2.35700000,5.39875259000,0.1100,5847.00,1.057000,1.256400,2013,"Transit"
"Kepler-68 c","Kepler-68","c",1.30000000,0.00409026,0.97900000,9.60502700000,0.1100,5847.00,1.057000,1.256400,2013,"Transit"
"Kepler-68 d","Kepler-68","d",238.05347684,0.74900000,,632.62000000000,0.1100,5847.00,1.057000,1.256400,2013,"Radial Velocity"
"Kepler-68 e","Kepler-68","e",86.44932670,0.27200000,,3455.00000000000,0.1100,5847.00,1.057000,1.256400,2023,"Radial Velocity"
"Kepler-7 b","Kepler-7","b",140.16303000,0.44100000,18.18099800,4.88548920000,0.1100,5933.00,1.359000,1.966000,2009,"Transit"
"Kepler-74 b","Kepler-74","b",200.22000000,0.63000000,10.76000000,7.34071100000,0.4200,6000.00,1.180000,1.120000,2013,"Transit"
"Kepler-75 b","Kepler-75","b",3209.90000000,10.10000000,11.77000000,8.88491160000,0.3000,5200.00,0.910000,0.890000,2013,"Transit"
"Kepler-76 b","Kepler-76","b",638.83830000,2.01000000,15.24424000,1.54492980000,-0.1000,6409.00,1.200000,1.320000,2013,"Orbital Brightness Modulation"
"Kepler-77 b","Kepler-77","b",136.66100000,0.43000000,10.76100000,3.57878087000,0.2000,5520.00,0.950000,0.990000,2013,"Transit"
"Kepler-78 b","Kepler-78","b",1.68000000,0.00528587,1.20100000,0.35500745000,-0.1800,5058.00,0.779000,0.747500,2013,"Transit"
"Kepler-79 b","Kepler-79","b",7.60000000,0.02391227,3.51000000,13.48451000000,0.0600,6389.00,1.244000,1.316000,2012,"Transit"
"Kepler-79 c","Kepler-79","c",4.60000000,0.01447322,3.76000000,27.40260000000,0.0600,6389.00,1.244000,1.316000,2012,"Transit"
"Kepler-79 d","Kepler-79","d",5.30000000,0.01667566,7.15000000,52.08970000000,0.0600,6389.00,1.244000,1.316000,2014,"Transit"
"Kepler-79 e","Kepler-79","e",3.80000000,0.01195614,3.53000000,81.06650000000,0.0600,6389.00,1.244000,1.316000,2014,"Transit"
"Kepler-8 b","Kepler-8","b",187.51970000,0.59000000,15.87194400,3.52249910000,-0.0550,6213.00,1.213000,1.486000,2010,"Transit"
"Kepler-80 b","Kepler-80","b",6.93000000,0.02180411,2.67000000,7.05246000000,0.0400,4540.00,0.730000,0.678000,2012,"Transit"
"Kepler-80 c","Kepler-80","c",6.74000000,0.02120631,2.74000000,9.52355000000,0.0400,4540.00,0.730000,0.678000,2012,"Transit"
"Kepler-80 d","Kepler-80","d",6.75000000,0.02123777,1.53000000,3.07222000000,0.0400,4540.00,0.730000,0.678000,2014,"Transit"
"Kepler-80 e","Kepler-80","e",4.13000000,0.01299437,1.60000000,4.64489000000,0.0400,4540.00,0.730000,0.678000,2014,"Transit"
"Kepler-849 b","Kepler-849","b",298.75870258,0.94000000,8.08167508,394.62508000000,0.1450,5950.00,1.259000,1.822000,2016,"Transit"
"Kepler-87 b","Kepler-87","b",324.20000000,1.02000000,13.49000000,114.73635000000,-0.1700,5600.00,1.100000,1.820000,2013,"Transit"
"Kepler-87 c","Kepler-87","c",6.40000000,0.02000000,6.14000000,191.23180000000,-0.1700,5600.00,1.100000,1.820000,2013,"Transit"
"Kepler-88 d","KOI-142","d",965.14699656,3.05046460,,1403.00000000000,0.2700,5466.00,0.990000,0.897000,2020,"Radial Velocity"
"Kepler-9 b","Kepler-9","b",43.40000000,0.13655099,8.29000000,19.23891000000,0.0500,5774.00,1.022000,0.958000,2010,"Transit"
"Kepler-9 c","Kepler-9","c",29.90000000,0.09407545,8.08000000,38.98530000000,0.0500,5774.00,1.022000,0.958000,2010,"Transit"
"Kepler-91 b","Kepler-91","b",257.44230000,0.81000000,15.32270300,6.24658000000,0.1100,4550.00,1.310000,6.300000,2013,"Transit"
"Kepler-93 b","Kepler-93","b",4.66000000,0.01466200,1.47800000,4.72673978000,-0.1800,5669.00,0.911000,0.919000,2014,"Transit"
"Kepler-93 c","Kepler-93","c",954.00000000,3.00000000,,1460.00000000000,-0.1800,5669.00,0.910000,0.920000,2014,"Radial Velocity"
"Kepler-94 b","Kepler-94","b",10.84000000,0.03400000,3.51000000,2.50806000000,0.3400,4781.00,0.810000,0.760000,2014,"Transit"
"Kepler-94 c","Kepler-94","c",3126.00000000,9.83600000,,820.30000000000,0.3400,4781.00,0.810000,0.760000,2014,"Radial Velocity"
"Kepler-95 b","Kepler-95","b",13.00000000,0.04100000,3.42000000,11.52310000000,0.3000,5699.00,1.080000,1.410000,2014,"Transit"
"Kepler-96 b","Kepler-96","b",8.46000000,0.02700000,2.67000000,16.23850000000,0.0400,5690.00,1.000000,1.020000,2014,"Transit"
"Kepler-97 b","Kepler-97","b",3.51000000,0.01100000,1.48000000,2.58664000000,-0.2000,5779.00,0.940000,0.980000,2014,"Transit"
"Kepler-97 c","Kepler-97","c",344.00000000,1.08000000,,789.00000000000,-0.2000,5779.00,0.940000,0.980000,2014,"Radial Velocity"
"Kepler-98 b","Kepler-98","b",3.55000000,0.01100000,1.99000000,1.54168000000,0.1800,5539.00,0.990000,1.110000,2014,"Transit"
"Kepler-99 b","Kepler-99","b",6.15000000,0.01900000,1.48000000,4.60358000000,0.1800,4782.00,0.790000,0.730000,2014,"Transit"
"L 168-9 b","L 168-9","b",4.07000000,0.01280565,1.63000000,1.40152604000,-0.0300,3842.00,0.614000,0.604000,2020,"Transit"
"L 98-59 b","L 98-59","b",0.46000000,0.00144732,0.83700000,2.25311400000,-0.4600,3415.00,0.292300,0.315500,2019,"Transit"
"L 98-59 c","L 98-59","c",2.00000000,0.00629270,1.32900000,3.69067640000,-0.4600,3415.00,0.292300,0.315500,2019,"Transit"
"L 98-59 d","L 98-59","d",1.64000000,0.00516002,1.62700000,7.45072900000,-0.4600,3415.00,0.292300,0.315500,2019,"Transit"
"L 98-59 e","L 98-59","e",2.82000000,0.00887271,,12.82780000000,-0.4600,3415.00,0.292300,0.315500,2021,"Radial Velocity"
"L 98-59 f","L 98-59","f",2.80000000,0.00880979,,23.06400000000,-0.4600,3415.00,0.292300,0.315500,2025,"Radial Velocity"
"LHS 1140 b","LHS 1140","b",5.60000000,0.01761957,1.73000000,24.73723000000,-0.1500,3096.00,0.184400,0.215900,2017,"Transit"
"LHS 1140 c","LHS 1140","c",1.91000000,0.00600953,1.27200000,3.77794000000,-0.1500,3096.00,0.184400,0.215900,2018,"Transit"
"LHS 1478 b","LHS 1478","b",2.33000000,0.00733100,1.24200000,1.94953780000,-0.1300,3381.00,0.236000,0.246000,2021,"Transit"
"LHS 1815 b","LHS 1815","b",1.58000000,0.00497124,1.08800000,3.81433400000,-0.1200,3643.00,0.502000,0.501000,2020,"Transit"
"LHS 1903 b","LHS 1903","b",3.28000000,0.01032003,1.38200000,2.15550980000,-0.1100,3664.00,0.538000,0.539000,2026,"Transit"
"LHS 1903 c","LHS 1903","c",4.55000000,0.01431590,2.04600000,6.22618500000,-0.1100,3664.00,0.538000,0.539000,2026,"Transit"
"LHS 1903 d","LHS 1903","d",5.96000000,0.01875226,2.50000000,12.56628700000,-0.1100,3664.00,0.538000,0.539000,2026,"Transit"
"LHS 1903 e","LHS 1903","e",5.79000000,0.01821738,1.73200000,29.31773000000,-0.1100,3664.00,0.538000,0.539000,2026,"Transit"
"LHS 3844 b","LHS 3844","b",2.37000000,0.00745685,1.28600000,0.46292970900,0.2200,3080.00,0.151000,0.189000,2019,"Transit"
"LP 714-47 b","LP 714-47","b",28.38000000,0.08929347,4.25000000,4.05203200000,0.0500,4123.00,0.542000,0.536000,2020,"Transit"
"LP 791-18 c","LP 791-18","c",7.16000000,0.02252788,2.48800000,4.98991000000,-0.0900,2960.00,0.139000,0.182000,2019,"Transit"
"LP 791-18 d","LP 791-18","d",0.91000000,0.00286318,1.03200000,2.75485000000,-0.0900,2960.00,0.139000,0.182000,2023,"Transit"
"LP 890-9 b","LP 890-9","b",13.20000000,0.04153184,1.32000000,2.72990250000,-0.0280,2850.00,0.118000,0.155600,2022,"Transit"
"LP 890-9 c","LP 890-9","c",25.30000000,0.07960270,1.36700000,8.45746300000,-0.0280,2850.00,0.118000,0.155600,2022,"Transit"
"LSPM J2116+0234 b","LSPM J2116+0234","b",13.30000000,0.04184627,,14.43990000000,-0.0500,3475.00,0.430000,0.431000,2019,"Radial Velocity"
"LTT 1445 A c","LTT 1445 A","c",1.54000000,0.00484538,1.14700000,3.12390350000,-0.3400,3340.00,0.257000,0.265000,2022,"Transit"
"LTT 3780 b","LTT 3780","b",2.46000000,0.00774003,1.32500000,0.76837931000,0.0600,3358.00,0.381000,0.380000,2020,"Transit"
"LTT 3780 c","LTT 3780","c",8.04000000,0.02529667,2.39000000,12.25228400000,0.0600,3358.00,0.381000,0.380000,2020,"Transit"
"LTT 9779 b","LTT 9779","b",29.32000000,0.09225057,4.72000000,0.79205200000,0.2700,5443.00,1.020000,0.949000,2020,"Transit"
"NGC 2682 Sand 1429 b","NGC 2682 Sand 1429","b",572.09113260,1.80000000,,77.48000000000,-0.0130,6000.00,1.260000,2.130000,2024,"Radial Velocity"
"NGTS-1 b","NGTS-1","b",258.07796000,0.81200000,14.90797000,2.64729800000,0.0000,3916.00,0.617000,0.573000,2017,"Transit"
"NGTS-11 b","NGTS-11","b",109.33352000,0.34400000,9.15775300,35.45533000000,0.2200,5050.00,0.862000,0.832000,2020,"Transit"
"NGTS-12 b","NGTS-12","b",66.10864000,0.20800000,11.74703200,7.53280600000,-0.0300,5690.00,1.021000,1.589000,2020,"Transit"
"NGTS-13 b","NGTS-13","b",1538.29720000,4.84000000,12.80067800,4.11902700000,0.2500,5819.00,1.300000,1.788000,2021,"Transit"
"NGTS-14 A b","NGTS-14 A","b",29.24036000,0.09200000,4.97679600,3.53571730000,0.1000,5187.00,0.898000,0.842000,2021,"Transit"
"NGTS-15 b","NGTS-15","b",238.68913366,0.75100000,12.32987877,3.27623000000,0.1500,5600.00,0.995000,0.954000,2021,"Transit"
"NGTS-16 b","NGTS-16","b",211.99154747,0.66700000,14.57167491,4.84532000000,0.3500,5550.00,1.002000,1.213000,2021,"Transit"
"NGTS-17 b","NGTS-17","b",242.82090295,0.76400000,13.89913607,3.24253000000,0.1500,5650.00,1.025000,1.337000,2021,"Transit"
"NGTS-18 b","NGTS-18","b",129.99181846,0.40900000,13.56286665,3.05125000000,0.1500,5610.00,1.003000,1.392000,2021,"Transit"
"NGTS-2 b","NGTS-2","b",235.19420000,0.74000000,17.87835500,4.51116400000,-0.0600,6478.00,1.640000,1.702000,2018,"Transit"
"NGTS-20 b","NGTS-20","b",947.12865286,2.98000000,11.99360935,54.18915000000,0.1500,5980.00,1.470000,1.780000,2022,"Transit"
"NGTS-21 b","NGTS-21","b",750.07504052,2.36000000,14.90794433,1.54338970000,-0.2600,4660.00,0.720000,0.860000,2022,"Transit"
"NGTS-23 b","NGTS-23","b",194.82881349,0.61300000,14.20177855,4.07643260000,-0.2600,6057.00,1.010000,1.240000,2022,"Transit"
"NGTS-24 b","NGTS-24","b",165.27077164,0.52000000,13.60770257,3.46787960000,0.2700,5820.00,1.260000,1.640000,2022,"Transit"
"NGTS-25 b","NGTS-25","b",203.09235207,0.63900000,11.46678726,2.82309300000,0.1200,5321.00,0.910000,0.860000,2022,"Transit"
"NGTS-26 b","NGTS-26","b",92.80589484,0.29200000,14.88552637,4.51992790000,0.2000,5550.00,0.960000,1.160000,2024,"Transit"
"NGTS-27 b","NGTS-27","b",188.47224535,0.59300000,15.64773706,3.37041810000,0.0000,5700.00,1.070000,1.770000,2024,"Transit"
"NGTS-3 A b","NGTS-3 A","b",756.43540000,2.38000000,16.58932000,1.67537280000,0.1200,5600.00,1.017000,0.930000,2018,"Transit"
"NGTS-30 b","NGTS-30","b",305.11527072,0.96000000,10.40193409,98.29838000000,-0.0300,5455.00,0.940000,0.913000,2024,"Transit"
"NGTS-31 b","NGTS-31","b",355.96781584,1.12000000,18.04645893,4.16273400000,0.0000,5710.00,0.960000,1.700000,2025,"Transit"
"NGTS-32 b","NGTS-32","b",181.16219199,0.57000000,15.91675259,3.31211000000,-0.0300,5680.00,1.070000,1.850000,2025,"Transit"
"NGTS-33 b","NGTS-33","b",1153.71711741,3.63000000,18.38272835,2.82797200000,-0.1100,7437.00,1.600000,1.470000,2024,"Transit"
"NGTS-34 b","NGTS-34","b",19.10000000,0.06009532,3.65000000,43.12655000000,0.2280,6134.00,1.266000,1.367000,2025,"Transit"
"NGTS-35 b","NGTS-35","b",152.00000000,0.47824548,10.90000000,25.24119200000,0.0850,4717.00,0.789000,0.753000,2025,"Transit"
"NGTS-38 b","NGTS-38","b",1516.04150139,4.77000000,12.11690814,180.52797000000,0.3300,6310.00,1.460000,1.880000,2026,"Transit"
"NGTS-39 b","NGTS-39","b",466.25427307,1.46700000,12.19537100,58.20472000000,0.1960,6053.00,1.160000,1.160000,2026,"Transit"
"NGTS-4 b","NGTS-4","b",20.60000000,0.06481452,3.18000000,1.33735080000,-0.2800,5143.00,0.750000,0.840000,2019,"Transit"
"NGTS-5 b","NGTS-5","b",72.78307000,0.22900000,12.73342400,3.35698660000,0.1200,4987.00,0.661000,0.739000,2019,"Transit"
"NGTS-6 b","NGTS-6","b",425.57437000,1.33900000,14.86313400,0.88205900000,0.1100,4730.00,0.767000,0.754000,2019,"Transit"
"NGTS-8 b","NGTS-8","b",295.58190000,0.93000000,12.21781000,2.49970000000,0.2400,5241.00,0.890000,0.980000,2019,"Transit"
"NGTS-9 b","NGTS-9","b",921.70700000,2.90000000,11.99363000,4.43527000000,0.3100,6330.00,1.340000,1.380000,2019,"Transit"
"OGLE-2018-BLG-0740L b","OGLE-2018-BLG-0740L","b",1500.00000000,4.80000000,,5480.00000000000,-0.2400,5912.00,1.000000,,2019,"Microlensing"
"OGLE-TR-132 b","OGLE-TR-132","b",375.02000000,1.18000000,13.45000000,1.68986800000,0.3700,6210.00,1.305000,1.320000,2004,"Transit"
"OGLE-TR-182 b","OGLE-TR-182","b",320.99500000,1.01000000,12.66600000,3.97910000000,0.3700,5924.00,1.140000,1.140000,2007,"Transit"
"OGLE-TR-211 b","OGLE-TR-211","b",327.35100000,1.03000000,15.24400000,3.67724000000,0.1100,6325.00,1.330000,1.640000,2007,"Transit"
"OGLE2-TR-L9 b","OGLE2-TR-L9","b",1430.17500000,4.50000000,18.04600000,2.48553350000,-0.0500,6933.00,1.520000,1.530000,2008,"Transit"
"PH1 b","PH1","b",169.00000000,0.53100000,6.18000000,138.31700000000,0.2100,6407.00,1.528000,1.734000,2012,"Transit"
"PH2 b","PH2","b",87.08498352,0.27400000,9.33708092,282.52542000000,0.0170,5734.00,0.966000,0.949000,2013,"Transit"
"POTS-1 b","POTS-1","b",734.16000000,2.31000000,10.54800000,3.16062960000,-0.0300,4400.00,0.695000,0.588000,2013,"Transit"
"Pr0201 b","Pr0201","b",171.62820000,0.54000000,,4.42640000000,0.1900,6174.00,1.240000,1.150000,2012,"Radial Velocity"
"Pr0211 b","Pr0211","b",597.52040000,1.88000000,,2.14610000000,0.1800,5300.00,0.935000,0.827000,2012,"Radial Velocity"
"Pr0211 c","Pr0211","c",2475.89570000,7.79000000,,4850.00000000000,0.1800,5300.00,0.935000,0.827000,2016,"Radial Velocity"
"Qatar-1 b","Qatar-1","b",411.27202000,1.29400000,12.81188700,1.42002420000,0.1710,5013.00,0.838000,0.803000,2010,"Transit"
"Qatar-10 b","Qatar-10","b",233.92288000,0.73600000,17.29548700,1.64532100000,0.0160,6124.00,1.156000,1.254000,2019,"Transit"
"Qatar-2 b","Qatar-2","b",792.63500000,2.49400000,14.05600000,1.33711647000,0.0200,4645.00,0.743000,0.776000,2011,"Transit"
"Qatar-3 b","Qatar-3","b",1369.84730000,4.31000000,12.28506400,2.50792040000,-0.0410,6007.00,1.145000,1.272000,2017,"Transit"
"Qatar-4 b","Qatar-4","b",1938.76300000,6.10000000,12.72221500,1.80535640000,0.1030,5215.00,0.896000,0.849000,2017,"Transit"
"Qatar-5 b","Qatar-5","b",1373.02560000,4.32000000,12.40836300,2.87923190000,0.3770,5747.00,1.128000,1.076000,2017,"Transit"
"Qatar-6 b","Qatar-6","b",212.31044000,0.66800000,11.90395800,3.50619500000,-0.0250,5052.00,0.822000,0.722000,2017,"Transit"
"Qatar-7 b","Qatar-7","b",597.52040000,1.88000000,19.05530000,2.03204600000,0.2760,6387.00,1.409000,1.564000,2019,"Transit"
"Qatar-8 b","Qatar-8","b",117.91493000,0.37100000,14.40356500,3.71495000000,0.0250,5738.00,1.029000,1.315000,2019,"Transit"
"Qatar-9 b","Qatar-9","b",378.21770000,1.19000000,11.30988100,1.54073100000,0.2520,4309.00,0.719000,0.696000,2019,"Transit"
"Ross 128 b","Ross 128","b",1.40000000,0.00440487,,9.86580000000,-0.0200,3192.00,0.168000,0.196700,2017,"Radial Velocity"
"Ross 176 b","Ross 176","b",4.57000000,0.01437883,1.84000000,5.00663380000,-0.1900,4041.00,0.577000,0.569000,2025,"Transit"
"Ross 508 b","Ross 508","b",4.00000000,0.01258541,,10.77000000000,-0.2000,3071.00,0.177400,0.211300,2022,"Radial Velocity"
"TIC 139270665 b","TIC 139270665","b",147.15455244,0.46300000,7.22979255,23.62400000000,0.1560,5844.00,1.035000,1.016000,2024,"Transit"
"TIC 139270665 c","TIC 139270665","c",1554.18091023,4.89000000,,1010.00000000000,0.1560,5844.00,1.035000,1.016000,2024,"Radial Velocity"
"TIC 147027702 b","TIC 147027702","b",346.43296363,1.09000000,10.92875618,44.40523000000,-0.0800,6410.00,1.406000,2.136000,2026,"Transit"
"TIC 172900988 b","TIC 172900988 Aa","b",942.00000000,2.96386345,11.25000000,200.45200000000,0.3400,6050.00,1.238400,1.384200,2021,"Transit"
"TIC 183374187 b","TIC 183374187","b",177.98390792,0.56000000,14.03364384,5.05907000000,-0.3900,5768.00,0.853000,1.344000,2026,"Transit"
"TIC 237913194 b","TIC 237913194","b",617.22586000,1.94200000,12.52045300,15.16886500000,0.1400,5788.00,1.026000,1.088000,2020,"Transit"
"TIC 241249530 b","TIC 241249530","b",1582.78546686,4.98000000,13.29385111,165.77190000000,0.0900,6166.00,1.271000,1.397000,2024,"Transit"
"TIC 245076932 b","TIC 245076932","b",162.09248757,0.51000000,10.87271128,21.61389000000,0.0200,6130.00,1.117000,1.288000,2026,"Transit"
"TIC 257060897 b","TIC 257060897","b",201.50321004,0.63400000,17.26183028,3.66003639000,0.0540,5993.00,1.187000,1.863000,2021,"Transit"
"TIC 279401253 b","TIC 279401253","b",1951.46641898,6.14000000,11.20898070,76.80000000000,0.2000,5951.00,1.130000,1.060000,2023,"Transit"
"TIC 279401253 c","TIC 279401253","c",2548.98382414,8.02000000,,155.30000000000,0.2000,5951.00,1.130000,1.060000,2023,"Transit"
"TIC 365102760 b","TIC 365102760","b",19.20000000,0.06040996,6.21000000,4.21285367000,0.0900,4900.00,1.170000,3.130000,2024,"Transit"
"TIC 393818343 b","TIC 393818343","b",1379.37528638,4.34000000,12.18416202,16.24921000000,0.3180,5756.00,1.082000,1.086000,2024,"Transit"
"TIC 46432937 b","TIC 46432937","b",1017.05090240,3.20000000,13.31626907,1.44044527000,0.3230,3572.00,0.563000,0.529900,2024,"Transit"
"TIC 4672985 b","TIC 4672985","b",4049.13390518,12.74000000,11.50041420,69.04800000000,0.1400,5757.00,1.010000,1.150000,2024,"Transit"
"TIC 52059926 b","TIC 52059926","b",5380.00000000,16.90000000,10.71000000,175.53200000000,-0.0800,4505.00,0.730000,0.720000,2026,"Transit"
"TIC 87422071 b","TIC 87422071","b",409.99864503,1.29000000,10.86150230,11.36492900000,0.1600,6150.00,1.239000,1.489000,2026,"Transit"
"TIC 9344899 b","TIC 9344899","b",6170.00000000,19.40000000,9.16000000,8.58215660000,0.0700,5800.00,0.980000,1.060000,2026,"Transit"
"TOI-1011 b","TOI-1011","b",4.04000000,0.01271126,1.45000000,2.47049800000,0.0300,5475.00,0.910000,0.920000,2025,"Transit"
"TOI-1052 b","TOI-1052","b",16.90000000,0.05317335,2.87000000,9.13970300000,0.1400,6146.00,1.204000,1.264000,2023,"Transit"
"TOI-1052 c","TOI-1052","c",34.30000000,0.10791987,,35.80600000000,0.1400,6146.00,1.204000,1.264000,2023,"Radial Velocity"
"TOI-1062 b","TOI-1062","b",10.15000000,0.03193547,2.26500000,4.11296000000,0.1400,5328.00,0.940000,0.840000,2021,"Transit"
"TOI-1062 c","TOI-1062","c",9.78000000,0.03077132,,7.97200000000,0.1400,5328.00,0.940000,0.840000,2021,"Radial Velocity"
"TOI-1064 b","TOI-1064","b",13.50000000,0.04247575,2.58700000,6.44386800000,0.0500,4734.00,0.748000,0.726000,2022,"Transit"
"TOI-1064 c","TOI-1064","c",2.50000000,0.00786588,2.65100000,12.22657400000,0.0500,4734.00,0.748000,0.726000,2022,"Transit"
"TOI-1075 b","TOI-1075","b",9.95000000,0.03130620,1.79100000,0.60473280000,-0.0800,3875.00,0.604000,0.581000,2022,"Transit"
"TOI-1080 b","TOI-1080","b",10.70000000,0.03366596,1.20000000,3.96524820000,-0.0900,3065.00,0.166700,0.201900,2026,"Transit"
"TOI-1107 b","TOI-1107","b",1064.72516345,3.35000000,14.57167491,4.07823870000,-0.1000,6311.00,1.350000,1.810000,2022,"Transit"
"TOI-1117 b","TOI-1117","b",8.90000000,0.02800253,2.46000000,2.22816000000,0.1360,5635.00,0.970000,1.050000,2025,"Transit"
"TOI-1117 c","TOI-1117","c",8.78000000,0.02762497,,4.57900000000,0.1360,5635.00,0.970000,1.050000,2025,"Radial Velocity"
"TOI-1117 d","TOI-1117","d",10.71000000,0.03369743,,8.66500000000,0.1360,5635.00,0.970000,1.050000,2025,"Radial Velocity"
"TOI-1130 b","TOI-1130","b",19.80000000,0.06229777,3.66000000,4.07455400000,0.1100,4360.00,0.745000,0.697000,2020,"Transit"
"TOI-1130 c","TOI-1130","c",336.00000000,1.05717423,13.00000000,8.35018980000,0.1100,4360.00,0.745000,0.697000,2020,"Transit"
"TOI-1135 b","TOI-1135","b",58.79825529,0.18500000,9.91994792,8.02773270000,-0.0390,6320.00,1.119000,1.202000,2024,"Transit"
"TOI-1136 b","TOI-1136","b",3.50000000,0.01101223,,4.17270000000,0.0700,5770.00,1.022000,0.968000,2022,"Transit"
"TOI-1136 c","TOI-1136","c",6.32000000,0.01988494,,6.25740000000,0.0700,5770.00,1.022000,0.968000,2022,"Transit"
"TOI-1136 d","TOI-1136","d",8.35000000,0.02627204,,12.51990000000,0.0700,5770.00,1.022000,0.968000,2022,"Transit"
"TOI-1136 e","TOI-1136","e",6.07000000,0.01909836,,18.80100000000,0.0700,5770.00,1.022000,0.968000,2022,"Transit"
"TOI-1136 f","TOI-1136","f",9.70000000,0.03051961,,26.32100000000,0.0700,5770.00,1.022000,0.968000,2022,"Transit"
"TOI-1136 g","TOI-1136","g",5.60000000,0.01761957,,39.54500000000,0.0700,5770.00,1.022000,0.968000,2022,"Transit"
"TOI-1181 b","TOI-1181","b",374.71969185,1.17900000,17.02644168,2.10318900000,0.3800,6054.00,1.467000,1.961000,2022,"Transit"
"TOI-1194 b","TOI-1194","b",120.00000000,0.37756222,8.71664516,2.31064460000,0.3480,5394.00,0.983500,0.960800,2023,"Transit"
"TOI-1199 b","TOI-1199","b",75.96098927,0.23900000,10.51402390,3.67146300000,0.4400,5710.00,1.230000,1.450000,2024,"Transit"
"TOI-1201 b","TOI-1201","b",6.28000000,0.01975909,2.41500000,2.49198630000,0.0500,3476.00,0.512000,0.508000,2021,"Transit"
"TOI-1203 b","TOI-1203","b",3.51000000,0.01104370,1.52000000,4.15728880000,-0.3900,5737.00,0.886000,1.179000,2025,"Radial Velocity"
"TOI-1203 c","TOI-1203","c",5.46000000,0.01717908,,13.07660000000,-0.3900,5737.00,0.886000,1.179000,2025,"Radial Velocity"
"TOI-1203 e","TOI-1203","e",42.10000000,0.13246141,,204.59000000000,-0.3900,5737.00,0.886000,1.179000,2025,"Radial Velocity"
"TOI-1203.01","TOI-1203","d",7.39000000,0.02325154,2.91800000,25.50267200000,-0.3900,5737.00,0.886000,1.179000,2021,"Transit"
"TOI-1221 b","TOI-1221","b",1112.39942450,3.50000000,2.91000000,91.68278000000,0.0600,5592.00,0.930000,1.031000,2023,"Transit"
"TOI-1231 b","TOI-1231","b",15.40000000,0.04845382,3.65000000,24.24558600000,0.0410,3553.00,0.485000,0.476000,2021,"Transit"
"TOI-1232 b","TOI-1232","b",220.57291446,0.69400000,10.92875618,14.25600000000,0.1800,5823.00,1.058000,1.072000,2026,"Transit"
"TOI-1232 c","TOI-1232","c",58.48042689,0.18400000,,30.35600000000,0.1800,5823.00,1.058000,1.072000,2026,"Transit Timing Variations"
"TOI-1235 b","TOI-1235","b",6.69000000,0.02104909,1.69000000,3.44471400000,0.3300,3997.00,0.630000,0.619000,2020,"Transit"
"TOI-1238 b","TOI-1238","b",3.76000000,0.01183028,1.21000000,0.76459700000,0.3100,4089.00,0.590000,0.580000,2022,"Transit"
"TOI-1238 c","TOI-1238","c",8.32000000,0.02617765,2.11000000,3.29473600000,0.3100,4089.00,0.590000,0.580000,2022,"Transit"
"TOI-1243 b","TOI-1243","b",7.70000000,0.02422691,2.33000000,4.65947790000,-0.2000,3515.00,0.515000,0.511000,2026,"Transit"
"TOI-1246 b","TOI-1246","b",8.10000000,0.02548545,3.01000000,4.30744000000,0.1700,5151.00,0.870000,0.860000,2022,"Transit"
"TOI-1246 c","TOI-1246","c",9.10000000,0.02863180,2.45109846,5.90413700000,0.1680,5213.00,0.888900,0.864900,2022,"Transit"
"TOI-1246 d","TOI-1246","d",5.40000000,0.01699030,3.43139739,18.65487400000,0.1680,5213.00,0.888900,0.864900,2022,"Transit"
"TOI-1246 e","TOI-1246","e",14.50000000,0.04562210,3.51418750,37.92548000000,0.1680,5213.00,0.888900,0.864900,2022,"Transit"
"TOI-1248 b","TOI-1248","b",27.40000000,0.08621004,6.80848590,4.36015610000,0.2230,5205.00,0.904200,0.868600,2024,"Transit"
"TOI-1249 b","TOI-1249","b",11.90000000,0.03744159,3.27103010,13.07915100000,0.2970,5497.00,1.006200,0.978500,2024,"Transit"
"TOI-125 b","TOI-125","b",9.50000000,0.02989019,2.72600000,4.65382000000,-0.0200,5320.00,0.859000,0.848000,2019,"Transit"
"TOI-125 c","TOI-125","c",6.63000000,0.02086021,2.75900000,9.15059000000,-0.0200,5320.00,0.859000,0.848000,2019,"Transit"
"TOI-125 d","TOI-125","d",13.60000000,0.04279017,2.93000000,19.98000000000,-0.0200,5320.00,0.859000,0.848000,2020,"Transit"
"TOI-1260 b","TOI-1260","b",8.56000000,0.02693277,2.41000000,3.12746300000,-0.1000,4227.00,0.679000,0.672000,2021,"Transit"
"TOI-1260 c","TOI-1260","c",13.20000000,0.04153184,2.76000000,7.49313400000,-0.1000,4227.00,0.679000,0.672000,2021,"Transit"
"TOI-1260 d","TOI-1260","d",11.84000000,0.03725281,3.12000000,16.60816400000,-0.1000,4227.00,0.679000,0.672000,2022,"Transit"
"TOI-1266 b","TOI-1266","b",4.46000000,0.01403273,2.52000000,10.89450000000,-0.1090,3563.00,0.437000,0.423200,2020,"Transit"
"TOI-1266 c","TOI-1266","c",3.17000000,0.00997394,1.98000000,18.80270000000,-0.1090,3563.00,0.437000,0.423200,2020,"Transit"
"TOI-1266 d","TOI-1266","d",3.68000000,0.01157857,,32.50900000000,-0.1090,3563.00,0.437000,0.423200,2025,"Transit Timing Variations"
"TOI-1268 b","TOI-1268","b",96.40000000,0.30330832,9.10000000,8.15770940000,0.3600,5300.00,0.960000,0.920000,2022,"Transit"
"TOI-1269 b","TOI-1269","b",6.40000000,0.02013665,2.40144286,4.25299130000,-0.0490,5499.00,0.902700,0.852100,2024,"Transit"
"TOI-1272 b","TOI-1272","b",24.10000000,0.07582708,4.26000000,3.31597650000,0.1000,4985.00,0.828000,0.800000,2022,"Transit"
"TOI-1273 b","TOI-1273","b",70.55790635,0.22200000,11.09689089,4.63129600000,0.0700,5690.00,1.060000,1.060000,2024,"Transit"
"TOI-1278 b","TOI-1278","b",5879.82552950,18.50000000,12.21778896,14.47567000000,-0.0100,3799.00,0.540000,0.573000,2021,"Transit"
"TOI-1279 b","TOI-1279","b",10.60000000,0.03335133,2.66146528,9.61419000000,-0.0790,5457.00,0.878400,0.842600,2024,"Transit"
"TOI-1288 b","TOI-1288","b",44.10000000,0.13875412,4.96846551,2.69982790000,0.2570,5388.00,0.955200,0.958300,2022,"Transit"
"TOI-1288 c","TOI-1288","c",85.70000000,0.26964235,,416.00000000000,0.2570,5388.00,0.955200,0.958300,2022,"Radial Velocity"
"TOI-1294 b","TOI-1294","b",63.90000000,0.20105188,10.12369881,3.91529200000,0.2830,5718.00,1.157800,1.556600,2024,"Transit"
"TOI-1294 c","TOI-1294","c",147.00000000,0.46251372,,159.90000000000,0.2830,5718.00,1.157800,1.556600,2024,"Radial Velocity"
"TOI-1295 b","TOI-1295","b",451.31633794,1.42000000,15.69257298,3.19688380000,0.2600,6280.00,1.380000,1.700000,2024,"Transit"
"TOI-1296 b","TOI-1296","b",95.30000000,0.29984733,14.11645916,3.94437360000,0.4050,5567.00,1.157600,1.703100,2021,"Transit"
"TOI-1298 b","TOI-1298","b",99.00000000,0.31148883,9.65807033,4.53714300000,0.3970,5752.00,1.218700,1.453600,2021,"Transit"
"TOI-132 b","TOI-132","b",22.40000000,0.07047793,3.42000000,2.10970190000,0.1600,5397.00,0.970000,0.900000,2020,"Transit"
"TOI-1333 b","TOI-1333","b",753.25710000,2.37000000,15.64776400,4.72021900000,0.1190,6274.00,1.464000,1.925000,2021,"Transit"
"TOI-1347 b","TOI-1347","b",11.10000000,0.03492451,1.80000000,0.84742346000,0.0400,5464.00,0.913000,0.830000,2024,"Transit"
"TOI-1347 c","TOI-1347","c",6.40000000,0.02013665,1.60000000,4.84196200000,0.0400,5464.00,0.913000,0.830000,2024,"Transit"
"TOI-1386 b","TOI-1386","b",45.80000000,0.14410292,6.21638650,25.84010000000,0.1490,5735.00,1.036300,1.023500,2024,"Transit"
"TOI-1386 c","TOI-1386","c",75.20000000,0.23660566,,232.00000000000,0.1490,5735.00,1.036300,1.023500,2024,"Radial Velocity"
"TOI-1408 b","TOI-1408","b",593.00000000,1.86578665,25.00000000,4.42587000000,0.2500,6117.00,1.312000,1.530000,2023,"Transit"
"TOI-1408 c","TOI-1408","c",7.60000000,0.02391227,2.22000000,2.16640000000,0.2500,6117.00,1.312000,1.530000,2024,"Transit Timing Variations"
"TOI-1410 c","TOI-1410","c",27.00000000,0.08495150,,47.56000000000,0.3280,4635.00,0.794100,0.755800,2024,"Radial Velocity"
"TOI-1410.01","TOI-1410","b",12.50000000,0.03932940,3.10083009,1.21687000000,0.3280,4635.00,0.794100,0.755800,2024,"Transit"
"TOI-1411 b","TOI-1411","b",2.00000000,0.00629270,1.19880592,1.45205270000,0.0120,4115.00,0.604500,0.614000,2022,"Transit"
"TOI-1416 b","TOI-1416","b",3.48000000,0.01094930,1.62000000,1.06975680000,0.0800,4884.00,0.798000,0.793000,2023,"Transit"
"TOI-1420 b","TOI-1420","b",25.10000000,0.07897343,11.89000000,6.95610630000,0.2800,5510.00,0.987000,0.923000,2023,"Transit"
"TOI-1431 b","TOI-1431","b",991.62462984,3.12000000,16.70138124,2.65023700000,0.0900,7690.00,1.900000,1.920000,2021,"Transit"
"TOI-1437 b","TOI-1437","b",9.60000000,0.03020498,2.24000000,18.84094200000,-0.4924,6008.00,1.100000,1.170000,2024,"Transit"
"TOI-1438 b","TOI-1438","b",9.40000000,0.02957571,3.04000000,5.13967000000,0.0300,5230.00,0.876000,0.820000,2025,"Transit"
"TOI-1438 c","TOI-1438","c",10.60000000,0.03335133,2.75000000,9.42808900000,0.0300,5230.00,0.876000,0.820000,2025,"Transit"
"TOI-1439 b","TOI-1439","b",38.50000000,0.12113455,4.24278610,27.64400000000,0.2260,5841.00,1.231300,1.618400,2024,"Transit"
"TOI-1443 b","TOI-1443","b",30.00000000,0.09439056,2.30381001,23.54067800000,-0.2940,5224.00,0.766300,0.751100,2024,"Transit"
"TOI-1444 b","TOI-1444","b",3.58000000,0.01126394,1.41792246,0.47027430000,0.1460,5460.00,0.951300,0.910500,2021,"Transit"
"TOI-1448 b","TOI-1448","b",19.50000000,0.06135386,2.74900000,8.11224500000,0.3700,3412.00,0.372000,0.380000,2024,"Transit"
"TOI-1450 A b","TOI-1450 A","b",1.25800000,0.00395811,1.13000000,2.04392740000,-0.1200,3437.00,0.480000,0.483000,2024,"Transit"
"TOI-1450 A c","TOI-1450 A","c",1.52700000,0.00480448,,5.06880000000,-0.1200,3437.00,0.480000,0.483000,2024,"Transit"
"TOI-1451 b","TOI-1451","b",15.20000000,0.04782455,2.61143902,16.53794400000,0.0190,5801.00,1.002200,1.016200,2024,"Transit"
"TOI-1452 b","TOI-1452","b",4.82000000,0.01516542,1.67200000,11.06201000000,-0.0700,3185.00,0.249000,0.275000,2022,"Transit"
"TOI-1453 b","TOI-1453","b",2.32000000,0.00729954,1.17300000,4.31352250000,-0.3100,4975.00,0.715000,0.720000,2025,"Transit"
"TOI-1453 c","TOI-1453","c",2.95000000,0.00928174,2.22400000,6.58869820000,-0.3100,4975.00,0.715000,0.720000,2025,"Transit"
"TOI-1468 b","TOI-1468","b",3.04000000,0.00956491,1.40100000,1.88052010000,-0.0100,3376.00,0.352700,0.371400,2022,"Transit"
"TOI-1468 c","TOI-1468","c",4.10000000,0.01290004,2.12600000,15.53247700000,-0.0100,3376.00,0.352700,0.371400,2022,"Transit"
"TOI-1470 b","TOI-1470","b",7.32000000,0.02303130,2.18000000,2.52709300000,0.0000,3709.00,0.471000,0.469000,2023,"Transit"
"TOI-1470 c","TOI-1470","c",7.24000000,0.02277959,2.47000000,18.08816000000,0.0000,3709.00,0.471000,0.469000,2023,"Transit"
"TOI-1472 b","TOI-1472","b",18.05000000,0.05700000,4.05800000,6.36338574000,0.2700,5100.00,0.870000,0.840000,2024,"Transit"
"TOI-1472 c","TOI-1472","c",21.13000000,0.06700000,3.33400000,15.53817470000,0.2700,5100.00,0.870000,0.840000,2025,"Radial Velocity"
"TOI-150.01","TOI-150","b",797.75330000,2.51000000,14.06729500,5.85748700000,0.2800,6255.00,1.351000,1.526000,2019,"Transit"
"TOI-1516 b","TOI-1516","b",1004.33776612,3.16000000,15.24421375,2.05601400000,-0.0500,6520.00,1.140000,1.140000,2022,"Transit"
"TOI-1518 b","TOI-1518","b",581.62598481,1.83000000,21.05046575,1.90261131000,-0.1000,7299.00,1.880000,1.942000,2021,"Transit"
"TOI-1533 b","TOI-1533","b",28.10000000,0.08841249,2.89000000,3.64579740000,0.2400,5146.00,0.880000,0.849000,2026,"Transit"
"TOI-1533 c","TOI-1533","c",36.60000000,0.11515648,7.50000000,8.06379260000,0.2400,5146.00,0.880000,0.849000,2026,"Transit"
"TOI-157 b","TOI-157","b",375.03940000,1.18000000,14.41477400,2.08454350000,0.2400,5404.00,0.948000,1.167000,2020,"Transit"
"TOI-159 b","TOI-159","b",1110.00000000,3.49000000,18.18000000,3.76283960000,0.3000,7287.00,1.661000,1.620000,2026,"Transit"
"TOI-1601 b","TOI-1601","b",387.00000000,1.21763817,14.19902343,5.33175000000,0.3430,5982.00,1.505500,2.195000,2021,"Transit"
"TOI-163 b","TOI-163","b",387.75260000,1.22000000,16.69020100,4.23130600000,0.2200,6495.00,1.435200,1.648000,2019,"Transit"
"TOI-1634 b","TOI-1634","b",4.90000000,0.01541712,1.75900000,0.98934551000,0.2300,3550.00,0.502000,0.450000,2021,"Transit"
"TOI-1648 b","TOI-1648","b",7.40000000,0.02330000,2.54000000,7.33160200000,0.2000,4850.00,0.830000,0.810000,2025,"Transit"
"TOI-1669 b","TOI-1669","b",191.00000000,0.60095321,,500.00000000000,0.2740,5497.00,0.986700,1.056100,2023,"Radial Velocity"
"TOI-1669 c","TOI-1669","c",13.00000000,0.04090257,2.29639770,2.68005350000,0.2740,5497.00,0.986700,1.056100,2024,"Transit"
"TOI-1670 b","TOI-1670","b",41.31769291,0.13000000,2.06000000,10.98462000000,0.0900,6170.00,1.210000,1.316000,2022,"Transit"
"TOI-1670 c","TOI-1670","c",200.23189641,0.63000000,11.06326395,40.74976000000,0.0900,6170.00,1.210000,1.316000,2022,"Transit"
"TOI-1685 b","TOI-1685","b",3.07000000,0.00965930,1.42100000,0.66913923000,0.0100,3470.00,0.466000,0.462000,2021,"Transit"
"TOI-169 b","TOI-169","b",251.40353000,0.79100000,12.17297400,2.25544770000,0.2400,5880.00,1.147000,1.288000,2020,"Transit"
"TOI-1694 b","TOI-1694","b",28.24000000,0.08885298,5.27000000,3.77013890000,0.0400,5005.00,0.828000,0.812000,2023,"Transit"
"TOI-1694 c","TOI-1694","c",316.55709337,0.99600000,,386.25000000000,0.0400,5005.00,0.828000,0.812000,2023,"Radial Velocity"
"TOI-1695 b","TOI-1695","b",6.36000000,0.02001080,1.90000000,3.13427910000,0.0000,3690.00,0.513000,0.515000,2022,"Transit"
"TOI-1696 b","TOI-1696","b",48.80000000,0.15354197,3.09000000,2.50031100000,0.3360,3185.00,0.255000,0.277500,2022,"Transit"
"TOI-1710 b","TOI-1710","b",19.10000000,0.06009532,5.06000000,24.28336000000,0.0400,5775.00,1.020000,0.930000,2022,"Transit"
"TOI-172 b","TOI-172","b",1722.63860000,5.42000000,10.81668500,9.47725000000,0.1480,5645.00,1.128000,1.777000,2019,"Transit"
"TOI-1728 b","TOI-1728","b",26.78000000,0.08425888,5.05000000,3.49151000000,0.2500,3980.00,0.646000,0.624300,2020,"Transit"
"TOI-1736 b","TOI-1736","b",12.30000000,0.03870013,3.18175535,7.07307600000,0.1480,5636.00,1.037300,1.428600,2023,"Transit"
"TOI-1736 c","TOI-1736","c",2441.00000000,7.68024489,,571.25000000000,0.1480,5636.00,1.037300,1.428600,2023,"Radial Velocity"
"TOI-1742 b","TOI-1742","b",9.70000000,0.03051961,2.36507598,21.26908400000,0.1930,5815.00,1.086100,1.131000,2024,"Transit"
"TOI-1749 b","TOI-1749","b",57.00000000,0.17934206,1.39000000,2.38839000000,-0.2600,3985.00,0.580000,0.550000,2021,"Transit"
"TOI-1749 c","TOI-1749","c",14.00000000,0.04404893,2.12000000,4.49290000000,-0.2600,3985.00,0.580000,0.550000,2021,"Transit"
"TOI-1749 d","TOI-1749","d",15.00000000,0.04719528,2.52000000,9.04970000000,-0.2600,3985.00,0.580000,0.550000,2021,"Transit"
"TOI-1751 b","TOI-1751","b",19.50000000,0.06135386,2.95078450,37.46852000000,-0.3730,5970.00,0.938200,1.313700,2024,"Transit"
"TOI-1753 b","TOI-1753","b",16.60000000,0.05222944,2.47852533,5.38461040000,0.0260,5621.00,0.948300,0.971500,2024,"Transit"
"TOI-1759 b","TOI-1759","b",10.80000000,0.03398060,3.14000000,18.85019000000,0.0500,4065.00,0.606000,0.597000,2022,"Transit"
"TOI-1774.01","TOI-1774","b",8.50000000,0.02674399,2.78000000,16.70988000000,-0.0200,5746.00,0.991000,1.130300,2021,"Transit"
"TOI-1775 b","TOI-1775","b",96.00000000,0.30204978,8.04728896,10.24055490000,0.1620,5284.00,0.921800,0.828800,2024,"Transit"
"TOI-1776 b","TOI-1776","b",1.40000000,0.00440489,1.21612741,2.79986800000,-0.1930,5785.00,0.919600,0.935600,2024,"Transit"
"TOI-178 b","TOI-178","b",0.96000000,0.00302050,1.20000000,1.91456010000,-0.2300,4316.00,0.647000,0.662000,2021,"Transit"
"TOI-178 c","TOI-178","c",4.64000000,0.01459907,1.75400000,3.23848600000,-0.2300,4316.00,0.647000,0.662000,2021,"Transit"
"TOI-178 d","TOI-178","d",5.20000000,0.01636103,2.69500000,6.55756900000,-0.2300,4316.00,0.647000,0.662000,2021,"Transit"
"TOI-178 e","TOI-178","e",3.48000000,0.01094930,2.30100000,9.96318000000,-0.2300,4316.00,0.647000,0.662000,2021,"Transit"
"TOI-178 f","TOI-178","f",5.63000000,0.01771396,2.41700000,15.23335000000,-0.2300,4316.00,0.647000,0.662000,2021,"Transit"
"TOI-178 g","TOI-178","g",4.40000000,0.01384395,2.93900000,20.71663000000,-0.2300,4316.00,0.647000,0.662000,2021,"Transit"
"TOI-1789 b","TOI-1789","b",222.47988490,0.70000000,16.14093221,3.20866400000,0.3730,5991.00,1.507000,2.168000,2021,"Transit"
"TOI-1794 b","TOI-1794","b",8.70000000,0.02737326,3.29701268,8.76552800000,0.0350,5631.00,0.969800,1.316200,2024,"Transit"
"TOI-1801 b","TOI-1801","b",5.73800000,0.01805377,2.07900000,10.64387000000,-0.1900,3863.00,0.556000,0.547000,2023,"Transit"
"TOI-1803 b","TOI-1803","b",10.32000000,0.03247035,2.99000000,6.29328700000,0.0140,4687.00,0.756000,0.715000,2025,"Transit"
"TOI-1803 c","TOI-1803","c",8.00000000,0.02517081,4.29000000,12.88577900000,0.0140,4687.00,0.756000,0.715000,2025,"Transit"
"TOI-1807 b","TOI-1807","b",2.44000000,0.00767710,1.49681583,0.54937097000,0.0440,4914.00,0.804800,0.746000,2021,"Transit"
"TOI-181 b","TOI-181","b",46.16870000,0.14520000,6.95590000,4.53200000000,0.2720,4994.00,0.822000,0.745000,2023,"Transit"
"TOI-1811 b","TOI-1811","b",308.92921160,0.97200000,11.14172682,3.71307650000,0.3060,4766.00,0.817000,0.769000,2023,"Transit"
"TOI-1820 b","TOI-1820","b",731.00533610,2.30000000,12.77823800,4.86067400000,0.1400,5734.00,1.040000,1.510000,2022,"Transit"
"TOI-1823 b","TOI-1823","b",67.40000000,0.21206412,7.54062410,38.80000000000,0.2430,4927.00,0.841400,0.804900,2024,"Transit"
"TOI-1824 b","TOI-1824","b",16.00000000,0.05034163,2.74382690,22.80853300000,0.1240,5165.00,0.880100,0.812300,2024,"Transit"
"TOI-1836 b","TOI-1836","b",38.45723725,0.12100000,8.00321222,20.38079900000,-0.1010,6380.00,1.307000,1.577000,2024,"Transit"
"TOI-1836 c","TOI-1836","c",8.00000000,0.02517081,2.59987579,1.77274710000,-0.1360,6237.00,1.251800,1.645400,2024,"Transit"
"TOI-1842 b","TOI-1842","b",89.40000000,0.28128386,12.34850230,9.57391810000,0.3320,6039.00,1.464300,2.032000,2021,"Transit"
"TOI-1853 b","TOI-1853","b",73.20000000,0.23031296,3.46000000,1.24362580000,0.1100,4985.00,0.837000,0.808000,2023,"Transit"
"TOI-1855 b","TOI-1855","b",360.09958513,1.13300000,18.49481816,1.36414864000,0.3990,5359.00,0.987000,1.041000,2024,"Transit"
"TOI-1883 b","TOI-1883","b",13.70000000,0.04310502,5.65000000,4.50800000000,0.3200,3554.00,0.495000,0.506000,2024,"Transit"
"TOI-1898 b","TOI-1898","b",129.00000000,0.40587939,9.39553231,45.52234000000,-0.0950,6241.00,1.248400,1.613100,2024,"Transit"
"TOI-1899 b","TOI-1899","b",212.94503269,0.67000000,11.09689089,29.09031200000,0.2800,3926.00,0.632000,0.607000,2020,"Transit"
"TOI-1937 A b","TOI-1937 A","b",638.83509807,2.01000000,13.97759893,0.94667944000,0.1960,5814.00,1.072000,1.080000,2023,"Transit"
"TOI-198 b","TOI-198","b",3.17000000,0.00997394,1.36000000,10.21521300000,-0.6600,3801.00,0.417000,0.418000,2023,"Transit"
"TOI-199 b","TOI-199","b",54.03082919,0.17000000,9.07927437,104.85400000000,0.2200,5255.00,0.936000,0.820000,2023,"Transit"
"TOI-199 c","TOI-199","c",88.99195396,0.28000000,,273.69000000000,0.2200,5255.00,0.936000,0.820000,2023,"Transit Timing Variations"
"TOI-1994 b","TOI-1994","b",7024.00779470,22.10000000,13.67495645,4.03371420000,-0.0100,7700.00,1.860000,2.300000,2024,"Transit"
"TOI-2000 b","TOI-2000","b",11.00000000,0.03470000,2.70000000,3.09833000000,0.4390,5611.00,1.082000,1.134000,2023,"Transit"
"TOI-2000 c","TOI-2000","c",81.70000000,0.25700000,8.14000000,9.12705500000,0.4390,5611.00,1.082000,1.134000,2023,"Transit"
"TOI-2005 b","TOI-2005","b",2034.10180480,6.40000000,11.99360935,17.30590400000,0.0000,7130.00,1.590000,2.020000,2025,"Transit"
"TOI-2010 b","TOI-2010","b",408.72733140,1.28600000,11.81426566,141.83402500000,0.1680,5929.00,1.112000,1.079000,2023,"Transit"
"TOI-2015 b","TOI-2015","b",9.20000000,0.02894644,3.30900000,3.34823700000,-0.3100,3297.00,0.304100,0.327300,2023,"Transit"
"TOI-2015 c","TOI-2015","c",8.91000000,0.02803400,,5.58279600000,-0.3100,3297.00,0.304100,0.327300,2025,"Transit Timing Variations"
"TOI-2018 b","TOI-2018","b",9.20000000,0.02894644,2.26800000,7.43558300000,-0.5800,4174.00,0.570000,0.620000,2023,"Transit"
"TOI-2019 b","TOI-2019","b",34.40000000,0.10823450,5.33275337,15.34440000000,0.4090,5626.00,1.183200,1.745700,2024,"Transit"
"TOI-2025 b","TOI-2025","b",1144.18226520,3.60000000,11.89272852,8.87209820000,0.1500,5977.00,1.199000,1.459000,2022,"Transit"
"TOI-2031 A b","TOI-2031 A","b",254.26272560,0.80000000,14.20177855,5.71548654000,-0.2400,6490.00,1.174000,1.241000,2025,"Transit"
"TOI-2040 b","TOI-2040","b",248.22398587,0.78100000,10.32347122,3.86085760000,0.3000,5132.00,0.920000,0.870000,2026,"Transit"
"TOI-2046 b","TOI-2046","b",731.00533610,2.30000000,16.14093221,1.49718420000,-0.0600,6250.00,1.130000,1.210000,2022,"Transit"
"TOI-2049 b","TOI-2049","b",486.27746271,1.53000000,16.64533634,5.30346800000,0.3110,6164.00,1.570000,3.200000,2026,"Transit"
"TOI-2088 b","TOI-2088","b",37.00000000,0.11641502,3.68311790,124.72997000000,0.3390,5081.00,0.902700,0.848100,2024,"Transit"
"TOI-2093 b","TOI-2093","b",10.60000000,0.03335133,,12.83600000000,-0.0800,4426.00,0.745000,0.729000,2025,"Radial Velocity"
"TOI-2093 c","TOI-2093","c",15.80000000,0.04971236,2.30000000,53.81149000000,-0.0800,4426.00,0.745000,0.729000,2025,"Transit"
"TOI-2095 b","TOI-2095","b",4.10000000,0.01290004,1.25000000,17.66484000000,-0.2400,3759.00,0.440000,0.440000,2023,"Transit"
"TOI-2095 c","TOI-2095","c",7.40000000,0.02328300,1.33000000,28.17232000000,-0.2400,3759.00,0.440000,0.440000,2023,"Transit"
"TOI-2107 b","TOI-2107","b",263.79757781,0.83000000,13.57407563,2.45454670000,0.0700,5627.00,0.961000,0.932000,2024,"Transit"
"TOI-2109 b","TOI-2109","b",1595.49860314,5.02000000,15.09849700,0.67247414000,0.0680,6540.00,1.453000,1.698000,2021,"Transit"
"TOI-2114 b","TOI-2114","b",324.18497514,1.02000000,14.54925695,6.20995900000,0.0010,6400.00,1.309000,1.970000,2026,"Transit"
"TOI-2120 b","TOI-2120","b",6.80000000,0.02139519,2.12200000,5.79981640000,0.3900,3131.00,0.211000,0.245000,2024,"Transit"
"TOI-2128 b","TOI-2128","b",4.50000000,0.01415858,2.08874836,16.34136000000,-0.0700,5968.00,1.025100,1.117400,2024,"Transit"
"TOI-2134 b","TOI-2134","b",9.37000000,0.02948132,2.73500000,9.22919800000,0.1200,4580.00,0.744000,0.709000,2023,"Transit"
"TOI-2134 c","TOI-2134","c",58.30000000,0.18343231,7.35000000,95.85284000000,0.1200,4580.00,0.744000,0.709000,2023,"Transit"
"TOI-2136 b","TOI-2136","b",6.37000000,0.02004226,2.19000000,7.85192800000,0.0300,3342.00,0.340000,0.340000,2022,"Transit"
"TOI-2141 b","TOI-2141","b",20.10000000,0.06324167,3.14700000,18.26160800000,-0.1400,5635.00,0.896000,0.950000,2023,"Transit"
"TOI-2141 c","TOI-2141","c",6.14000000,0.01931860,,5.46240000000,-0.1400,5635.00,0.896000,0.950000,2025,"Radial Velocity"
"TOI-2141 d","TOI-2141","d",14.90000000,0.04688064,,60.45000000000,-0.1400,5635.00,0.896000,0.950000,2025,"Radial Velocity"
"TOI-2145 b","TOI-2145","b",1805.26535176,5.68000000,12.24020692,10.26112800000,0.2800,6206.00,1.710000,2.750000,2023,"Transit"
"TOI-2147 b","TOI-2147","b",116.00000000,0.36497682,10.50000000,26.20518000000,-0.2900,5983.00,0.990000,1.390000,2026,"Transit"
"TOI-2152 A b","TOI-2152","b",899.45439181,2.83000000,14.35870428,3.37735120000,0.2820,6630.00,1.516000,1.612000,2023,"Transit"
"TOI-2154 b","TOI-2154","b",292.40213444,0.92000000,16.28664896,3.82408010000,0.0110,6280.00,1.233000,1.396000,2023,"Transit"
"TOI-2158 b","TOI-2158","b",260.61929374,0.82000000,10.76062147,8.60077000000,0.4700,5673.00,1.120000,1.410000,2022,"Transit"
"TOI-2169 A b","TOI-2169 A","b",329.58805806,1.03700000,12.50922246,8.21482820000,0.1230,6270.00,1.420000,1.820000,2025,"Transit"
"TOI-2180 b","TOI-2180","b",875.61726129,2.75500000,11.32107051,260.79000000000,0.2530,5695.00,1.111000,1.636000,2022,"Transit"
"TOI-2184 b","TOI-2184","b",206.58846455,0.65000000,11.39953337,6.90683000000,0.1400,5966.00,1.530000,2.900000,2022,"Transit"
"TOI-2193 A b","TOI-2193 A","b",298.75870258,0.94000000,19.83989584,2.12257350000,0.0270,5966.00,1.082000,1.248000,2022,"Transit"
"TOI-2196 b","TOI-2196","b",26.00000000,0.08180515,3.51000000,1.19472680000,0.1400,5634.00,1.032000,1.043000,2022,"Transit"
"TOI-220 b","TOI-220","b",13.80000000,0.04341966,3.03000000,10.69526400000,-0.2170,5298.00,0.825000,0.858000,2021,"Transit"
"TOI-2202 b","TOI-2202","b",287.31687993,0.90400000,10.95117414,11.91260750000,0.0590,5169.00,0.841000,0.808000,2021,"Transit"
"TOI-2202 c","TOI-2202","c",117.27868218,0.36900000,,24.67440000000,0.0400,5144.00,0.823000,0.794000,2021,"Transit Timing Variations"
"TOI-2207 b","TOI-2207","b",203.41018048,0.64000000,11.15293580,8.00196800000,0.1810,6101.00,1.296000,1.564000,2022,"Transit"
"TOI-2236 b","TOI-2236","b",502.16888306,1.58000000,14.36991326,3.53159020000,0.1190,6248.00,1.343000,1.573000,2022,"Transit"
"TOI-2295 b","TOI-2295","b",278.09985612,0.87500000,16.47720163,30.03330200000,0.3160,5730.00,1.168000,1.459000,2024,"Transit"
"TOI-2295 c","TOI-2295","c",1783.01736327,5.61000000,,966.50000000000,0.3160,5730.00,1.168000,1.459000,2024,"Radial Velocity"
"TOI-2322 b","TOI-2322","b",2.31000000,0.00726807,0.99400000,11.30717000000,-0.1200,4664.00,0.703000,0.662000,2025,"Transit"
"TOI-2322 c","TOI-2322","c",18.10000000,0.05694897,1.87400000,20.22552800000,-0.1200,4664.00,0.703000,0.662000,2025,"Transit"
"TOI-2328 b","TOI-2328","b",50.85254512,0.16000000,9.97599282,17.10197000000,0.0900,5525.00,0.950000,0.900000,2025,"Transit"
"TOI-2337 b","TOI-2337","b",508.52545120,1.60000000,10.08808263,2.99432000000,0.3900,4780.00,1.325000,3.220000,2022,"Transit"
"TOI-2338 b","TOI-2338","b",1900.61387386,5.98000000,11.20898070,22.65398000000,0.2200,5581.00,0.990000,1.050000,2023,"Transit"
"TOI-2345 b","TOI-2345","b",3.49000000,0.01098077,1.50400000,1.05285730000,-0.1000,4687.00,0.727000,0.729000,2025,"Transit"
"TOI-2345 c","TOI-2345","c",7.27000000,0.02287398,2.45100000,21.06430200000,-0.1000,4687.00,0.727000,0.729000,2025,"Transit"
"TOI-2346 b","TOI-2346","b",394.10722468,1.24000000,16.11851425,3.33120290000,-0.0300,6480.00,1.271000,1.380000,2025,"Transit"
"TOI-2364 b","TOI-2364","b",71.51139158,0.22500000,8.60849718,4.01975170000,0.3440,5306.00,0.954000,0.886000,2023,"Transit"
"TOI-2368 b","TOI-2368","b",206.58846455,0.65000000,10.83908434,5.17500730000,0.1000,5360.00,0.897000,0.846000,2024,"Transit"
"TOI-2373 b","TOI-2373","b",2955.80418510,9.30000000,10.42435205,13.33668000000,0.3000,5651.00,1.041000,1.102000,2023,"Transit"
"TOI-2374 b","TOI-2374","b",61.65871096,0.19400000,7.48759911,4.31361930000,0.1280,5002.00,0.802000,0.711000,2024,"Transit"
"TOI-2379 b","TOI-2379","b",1830.69162432,5.76000000,11.72459381,5.46938270000,0.5010,3707.00,0.645000,0.622000,2024,"Transit"
"TOI-238 b","TOI-238","b",3.37000000,0.01060321,1.55900000,1.27309900000,-0.1140,5059.00,0.781000,0.756000,2024,"Transit"
"TOI-238 c","TOI-238","c",6.70000000,0.02108056,2.18000000,8.46565100000,-0.1140,5059.00,0.790000,0.733000,2024,"Radial Velocity"
"TOI-2382 b","TOI-2382","b",235.19302118,0.74000000,12.25141591,4.66120610000,0.2490,6033.00,1.260000,1.417000,2025,"Transit"
"TOI-2384 b","TOI-2384","b",624.85064816,1.96600000,11.48920522,2.13570304000,0.3320,3943.00,0.635000,0.611300,2024,"Transit"
"TOI-2406 b","TOI-2406","b",15.60000000,0.04908309,2.86000000,3.07668910000,-0.2600,3100.00,0.166000,0.204000,2021,"Transit"
"TOI-2416 b","TOI-2416","b",953.48522100,3.00000000,9.86390302,8.27547900000,0.3200,5808.00,1.118000,1.236000,2023,"Transit"
"TOI-2421 b","TOI-2421","b",105.83685953,0.33300000,10.36830715,4.34740320000,0.1900,5607.00,1.131000,1.750000,2022,"Transit"
"TOI-2431 b","TOI-2431","b",6.20000000,0.01950738,1.53400000,0.22419578000,-0.0200,4109.00,0.661000,0.651000,2026,"Transit"
"TOI-244 b","TOI-244","b",2.68000000,0.00843222,1.52000000,7.39722500000,-0.3900,3433.00,0.428000,0.426000,2023,"Transit"
"TOI-2443 b","TOI-2443","b",4.80000000,0.01510249,2.36300000,15.66858000000,-0.2900,4375.00,0.642000,0.631000,2023,"Transit"
"TOI-2447 b","TOI-2447","b",124.90656395,0.39300000,9.60609646,69.33684000000,0.1800,5730.00,1.034000,1.006000,2024,"Transit"
"TOI-2449 b","TOI-2449","b",222.00000000,0.70000000,11.24000000,106.14468000000,-0.0300,6021.00,1.079000,1.065000,2025,"Transit"
"TOI-2458 b","TOI-2458","b",13.31000000,0.04187794,2.83000000,3.73659000000,-0.1000,6005.00,1.050000,1.310000,2024,"Transit"
"TOI-2458 c","TOI-2458","c",10.22000000,0.03215572,,16.55300000000,-0.1000,6005.00,1.050000,1.310000,2024,"Radial Velocity"
"TOI-2497 b","TOI-2497","b",1531.93292174,4.82000000,11.14172682,10.65566900000,0.0940,7360.00,1.859000,2.360000,2023,"Transit"
"TOI-2498 b","TOI-2498","b",34.62000000,0.10892670,6.06000000,3.73825200000,0.1670,5905.00,1.120000,1.260000,2023,"Transit"
"TOI-251 b","TOI-251","b",317.83000000,1.00000000,2.74000000,4.93777000000,-0.1060,5875.00,1.036000,0.881000,2021,"Transit"
"TOI-2524 b","TOI-2524","b",203.41018048,0.64000000,11.20898070,7.18585000000,0.0600,5831.00,1.007000,1.119000,2023,"Transit"
"TOI-2525 b","TOI-2525","b",26.69758619,0.08400000,8.67575106,23.28560000000,0.1400,5096.00,0.849000,0.785000,2023,"Transit"
"TOI-2525 c","TOI-2525","c",208.81326340,0.65700000,10.13291855,49.25190000000,0.1400,5096.00,0.849000,0.785000,2023,"Transit"
"TOI-2529 b","TOI-2529","b",743.71847238,2.34000000,11.54525012,64.59490000000,0.1000,5802.00,1.110000,1.700000,2024,"Transit"
"TOI-2537 b","TOI-2537","b",415.40172795,1.30700000,11.25381662,94.10220000000,0.0800,4870.00,0.771000,0.771000,2024,"Transit"
"TOI-2537 c","TOI-2537","c",2297.89938261,7.23000000,,1920.00000000000,0.0800,4870.00,0.771000,0.771000,2024,"Radial Velocity"
"TOI-2567 b","TOI-2567","b",63.88350981,0.20100000,10.92875618,5.98394400000,0.2410,5611.00,1.130000,1.686000,2022,"Transit"
"TOI-257 b","TOI-257","b",43.86032017,0.13800000,7.16253867,18.38818000000,0.1750,6095.00,1.407000,1.867000,2021,"Transit"
"TOI-2570 b","TOI-2570","b",260.61929374,0.82000000,13.64132951,2.98876150000,0.1910,5771.00,1.063000,1.095000,2022,"Transit"
"TOI-2578 b","TOI-2578","b",167.17774208,0.52600000,19.66055215,3.45796670000,0.0100,6333.00,1.270000,1.640000,2026,"Transit"
"TOI-2580 b","TOI-2580","b",200.23189641,0.63000000,17.37392009,3.39775000000,0.2600,6120.00,1.330000,1.810000,2024,"Transit"
"TOI-2583 A b","TOI-2583 A","b",79.45710175,0.25000000,14.45958510,4.52072650000,0.1580,5936.00,1.215000,1.477000,2023,"Transit"
"TOI-2587 A b","TOI-2587 A","b",69.28659273,0.21800000,12.07207221,5.45664000000,0.1300,5760.00,1.150000,1.726000,2023,"Transit"
"TOI-2589 b","TOI-2589","b",1112.39942450,3.50000000,12.10569916,61.62770000000,0.1200,5579.00,0.930000,1.070000,2023,"Transit"
"TOI-260 b","TOI-260","b",4.23000000,0.01330907,1.71000000,13.47585300000,-0.4700,4026.00,0.616000,0.607000,2024,"Transit"
"TOI-2641 b","TOI-2641","b",122.68176510,0.38600000,18.10250383,4.88097400000,-0.1500,6100.00,1.160000,1.336000,2023,"Transit"
"TOI-2669 b","TOI-2669","b",193.87532827,0.61000000,19.72780603,6.20340000000,0.1000,4800.00,1.190000,4.100000,2022,"Transit"
"TOI-269 b","TOI-269","b",8.80000000,0.02768790,2.77000000,3.69771040000,-0.2900,3514.00,0.391700,0.398000,2021,"Transit"
"TOI-2714 b","TOI-2714","b",228.00000000,0.71736822,13.72000000,2.49938700000,0.3000,5665.00,1.070000,1.250000,2024,"Transit"
"TOI-2796 b","TOI-2796","b",139.84449908,0.44000000,17.26183028,4.80849830000,0.2390,5764.00,1.063000,1.069000,2023,"Transit"
"TOI-2803 A b","TOI-2803 A","b",309.88269682,0.97500000,18.11371281,1.96229325000,-0.1050,6280.00,1.118000,1.245000,2023,"Transit"
"TOI-2818 b","TOI-2818","b",225.65816897,0.71000000,15.27784069,4.03970900000,-0.0200,5721.00,0.977000,1.229000,2023,"Transit"
"TOI-283 b","TOI-283","b",6.54000000,0.02057714,2.34000000,17.61745000000,-0.0900,5213.00,0.800000,0.850000,2025,"Transit"
"TOI-2842 b","TOI-2842","b",117.59651059,0.37000000,12.84549188,3.55140580000,0.2330,5910.00,1.135000,1.265000,2023,"Transit"
"TOI-286 b","TOI-286","b",4.53000000,0.01425297,1.42000000,4.51172440000,-0.0500,5152.00,0.832000,0.780000,2024,"Transit"
"TOI-286 c","TOI-286","c",3.72000000,0.01170443,1.88000000,39.36182600000,-0.0500,5152.00,0.832000,0.780000,2024,"Transit"
"TOI-2876 b","TOI-2876","b",54.03082919,0.17000000,9.63972340,6.29964310000,0.3530,5271.00,0.939000,0.873000,2025,"Transit"
"TOI-2886 b","TOI-2886","b",444.95976980,1.40000000,18.64053490,1.60200105000,0.2840,6240.00,1.229000,1.241000,2025,"Transit"
"TOI-2969 b","TOI-2969","b",368.68095212,1.16000000,12.32987877,1.82371460000,0.0800,4738.00,0.710000,0.700000,2025,"Transit"
"TOI-2977 b","TOI-2977","b",533.95172376,1.68000000,13.15934334,2.35056140000,0.0130,5691.00,0.936000,1.073000,2023,"Transit"
"TOI-2981 b","TOI-2981","b",638.00000000,2.00737249,13.40000000,3.60150100000,-0.1100,5940.00,1.030000,1.080000,2024,"Transit"
"TOI-2986 b","TOI-2986","b",96.61983573,0.30400000,9.29224500,3.27836620000,0.0950,5906.00,1.122000,1.458000,2025,"Transit"
"TOI-2989 b","TOI-2989","b",953.48522100,3.00000000,12.55405838,3.12283200000,-0.0400,4672.00,0.770000,0.760000,2025,"Transit"
"TOI-2992 b","TOI-2992","b",1058.36859531,3.33000000,13.75341932,3.00781200000,0.0840,6000.00,1.210000,1.545000,2025,"Transit"
"TOI-3023 b","TOI-3023","b",197.05361234,0.62000000,16.43236571,3.90149710000,0.0850,5760.00,1.120000,1.668000,2023,"Transit"
"TOI-3053 b","TOI-3053","b",270.15414595,0.85000000,13.56286665,2.99199870000,0.2000,5378.00,0.960000,0.970000,2026,"Transit"
"TOI-3071 b","TOI-3071","b",68.20000000,0.21458120,7.16000000,1.26693800000,0.3500,6177.00,1.290000,1.310000,2024,"Transit"
"TOI-3135 b","TOI-3135","b",327.36325921,1.03000000,13.65253849,3.70655850000,0.0710,5890.00,1.044000,0.985000,2025,"Transit"
"TOI-3160 A b","TOI-3160 A","b",378.21580433,1.19000000,13.76462830,3.97128100000,-0.1140,6190.00,1.088000,1.346000,2025,"Transit"
"TOI-3235 b","TOI-3235","b",211.35589065,0.66500000,11.39953337,2.59261842000,0.2640,3388.80,0.393900,0.369700,2023,"Transit"
"TOI-3261 b","TOI-3261","b",30.30000000,0.09533446,3.82000000,0.88313310000,0.1380,5068.00,0.861000,0.849000,2024,"Transit"
"TOI-3278 b","TOI-3278","b",95.34852210,0.30000000,13.89913607,3.24645600000,0.0400,5720.00,1.040000,1.390000,2026,"Transit"
"TOI-3288 b","TOI-3288","b",536.17652261,1.68700000,12.24020692,1.43386470000,0.6500,4072.00,0.643000,0.672000,2025,"Transit"
"TOI-329 b","TOI-329","b",40.40000000,0.12711262,4.94057819,5.70439000000,0.2050,5614.00,1.067800,1.532600,2024,"Transit"
"TOI-332 b","TOI-332","b",57.20000000,0.17997133,3.20000000,0.77703800000,0.2560,5251.00,0.880000,0.870000,2023,"Transit"
"TOI-3321 b","TOI-3321","b",176.07693748,0.55400000,15.55806521,3.65251450000,-0.1030,5850.00,1.041000,1.549000,2024,"Transit"
"TOI-333 b","TOI-333","b",20.10000000,0.06324167,4.26000000,3.78525030000,0.0100,6241.00,1.200000,1.100000,2025,"Transit"
"TOI-3331 A b","TOI-3331 A","b",721.47048389,2.27000000,12.97999965,2.01802310000,0.1480,5609.00,1.016000,0.952000,2022,"Transit"
"TOI-3362 b","TOI-3362","b",1598.35905880,5.02900000,12.80065596,18.09547000000,0.0170,6532.00,1.445000,1.830000,2021,"Transit"
"TOI-3364 b","TOI-3364","b",530.77343969,1.67000000,12.22899794,5.87689180000,0.3870,5706.00,1.186000,1.419000,2023,"Transit"
"TOI-3457 b","TOI-3457","b",797.74930157,2.51000000,10.64000000,32.60026800000,0.2800,6300.00,1.040000,1.474000,2026,"Transit"
"TOI-3464 b","TOI-3464","b",397.28550875,1.25000000,13.76462830,3.65155680000,0.0450,6370.00,1.363000,1.560000,2025,"Transit"
"TOI-3474 b","TOI-3474","b",193.87532827,0.61000000,14.67255574,3.87951050000,0.1460,6020.00,1.121000,1.256000,2025,"Transit"
"TOI-3486 b","TOI-3486","b",99.16246298,0.31200000,10.57006880,2.21778105000,0.2830,4930.00,0.837000,0.788000,2025,"Transit"
"TOI-3493 b","TOI-3493","b",8.97000000,0.02822278,3.22000000,8.15946670000,0.0300,5844.00,1.023000,1.228000,2025,"Transit"
"TOI-3523 A b","TOI-3523 A","b",435.42491759,1.37000000,15.97279750,2.30458952000,-0.3660,6450.00,1.131000,1.448000,2025,"Transit"
"TOI-3540 A b","TOI-3540 A","b",375.03752026,1.18000000,23.53885947,3.11999900000,0.1760,5810.00,1.081000,1.228000,2022,"Transit"
"TOI-3568 b","TOI-3568","b",26.40000000,0.08300000,5.30000000,4.41796500000,-0.0100,4969.00,0.780000,0.719000,2024,"Transit"
"TOI-3593 b","TOI-3593","b",565.73456446,1.78000000,11.02963701,3.82128670000,0.3840,5550.00,1.015000,0.918000,2025,"Transit"
"TOI-3629 b","TOI-3629","b",82.63538582,0.26000000,8.29464572,3.93655100000,0.4000,3870.00,0.630000,0.600000,2022,"Transit"
"TOI-3664 b","TOI-3664","b",114.41822652,0.36000000,13.69737442,3.29748390000,0.1700,5593.00,0.980000,1.110000,2026,"Transit"
"TOI-3682 b","TOI-3682","b",69.28659273,0.21800000,12.80065596,3.34624060000,0.4160,5703.00,1.320000,1.735000,2025,"Transit"
"TOI-3688 A b","TOI-3688 A","b",311.47183886,0.98000000,13.08088048,3.24607500000,0.2620,5950.00,1.199000,1.302000,2023,"Transit"
"TOI-3693 b","TOI-3693","b",324.18497514,1.02000000,12.59889431,9.08851600000,0.0710,5321.00,0.867000,0.791000,2022,"Transit"
"TOI-3714 b","TOI-3714","b",222.47988490,0.70000000,11.32107051,2.15484900000,0.1000,3660.00,0.530000,0.510000,2022,"Transit"
"TOI-375 b","TOI-375","b",236.78216321,0.74500000,10.77183045,9.45469000000,0.0840,5259.90,1.441000,2.900000,2026,"Transit"
"TOI-375 c","TOI-375","c",669.34662514,2.10600000,,115.50000000000,0.0840,5259.90,1.441000,2.900000,2026,"Radial Velocity"
"TOI-375 d","TOI-375","d",445.59542661,1.40200000,,297.90000000000,0.0840,5259.90,1.441000,2.900000,2026,"Radial Velocity"
"TOI-3757 b","TOI-3757","b",85.30000000,0.26838381,12.00000000,3.43875300000,0.0000,3913.00,0.640000,0.620000,2022,"Transit"
"TOI-3785 b","TOI-3785","b",14.95000000,0.04703796,5.14000000,4.67473730000,0.0990,3576.00,0.520000,0.500000,2023,"Transit"
"TOI-3807 b","TOI-3807","b",330.54154328,1.04000000,18.49481816,2.89897270000,0.2780,5772.00,1.181000,1.468000,2023,"Transit"
"TOI-3819 b","TOI-3819","b",352.78953177,1.11000000,13.13692538,3.24431410000,0.2730,5859.00,1.242000,1.538000,2023,"Transit"
"TOI-3837 b","TOI-3837","b",187.51876013,0.59000000,10.87271128,11.88865000000,-0.2600,5905.00,0.890000,1.200000,2025,"Transit"
"TOI-3856 b","TOI-3856","b",171.62733978,0.54000000,13.59649359,2.04360352000,0.4540,5622.00,1.096000,1.055000,2025,"Transit"
"TOI-3862 b","TOI-3862","b",53.70000000,0.16880000,5.53000000,1.55745774000,0.1100,5300.00,0.900000,0.920000,2026,"Transit"
"TOI-3877 b","TOI-3877","b",99.79811980,0.31400000,11.67975789,4.12359600000,0.2690,5731.00,1.160000,1.445000,2025,"Transit"
"TOI-3884 b","TOI-3884","b",32.59000000,0.10253961,6.43000000,4.54458280000,0.0400,3180.00,0.298000,0.302000,2022,"Transit"
"TOI-3894 b","TOI-3894","b",260.61929374,0.82000000,15.27784069,4.33454000000,0.0210,6000.00,1.138000,1.502000,2024,"Transit"
"TOI-3912 b","TOI-3912","b",129.03833324,0.40600000,14.28024141,3.49362640000,0.1870,5725.00,1.088000,1.392000,2023,"Transit"
"TOI-3919 b","TOI-3919","b",1233.17421916,3.88000000,12.31866979,7.43323400000,0.1750,6100.00,1.208000,1.319000,2024,"Transit"
"TOI-3976 A b","TOI-3976 A","b",55.61997123,0.17500000,12.27383387,6.60766200000,0.1820,5975.00,1.254000,1.501000,2023,"Transit"
"TOI-3980 b","TOI-3980","b",187.51876013,0.59000000,14.45958510,3.60892540000,0.1880,5840.00,1.240000,1.626000,2025,"Transit"
"TOI-3984 A b","TOI-3984 A","b",44.00000000,0.14000000,7.90000000,4.35332600000,0.1800,3476.00,0.490000,0.470000,2023,"Transit"
"TOI-4010 b","TOI-4010","b",11.00000000,0.03460987,3.02000000,1.34833500000,0.3700,4960.00,0.880000,0.830000,2023,"Transit"
"TOI-4010 c","TOI-4010","c",20.31000000,0.06390241,5.93000000,5.41465400000,0.3700,4960.00,0.880000,0.830000,2023,"Transit"
"TOI-4010 d","TOI-4010","d",38.15000000,0.12003332,6.18000000,14.70886000000,0.3700,4960.00,0.880000,0.830000,2023,"Transit"
"TOI-4010 e","TOI-4010","e",692.00000000,2.17727549,,762.00000000000,0.3700,4960.00,0.880000,0.830000,2023,"Radial Velocity"
"TOI-4034 b","TOI-4034","b",276.51071409,0.87000000,17.71018951,1.80209320000,0.1200,5891.00,1.190000,1.830000,2026,"Transit"
"TOI-406 c","TOI-406","c",2.08000000,0.00654441,1.32000000,3.30744100000,-0.0200,3392.00,0.408000,0.410000,2024,"Transit"
"TOI-406.01","TOI-406","b",6.57000000,0.02067153,2.08000000,13.17568200000,-0.0200,3392.00,0.408000,0.410000,2024,"Transit"
"TOI-4087 b","TOI-4087","b",232.01473711,0.73000000,13.04725353,3.17748350000,0.2370,6060.00,1.178000,1.112000,2023,"Transit"
"TOI-411 b","HD 22946","b",13.71000000,0.04313648,1.36200000,4.04029500000,-0.0800,6169.00,1.098000,1.117000,2022,"Transit"
"TOI-411 c","HD 22946","c",9.72000000,0.03058254,2.32800000,9.57308300000,-0.0800,6169.00,1.098000,1.117000,2022,"Transit"
"TOI-4127 b","TOI-4127","b",743.71847238,2.34000000,12.07000000,56.39870000000,0.1400,6096.00,1.230000,1.293000,2023,"Transit"
"TOI-4137 b","TOI-4137","b",457.67290608,1.44000000,13.57407563,3.80161220000,0.1820,6202.00,1.313000,1.438000,2022,"Transit"
"TOI-4145 A b","TOI-4145 A","b",136.66621501,0.43000000,13.30506009,4.06644280000,0.1680,5281.00,0.905000,0.859000,2023,"Transit"
"TOI-4153 b","TOI-4153","b",365.50266805,1.15000000,16.11851425,4.61741410000,0.3170,6860.00,1.572000,1.605000,2024,"Transit"
"TOI-4201 b","TOI-4201","b",788.21444936,2.48000000,13.67495645,3.58191940000,0.5200,3794.00,0.610000,0.630000,2023,"Transit"
"TOI-421 b","TOI-421","b",6.70000000,0.02108056,2.64000000,5.19757600000,-0.0440,5291.00,0.833000,0.866000,2020,"Transit"
"TOI-421 c","TOI-421","c",14.10000000,0.04436356,5.09000000,16.06754100000,-0.0440,5291.00,0.833000,0.866000,2020,"Transit"
"TOI-4214 b","TOI-4214","b",165.27077164,0.52000000,10.68215861,3.49138850000,0.2940,6370.00,1.382000,1.434000,2025,"Transit"
"TOI-431 b","TOI-431","b",3.07000000,0.00965930,1.28000000,0.49004700000,0.2000,4850.00,0.780000,0.731000,2021,"Transit"
"TOI-431 c","TOI-431","c",2.83000000,0.00890418,,4.84940000000,0.2000,4850.00,0.780000,0.731000,2021,"Radial Velocity"
"TOI-431 d","TOI-431","d",9.90000000,0.03114888,3.29000000,12.46103000000,0.2000,4850.00,0.780000,0.731000,2021,"Transit"
"TOI-4311 b","TOI-4311","b",4.50000000,0.01415858,1.37600000,0.99027380000,-0.0650,5063.00,0.816000,0.844100,2026,"Transit"
"TOI-4311 c","TOI-4311","c",13.58000000,0.04272746,2.47000000,15.07042500000,-0.0650,5063.00,0.816000,0.844100,2026,"Transit"
"TOI-4329 b","TOI-4329","b",143.02278315,0.45000000,16.81347105,2.92230000000,0.2900,6000.00,1.538000,2.310000,2022,"Transit"
"TOI-4336 A b","TOI-4336 A","b",3.33000000,0.01047735,2.13700000,16.33635100000,0.1400,3307.00,0.306000,0.326000,2024,"Transit"
"TOI-4336 A c","TOI-4336 A","c",1.55000000,0.00487685,1.25100000,7.58726600000,0.1400,3307.00,0.306000,0.326000,2026,"Transit"
"TOI-4342 b","TOI-4342","b",7.30000000,0.02296837,2.32900000,5.53825920000,0.2600,3866.00,0.587000,0.598000,2023,"Transit"
"TOI-4342 c","TOI-4342","c",4.80000000,0.01510249,2.34900000,10.68866200000,0.2600,3866.00,0.587000,0.598000,2023,"Transit"
"TOI-4377 b","TOI-4377","b",304.16178550,0.95700000,15.10970598,4.37808100000,0.2050,4974.00,1.360000,3.520000,2023,"Transit"
"TOI-4379 b","TOI-4379","b",353.74301699,1.11300000,16.69017226,3.25352000000,0.1600,6020.00,1.372000,1.976000,2024,"Transit"
"TOI-4406 b","TOI-4406","b",95.34852210,0.30000000,11.20898070,30.08364000000,0.1000,6219.00,1.190000,1.290000,2023,"Transit"
"TOI-4409 b","TOI-4409","b",14.93793513,0.04700000,7.44000000,92.49178900000,0.0000,4928.00,0.763000,0.720000,2026,"Transit"
"TOI-4427 b","TOI-4427","b",87.72064033,0.27600000,13.09208946,4.61826210000,0.0020,5347.00,0.900000,0.890000,2026,"Transit"
"TOI-4438 b","TOI-4438","b",4.11000000,0.01293151,2.40000000,7.44629500000,0.0700,3501.00,0.345000,0.365000,2024,"Transit"
"TOI-4458 b","TOI-4458","b",552.06794296,1.73700000,12.40834163,3.93937920000,0.1700,6151.00,1.470000,1.960000,2026,"Transit"
"TOI-4463 A b","TOI-4463 A","b",252.35575516,0.79400000,13.26022417,2.88071980000,0.2500,5640.00,1.056000,1.062000,2023,"Transit"
"TOI-4465 b","TOI-4465","b",1872.00931723,5.89000000,14.01122587,101.94054000000,-0.0600,5545.00,0.930000,1.014000,2025,"Transit"
"TOI-4487 A b","TOI-4487 A","b",397.28550875,1.25000000,14.60530185,3.95407090000,0.2160,6206.00,1.378000,1.634000,2025,"Transit"
"TOI-4492 b","TOI-4492","b",1881.54416944,5.92000000,11.78063872,4.43318240000,0.2190,5711.00,1.067000,1.222000,2026,"Transit"
"TOI-4495 b","TOI-4495","b",7.70000000,0.02422691,2.48300000,2.56699000000,0.1800,6210.00,1.247000,1.309000,2026,"Transit"
"TOI-4495 c","TOI-4495","c",23.20000000,0.07299536,4.03000000,5.18553000000,0.1800,6210.00,1.247000,1.309000,2024,"Transit"
"TOI-4507 b","TOI-4507","b",20.00000000,0.06292704,8.20000000,104.61611000000,-0.0600,6260.00,1.110000,1.040000,2025,"Transit"
"TOI-451 b","TOI-451","b",4.70000000,0.01478785,1.84000000,1.85870330000,0.0200,5490.00,0.930000,0.850000,2020,"Transit"
"TOI-451 c","TOI-451","c",3.70000000,0.01164150,2.93000000,9.19246300000,0.0200,5490.00,0.930000,0.850000,2020,"Transit"
"TOI-451 d","TOI-451","d",10.20000000,0.03209279,3.93000000,16.36496200000,0.0200,5490.00,0.930000,0.850000,2020,"Transit"
"TOI-4515 b","TOI-4515","b",637.00000000,2.00500000,12.17000000,15.26644600000,0.0500,5433.00,0.949000,0.860000,2024,"Transit"
"TOI-4529 b","TOI-4529","b",4.90000000,0.01541712,1.77000000,5.87957700000,-0.2400,3697.00,0.482000,0.480000,2026,"Transit"
"TOI-4551 b","TOI-4551","b",473.56432643,1.49000000,11.85910158,9.95581000000,0.2300,4896.00,1.310000,3.550000,2023,"Transit"
"TOI-4552 b","TOI-4552","b",1.83000000,0.00575782,1.11000000,0.30110032000,-0.0700,3258.00,0.261900,0.286900,2026,"Transit"
"TOI-4562 c","TOI-4562","c",1833.86990839,5.77000000,,3990.00000000000,0.0800,6096.00,1.192000,1.152000,2024,"Transit Timing Variations"
"TOI-4582 b","TOI-4582","b",168.44905571,0.53000000,10.53644186,31.03400000000,0.1700,5190.00,1.340000,2.500000,2023,"Transit"
"TOI-4600 b","TOI-4600","b",959.84178914,3.02000000,6.80000000,82.68690000000,0.1600,5170.00,0.890000,0.810000,2023,"Transit"
"TOI-4600 c","TOI-4600","c",2946.26933289,9.27000000,9.42000000,482.81910000000,0.1600,5170.00,0.890000,0.810000,2023,"Transit"
"TOI-4602.01","TOI-4602","b",5.53000000,0.01740000,2.45000000,3.98129990000,-0.2600,5966.00,0.900000,1.080000,2024,"Transit"
"TOI-4603 b","TOI-4603","b",4096.80816623,12.89000000,11.67975789,7.24599000000,0.3420,6264.00,1.765000,2.738000,2023,"Transit"
"TOI-4641 b","TOI-4641","b",1229.99593509,3.87000000,8.18255591,22.09341000000,-0.0900,6560.00,1.410000,1.720000,2023,"Transit"
"TOI-4666 b","TOI-4666","b",155.41809102,0.48900000,12.53164042,2.90891650000,0.7900,3793.00,0.576000,0.585000,2025,"Transit"
"TOI-469.01","TOI-469","b",9.10000000,0.02863180,3.41000000,13.63082050000,0.2400,5289.00,0.901000,0.980000,2021,"Transit"
"TOI-4734 b","TOI-4734","b",61.65871096,0.19400000,10.91754720,6.23563300000,0.2880,6070.00,1.391000,1.857000,2025,"Transit"
"TOI-4773 b","TOI-4773","b",1687.66884117,5.31000000,15.22179579,1.74528510000,0.1100,6740.00,1.452000,1.550000,2025,"Transit"
"TOI-4791 b","TOI-4791","b",734.18362017,2.31000000,12.44196858,4.28088000000,0.2070,6058.00,1.242000,1.409000,2023,"Transit"
"TOI-4794 b","TOI-4794","b",308.29355479,0.97000000,14.35870428,3.56581160000,-0.1020,6390.00,1.250000,1.451000,2025,"Transit"
"TOI-480 b","TOI-480","b",20.80000000,0.06544412,2.85372018,6.86619600000,0.1640,6174.00,1.279300,1.487700,2024,"Transit"
"TOI-481 b","TOI-481","b",486.27990000,1.53000000,11.09691000,10.33111000000,0.2600,5735.00,1.140000,1.660000,2020,"Transit"
"TOI-4860 b","TOI-4860","b",86.70000000,0.27300000,8.70000000,1.52275910000,0.2700,3260.00,0.340000,0.358000,2023,"Transit"
"TOI-4914 b","TOI-4914","b",227.00000000,0.71422187,12.87000000,10.60057000000,-0.1300,5805.00,1.030000,1.000000,2024,"Transit"
"TOI-4940 b","TOI-4940","b",89.00000000,0.28002532,6.61000000,25.86781100000,0.3260,5504.00,1.012000,1.163000,2025,"Transit"
"TOI-4961 b","TOI-4961","b",572.09113260,1.80000000,12.34108775,7.47918200000,0.2060,5380.00,0.912000,0.912000,2025,"Transit"
"TOI-4994 b","TOI-4994","b",88.99195396,0.28000000,8.54124329,21.49198400000,0.1650,5640.00,1.005000,1.055000,2024,"Transit"
"TOI-500 b","TOI-500","b",1.42000000,0.00446782,1.16600000,0.54817700000,0.1200,4440.00,0.740000,0.678000,2022,"Transit"
"TOI-500 c","TOI-500","c",5.03000000,0.01582615,,6.63560000000,0.1200,4440.00,0.740000,0.678000,2022,"Radial Velocity"
"TOI-500 d","TOI-500","d",33.12000000,0.10420717,,26.23300000000,0.1200,4440.00,0.740000,0.678000,2022,"Radial Velocity"
"TOI-500 e","TOI-500","e",15.05000000,0.04735260,,61.30000000000,0.1200,4440.00,0.740000,0.678000,2022,"Radial Velocity"
"TOI-5005 b","TOI-5005","b",32.70000000,0.10300000,6.25000000,6.30850440000,0.1500,5749.00,0.970000,0.930000,2024,"Transit"
"TOI-5007 b","TOI-5007","b",211.03806225,0.66400000,11.07447293,2.54337100000,0.4300,3793.00,0.632000,0.656000,2026,"Transit"
"TOI-5027 b","TOI-5027","b",642.01338214,2.02000000,10.76062147,10.24368000000,-0.1500,5909.00,1.020000,0.920000,2025,"Transit"
"TOI-5076 b","TOI-5076","b",16.14568308,0.05080000,3.48935569,23.44316200000,0.0820,4780.00,0.789000,0.844000,2024,"Transit"
"TOI-5108 b","TOI-5108","b",32.00000000,0.10068326,6.60000000,6.75358100000,0.2000,5808.00,1.100000,1.290000,2025,"Transit"
"TOI-5110 b","TOI-5110","b",921.70238030,2.90000000,11.98240037,30.15857700000,0.0650,6160.00,1.469000,2.333000,2024,"Transit"
"TOI-512 b","TOI-512","b",3.57000000,0.01123248,1.54000000,7.18886000000,-0.1100,5277.00,0.740000,0.890000,2025,"Transit"
"TOI-5153 b","TOI-5153","b",1036.12060682,3.26000000,11.88151954,20.33003000000,0.1200,6300.00,1.240000,1.400000,2022,"Transit"
"TOI-5181 A b","TOI-5181 A","b",330.54154328,1.04000000,13.34989601,3.89222950000,0.2080,6060.00,1.250000,1.530000,2025,"Transit"
"TOI-519 b","TOI-519","b",147.15455244,0.46300000,11.54525012,1.26523280000,0.2700,3322.00,0.335000,0.350000,2021,"Transit"
"TOI-5205 b","TOI-5205","b",343.00000000,1.08000000,11.60000000,1.63075700000,0.0000,3430.00,0.392000,0.394000,2023,"Transit"
"TOI-521 b","TOI-521","b",5.30000000,0.01667566,1.98000000,1.54285047000,-0.1200,3544.00,0.420000,0.421000,2025,"Transit"
"TOI-5210 b","TOI-5210","b",81.99972901,0.25800000,10.72699453,4.56610610000,0.3240,5723.00,1.105000,1.209000,2025,"Transit"
"TOI-5218 b","TOI-5218","b",657.00000000,2.06715317,9.86000000,4.29145200000,0.4100,4230.00,0.739000,0.708000,2024,"Transit"
"TOI-5232 b","TOI-5232","b",743.71847238,2.34000000,12.77823800,4.09666920000,-0.1040,6500.00,1.389000,1.785000,2024,"Transit"
"TOI-5261 b","TOI-5261","b",3651.84839643,11.49000000,11.60129502,4.15097680000,0.2540,5790.00,1.037000,1.021000,2025,"Transit"
"TOI-5292 A b","TOI-5292 A","b",412.85910069,1.29900000,12.64373023,2.02191000000,0.3300,3919.00,0.596000,0.611000,2026,"Transit"
"TOI-5293 A b","TOI-5293 A","b",170.40000000,0.54000000,11.90000000,2.93028900000,-0.0300,3586.00,0.540000,0.520000,2023,"Transit"
"TOI-530 b","TOI-530","b",127.13136280,0.40000000,9.30345398,6.38759700000,0.3760,3659.00,0.530000,0.540000,2021,"Transit"
"TOI-5300 b","TOI-5300","b",190.69704420,0.60000000,9.86390302,2.26219600000,-0.1700,4610.00,0.670000,0.650000,2025,"Transit"
"TOI-5301 b","TOI-5301","b",1182.32167404,3.72000000,13.09208946,5.85885800000,0.0300,6240.00,1.483000,2.190000,2024,"Transit"
"TOI-532 b","TOI-532","b",61.50000000,0.19350064,5.82000000,2.32665080000,0.3380,3927.00,0.639000,0.612000,2021,"Transit"
"TOI-5322 b","TOI-5322","b",184.02264765,0.57900000,16.61170940,5.42332070000,-0.0480,5692.00,0.998000,1.462000,2025,"Transit"
"TOI-5340 b","TOI-5340","b",270.15414595,0.85000000,15.07607904,4.93943920000,0.2080,5990.00,1.350000,1.842000,2025,"Transit"
"TOI-5344 b","TOI-5344","b",130.94530368,0.41200000,10.60369574,3.79262200000,0.4250,3747.00,0.612000,0.588000,2023,"Transit"
"TOI-5349 b","TOI-5349","b",127.40000000,0.40000000,10.20000000,3.31792100000,0.5000,3751.00,0.610000,0.580000,2026,"Transit"
"TOI-5350 b","TOI-5350","b",2094.48920213,6.59000000,12.41955062,7.58136700000,0.0440,6220.00,1.167000,1.263000,2025,"Transit"
"TOI-5386 A b","TOI-5386 A","b",155.10026262,0.48800000,14.70618268,3.62156552000,0.1820,6094.00,1.165000,1.245000,2025,"Transit"
"TOI-5388.01","TOI-5388","b",2.20000000,0.00692197,0.99000000,2.59467480000,-0.3600,3440.00,0.292000,0.300000,2024,"Transit"
"TOI-5398 b","TOI-5398","b",58.70000000,0.18469085,10.30000000,10.59054700000,0.0900,6000.00,1.146000,1.051000,2022,"Transit"
"TOI-5398 c","TOI-5398","c",11.80000000,0.03712695,3.52000000,4.77271000000,0.0900,6000.00,1.146000,1.051000,2023,"Transit"
"TOI-5422 b","TOI-5422","b",8899.19539600,28.00000000,9.10169233,5.37721900000,-0.0120,5820.00,1.066000,1.474000,2026,"Transit"
"TOI-544 b","TOI-544","b",2.89000000,0.00909296,2.01800000,1.54835200000,-0.1700,4169.00,0.631000,0.623000,2022,"Transit"
"TOI-544 c","TOI-544","c",21.50000000,0.06764657,,50.08900000000,-0.1700,4169.00,0.631000,0.623000,2023,"Radial Velocity"
"TOI-5542 b","TOI-5542","b",419.53349724,1.32000000,11.30986153,75.12375000000,-0.2100,5700.00,0.890000,1.058000,2022,"Transit"
"TOI-5573 b","TOI-5573","b",112.00000000,0.35000000,9.75000000,8.79758977000,0.4200,3790.00,0.619000,0.594000,2025,"Transit"
"TOI-558 b","TOI-558","b",1147.36054927,3.61000000,12.17295304,14.57407100000,-0.0040,6466.00,1.349000,1.496000,2021,"Transit"
"TOI-559 b","TOI-559","b",1910.14872607,6.01000000,12.22899794,6.98390950000,-0.0690,5925.00,1.026000,1.233000,2021,"Transit"
"TOI-5592 b","TOI-5592","b",285.72773789,0.89900000,17.14974047,2.60858460000,-0.0130,6237.00,1.194000,1.393000,2025,"Transit"
"TOI-5616 b","TOI-5616","b",624.00000000,1.96332356,10.78000000,2.00284900000,0.1400,3996.00,0.666000,0.646000,2024,"Transit"
"TOI-5624 b","TOI-5624","b",9.40000000,0.02957571,2.31400000,3.39034730000,-0.0230,5327.00,0.858000,0.820000,2026,"Transit"
"TOI-5624 c","TOI-5624","c",4.80000000,0.01510249,2.47400000,7.88538500000,-0.0230,5327.00,0.858000,0.820000,2026,"Transit"
"TOI-5624 d","TOI-5624","d",4.90000000,0.01541712,3.58400000,13.73146800000,-0.0230,5327.00,0.858000,0.820000,2026,"Transit"
"TOI-5624 e","TOI-5624","e",8.90000000,0.02800253,3.24700000,21.48993600000,-0.0230,5327.00,0.858000,0.820000,2026,"Transit"
"TOI-5624 f","TOI-5624","f",13.00000000,0.04090257,,45.37000000000,-0.0230,5327.00,0.858000,0.820000,2026,"Transit Timing Variations"
"TOI-5628 A b","TOI-5628 A","b",28.60455663,0.09000000,8.29464572,4.34166120000,-0.1000,3310.00,0.360000,0.350000,2026,"Transit"
"TOI-5634 A b","TOI-5634 A","b",588.00000000,1.85005489,10.42000000,2.20353730000,-0.2700,3896.00,0.556000,0.540000,2024,"Transit"
"TOI-564 b","TOI-564","b",464.98529000,1.46300000,11.43318000,1.65114400000,0.1430,5640.00,0.998000,1.088000,2020,"Transit"
"TOI-5678 b","TOI-5678","b",20.00000000,0.06292704,4.91000000,47.73022000000,0.0000,5485.00,0.905000,0.938000,2023,"Transit"
"TOI-5688 A b","TOI-5688 A","b",124.00000000,0.39000000,10.30000000,2.94815527000,0.4700,3713.00,0.600000,0.570000,2024,"Transit"
"TOI-5720 b","TOI-5720","b",4.30000000,0.01352931,1.09000000,1.43445550000,0.0300,3325.00,0.383000,0.383000,2024,"Transit"
"TOI-5734 b","TOI-5734","b",9.10000000,0.02863180,2.10000000,6.18418760000,-0.1300,4750.00,0.724000,0.639000,2026,"Transit"
"TOI-5786 b","TOI-5786","b",73.00000000,0.22968369,8.54000000,12.77910700000,0.0800,6235.00,1.230000,1.360000,2025,"Transit"
"TOI-5788 b","TOI-5788","b",3.72000000,0.01170443,1.52800000,6.34075800000,-0.3200,5615.00,0.870000,0.870000,2026,"Transit"
"TOI-5788 c","TOI-5788","c",6.40000000,0.02013665,2.27200000,16.21336200000,-0.3200,5615.00,0.870000,0.870000,2026,"Transit"
"TOI-5789 b","TOI-5789","b",2.12000000,0.00667027,,2.76369000000,-0.1200,5185.00,0.821000,0.833000,2026,"Radial Velocity"
"TOI-5789 c","TOI-5789","c",5.00000000,0.01573176,2.86000000,12.92774800000,-0.1200,5185.00,0.821000,0.833000,2026,"Transit"
"TOI-5789 d","TOI-5789","d",4.29000000,0.01349785,,29.65000000000,-0.1200,5185.00,0.821000,0.833000,2026,"Radial Velocity"
"TOI-5789 e","TOI-5789","e",11.61000000,0.03652915,,62.98000000000,-0.1200,5185.00,0.821000,0.833000,2026,"Radial Velocity"
"TOI-5795 b","TOI-5795","b",23.66000000,0.07444269,5.62000000,6.14063250000,-0.2700,5715.00,0.901000,1.082000,2025,"Transit"
"TOI-5800 b","TOI-5800","b",9.50000000,0.02989034,2.46000000,2.62788380000,-0.0400,4850.00,0.778000,0.773000,2025,"Transit"
"TOI-5806 b","TOI-5806","b",721.47048389,2.27000000,15.13212395,3.18563810000,-0.0190,6730.00,1.333000,1.387000,2026,"Transit"
"TOI-5811 B b","TOI-5811 B","b",257.44100967,0.81000000,21.96960217,6.25663000000,-0.0600,4840.00,1.080000,3.730000,2026,"Transit"
"TOI-5817 b","TOI-5817","b",10.30000000,0.03240742,3.08000000,15.61031000000,-0.2400,5770.00,0.970000,1.427000,2025,"Transit"
"TOI-5882 b","TOI-5882","b",6995.40323807,22.01000000,11.46678726,7.14897200000,0.1800,5920.00,1.334000,2.260000,2025,"Transit"
"TOI-5916 b","TOI-5916","b",219.00000000,0.68800000,11.80000000,2.36712341000,0.0400,3541.00,0.518000,0.487000,2026,"Transit"
"TOI-6008 b","TOI-6008","b",4.00000000,0.01258541,1.03000000,0.85743470000,0.3000,3075.00,0.230000,0.242000,2024,"Transit"
"TOI-6016 b","TOI-6016","b",371.85923619,1.17000000,13.67495645,4.02368700000,0.2800,6110.00,1.310000,1.510000,2024,"Transit"
"TOI-6019 b","TOI-6019","b",149.00000000,0.46880643,12.30000000,14.54795200000,0.0400,5561.00,1.130000,2.020000,2026,"Transit"
"TOI-6029 b","TOI-6029","b",519.64944544,1.63500000,14.39233122,5.79870000000,0.3700,6223.00,1.548000,2.338000,2024,"Transit"
"TOI-603 b","TOI-603","b",33.00000000,0.10382961,7.37000000,16.17984600000,0.1830,6027.00,1.240000,1.477000,2026,"Transit"
"TOI-6034 b","TOI-6034","b",254.00000000,0.79800000,11.92000000,2.57618400000,-0.0900,3635.00,0.514000,0.489000,2024,"Transit"
"TOI-6038 A b","TOI-6038 A","b",78.50000000,0.24698862,6.41000000,5.82673110000,0.1240,6110.00,1.291000,1.648000,2025,"Transit"
"TOI-6041 b","TOI-6041","b",28.90000000,0.09092957,4.55000000,26.04945000000,0.1040,5445.00,0.885000,0.879000,2025,"Transit"
"TOI-6041 c","TOI-6041","c",77.90000000,0.24510081,,88.00000000000,0.1040,5445.00,0.885000,0.879000,2025,"Radial Velocity"
"TOI-6054.01","TOI-6054","b",12.50000000,0.03932940,2.64000000,7.50142800000,-0.0700,6047.00,1.107000,1.662000,2024,"Transit"
"TOI-6054.02","TOI-6054","c",9.30000000,0.02926107,2.82000000,12.56363600000,-0.0700,6047.00,1.107000,1.662000,2024,"Transit"
"TOI-6130 b","TOI-6130","b",333.71982735,1.05000000,14.34749530,2.39267900000,0.2800,6110.00,1.310000,1.510000,2024,"Transit"
"TOI-615 b","TOI-615","b",138.25535705,0.43500000,18.97680433,4.66159830000,-0.1000,6850.00,1.449000,1.732000,2023,"Transit"
"TOI-6158 b","TOI-6158","b",135.00000000,0.42500000,10.40000000,3.04468990000,0.1100,3467.00,0.503000,0.476000,2026,"Transit"
"TOI-622 b","TOI-622","b",96.30200732,0.30300000,9.23620010,6.40251300000,0.0900,6400.00,1.313000,1.415000,2023,"Transit"
"TOI-6255 b","TOI-6255","b",1.44000000,0.00453075,1.07900000,0.23818244000,-0.1400,3421.00,0.353000,0.370000,2024,"Transit"
"TOI-628 b","TOI-628","b",2011.86390000,6.33000000,11.88154000,3.40956750000,0.2580,6250.00,1.311000,1.345000,2021,"Transit"
"TOI-6303 b","TOI-6303","b",2493.00000000,7.84000000,11.59000000,9.48523600000,0.4400,3977.00,0.644000,0.609000,2025,"Transit"
"TOI-6324 b","TOI-6324","b",1.17000000,0.00368123,1.05900000,0.27922100000,-0.3200,3247.00,0.269000,0.293000,2025,"Transit"
"TOI-6330 b","TOI-6330","b",3179.00000000,10.00000000,10.89000000,6.85002460000,0.0800,3539.00,0.531000,0.490000,2025,"Transit"
"TOI-640 b","TOI-640","b",181.16219199,0.57000000,19.27944680,5.00377700000,0.0720,6460.00,1.536000,2.082000,2021,"Transit"
"TOI-6420 b","TOI-6420","b",2606.19293740,8.20000000,11.93756445,6.96150800000,0.2400,6020.00,1.165000,1.312000,2025,"Transit"
"TOI-654.01","TOI-654","b",8.71000000,0.02740472,2.37800000,1.52756100000,0.1200,3521.00,0.419000,0.430000,2024,"Transit"
"TOI-6564 b","TOI-6564","b",222.16205649,0.69900000,16.39873876,3.98541300000,0.1900,5943.00,1.180000,1.700000,2026,"Transit"
"TOI-6628 b","TOI-6628","b",235.19302118,0.74000000,10.98480109,18.18424000000,0.3600,5463.00,0.970000,1.010000,2025,"Transit"
"TOI-663 b","TOI-663","b",4.45000000,0.01400127,2.27000000,2.59890200000,0.0700,3681.00,0.514000,0.512000,2024,"Transit"
"TOI-663 c","TOI-663","c",3.65000000,0.01148418,2.26000000,4.69555070000,0.0700,3681.00,0.514000,0.512000,2024,"Transit"
"TOI-663 d","TOI-663","d",5.20000000,0.01636103,1.92000000,7.10272680000,0.0700,3681.00,0.514000,0.512000,2024,"Transit"
"TOI-6651 b","TOI-6651","b",61.00000000,0.19192746,5.09000000,5.05697300000,0.2250,5940.00,1.323000,1.721000,2024,"Transit"
"TOI-669 b","TOI-669","b",10.00000000,0.03146352,2.58606487,3.94515200000,0.0010,5597.00,0.924500,0.988200,2023,"Transit"
"TOI-6692 b","TOI-6692","b",197.05361234,0.62000000,11.67975789,131.12500000000,-0.0080,5890.00,1.047000,1.385000,2026,"Transit"
"TOI-6695 b","TOI-6695","b",66.74396547,0.21000000,9.52763359,80.38900000000,0.2000,6400.00,1.338000,1.517000,2025,"Transit"
"TOI-6695 c","TOI-6695","c",460.85119015,1.45000000,,242.40000000000,0.2000,6400.00,1.338000,1.517000,2025,"Radial Velocity"
"TOI-672 b","TOI-672","b",50.90000000,0.16014931,5.31000000,3.63358100000,-0.1400,3810.00,0.540000,0.540000,2023,"Transit"
"TOI-674 b","TOI-674","b",23.60000000,0.07425390,5.25000000,1.97714300000,0.1700,3514.00,0.420000,0.420000,2021,"Transit"
"TOI-677 b","TOI-677","b",392.20025424,1.23400000,13.11450742,11.23659850000,0.0000,6295.00,1.181000,1.280000,2020,"Transit"
"TOI-6884 b","TOI-6884","b",8365.24367224,26.32000000,10.39072511,4.80826400000,0.0940,6330.00,1.410000,1.840000,2026,"Transit"
"TOI-6894 b","TOI-6894","b",53.39517238,0.16800000,9.58367850,3.37077196000,0.1420,3007.00,0.207000,0.227600,2025,"Transit"
"TOI-7041 b","TOI-7041","b",114.41822652,0.36000000,11.43316031,9.69100000000,0.2500,4700.00,1.070000,4.100000,2025,"Transit"
"TOI-7149 b","TOI-7149","b",224.00000000,0.70500000,13.20000000,2.65206166000,-0.0800,3363.00,0.344000,0.351000,2025,"Transit"
"TOI-7169 b","TOI-7169","b",130.30964687,0.41000000,16.53324653,3.43731250000,-0.7200,5714.00,0.885000,1.500000,2026,"Transit"
"TOI-7189 b","TOI-7189","b",159.04000000,0.50000000,10.90000000,2.89055000000,0.4700,3775.00,0.612000,0.591000,2026,"Transit"
"TOI-7265 B b","TOI-7265 B","b",224.95000000,0.71000000,10.70000000,4.17232000000,0.3500,3503.00,0.521000,0.497000,2026,"Transit"
"TOI-733 b","TOI-733","b",5.72000000,0.01799713,1.99200000,4.88476500000,-0.0400,5585.00,0.956000,0.949000,2023,"Transit"
"TOI-7393 b","TOI-7393","b",194.78000000,0.61000000,11.30000000,3.33708000000,-0.3500,3927.00,0.600000,0.582000,2026,"Transit"
"TOI-7394 B b","TOI-7394 B","b",668.74000000,2.10000000,11.50000000,1.25299500000,0.5000,3717.00,0.624000,0.609000,2026,"Transit"
"TOI-7510 b","TOI-7510","b",18.10000000,0.05710000,7.31000000,11.53086900000,0.2500,5720.00,1.063000,1.035000,2025,"Transit"
"TOI-7510 c","TOI-7510","c",131.00000000,0.41200000,10.81000000,22.56874230000,0.2500,5720.00,1.063000,1.035000,2025,"Transit"
"TOI-7510 d","TOI-7510","d",190.00000000,0.59700000,10.52000000,48.86446800000,0.2500,5720.00,1.063000,1.035000,2025,"Transit"
"TOI-756 b","TOI-756","b",9.83000000,0.03092864,2.81000000,1.23924950000,0.1960,3657.00,0.505000,0.505000,2025,"Transit"
"TOI-756 c","TOI-756","c",1287.20504835,4.05000000,,149.40000000000,0.1960,3657.00,0.505000,0.505000,2025,"Radial Velocity"
"TOI-757 b","TOI-757","b",10.50000000,0.03303669,2.50000000,17.46819000000,-0.2700,5278.00,0.800000,0.780000,2024,"Transit"
"TOI-762 A b","TOI-762 A","b",79.77493016,0.25100000,8.33948164,3.47168260000,0.3570,3266.00,0.442000,0.425000,2024,"Transit"
"TOI-763 b","TOI-763","b",9.79000000,0.03080263,2.28000000,5.60570000000,0.0100,5450.00,0.917000,0.897000,2020,"Transit"
"TOI-763 c","TOI-763","c",9.32000000,0.02932385,2.63000000,12.27370000000,0.0100,5450.00,0.917000,0.897000,2020,"Transit"
"TOI-771 b","TOI-771","b",2.47000000,0.00777149,1.36000000,2.32601550000,-0.1300,3370.00,0.220000,0.232000,2024,"Transit"
"TOI-771 c","TOI-771","c",2.87000000,0.00903003,,7.61000000000,-0.1300,3370.00,0.220000,0.232000,2025,"Radial Velocity"
"TOI-776 b","TOI-776","b",5.00000000,0.01573176,1.79800000,8.24662000000,-0.2100,3725.00,0.542000,0.547000,2020,"Transit"
"TOI-776 c","TOI-776","c",6.90000000,0.02170983,2.04700000,15.66532300000,-0.2100,3725.00,0.542000,0.547000,2020,"Transit"
"TOI-778 b","TOI-778","b",878.00000000,2.80000000,15.40000000,4.63361100000,0.0000,6643.00,1.400000,1.710000,2023,"Transit"
"TOI-782 b","TOI-782","b",19.10000000,0.06009532,2.73400000,8.02400150000,0.3400,3370.00,0.397000,0.413000,2024,"Transit"
"TOI-784 b","HD 307842","b",9.67000000,0.03042522,1.93000000,2.79703650000,-0.1300,5558.00,0.910000,0.907000,2023,"Transit"
"TOI-791 b","TOI-791","b",9.50000000,0.02989034,11.13051784,139.29931000000,-0.1400,6294.00,1.280000,1.474000,2026,"Transit"
"TOI-791 c","TOI-791","c",18.60000000,0.05852214,12.94637271,232.01570000000,-0.1400,6294.00,1.280000,1.474000,2026,"Transit"
"TOI-815 b","TOI-815","b",7.60000000,0.02391227,2.94000000,11.19725900000,-0.0900,4869.00,0.776000,0.770000,2024,"Transit"
"TOI-815 c","TOI-815","c",23.50000000,0.07393927,2.62000000,34.97614500000,-0.0900,4869.00,0.776000,0.770000,2024,"Transit"
"TOI-824 b","TOI-824","b",18.46700000,0.05810339,2.92600000,1.39297800000,-0.0920,4600.00,0.710000,0.695000,2020,"Transit"
"TOI-836 b","TOI-836","b",4.53000000,0.01425297,1.70400000,3.81673000000,-0.2840,4552.00,0.678000,0.665000,2023,"Transit"
"TOI-836.01","TOI-836","c",9.60000000,0.03020498,2.58700000,8.59545000000,-0.2840,4552.00,0.678000,0.665000,2021,"Transit"
"TOI-837 b","TOI-837","b",120.45696625,0.37900000,9.16894621,8.32491130000,0.0100,5995.00,1.142000,1.052000,2020,"Transit"
"TOI-858 B b","TOI-858 B","b",349.61124770,1.10000000,14.06727078,3.27971780000,0.1530,5842.00,1.081000,1.308000,2023,"Transit"
"TOI-892 b","TOI-892","b",301.93850000,0.95000000,11.99363000,10.62656000000,0.2400,6261.00,1.280000,1.390000,2020,"Transit"
"TOI-905 b","TOI-905","b",211.99261000,0.66700000,13.12573900,3.73949400000,0.1400,5570.00,0.968000,0.918000,2020,"Transit"
"TOI-908 b","TOI-908","b",16.13700000,0.05077268,3.18600000,3.18379200000,0.0800,5626.00,0.950000,1.028000,2023,"Transit"
"TOI-912 b","TOI-912","b",5.10000000,0.01604639,1.93000000,4.67806910000,-0.1900,3572.00,0.418000,0.419000,2025,"Transit"
"TOI-954 b","TOI-954","b",55.30242000,0.17400000,9.55006800,3.68497290000,0.2150,5710.00,1.201000,1.892000,2020,"Transit"
"TOI-969 b","TOI-969","b",9.10000000,0.02863180,2.76500000,1.82373050000,0.1750,4435.00,0.734000,0.671000,2022,"Transit"
"TOI-969 c","TOI-969","c",3591.46099910,11.30000000,,1700.00000000000,0.1750,4435.00,0.734000,0.671000,2022,"Radial Velocity"
"TYC 0434-04538-1 b","TYC 0434-04538-1","b",1938.76300000,6.10000000,,193.20000000000,-0.3800,4679.00,1.040000,9.990000,2021,"Radial Velocity"
"TYC 1422-614-1 b","TYC 1422-614-1","b",794.50000000,2.50000000,,198.40000000000,-0.2000,4806.00,1.150000,6.850000,2014,"Radial Velocity"
"TYC 1422-614-1 c","TYC 1422-614-1","c",3178.00000000,10.00000000,,559.30000000000,-0.2000,4806.00,1.150000,6.850000,2014,"Radial Velocity"
"TYC 2187-512-1 b","TYC 2187-512-1","b",104.88337431,0.33000000,,691.90000000000,0.0800,3734.00,0.498000,0.495000,2022,"Radial Velocity"
"TYC 3318-01333-1 b","TYC 3318-01333-1","b",1086.97860000,3.42000000,,562.00000000000,-0.0600,4776.00,1.190000,5.900000,2018,"Radial Velocity"
"TYC 3667-1280-1 b","TYC 3667-1280-1","b",1716.28200000,5.40000000,,26.46800000000,-0.0800,5130.00,1.870000,6.260000,2016,"Radial Velocity"
"TYC 4282-00605-1 b","TYC 4282-00605-1","b",3426.20740000,10.78000000,,101.54000000000,-0.0700,4300.00,0.970000,16.210000,2017,"Radial Velocity"
"Teegarden's Star b","Teegarden's Star","b",1.16000000,0.00364977,,4.90634000000,-0.1100,3034.00,0.097000,0.120000,2019,"Radial Velocity"
"Teegarden's Star c","Teegarden's Star","c",1.05000000,0.00330367,,11.41600000000,-0.1100,3034.00,0.097000,0.120000,2019,"Radial Velocity"
"Teegarden's Star d","Teegarden's Star","d",0.82000000,0.00258001,,26.13000000000,-0.1100,3034.00,0.097000,0.120000,2024,"Radial Velocity"
"TrES-1 b","TrES-1","b",266.97720000,0.84000000,12.66617000,3.03007000000,0.0200,5230.00,1.040000,0.850000,2004,"Transit"
"TrES-2 b","TrES-2","b",473.56670000,1.49000000,15.24424000,2.47063000000,-0.1500,5850.00,1.360000,1.120000,2006,"Transit"
"TrES-3 b","TrES-3","b",607.03000000,1.91000000,14.97500000,1.30618581000,-0.1900,5650.00,0.928000,0.829000,2007,"Transit"
"TrES-4 b","TrES-4","b",247.90740000,0.78000000,18.04649000,3.55395000000,0.1400,6200.00,1.080000,1.660000,2007,"Transit"
"TrES-5 b","TrES-5","b",568.91570000,1.79000000,13.38354600,1.48224686000,0.2000,5171.00,0.901000,0.868000,2011,"Transit"
"UCAC3 113-933 b","UCAC3 113-933","b",6674.39654700,21.00000000,,,-0.9500,,0.610000,,2024,"Imaging"
"WASP-10 b","WASP-10","b",1001.12000000,3.15000000,12.10600000,3.09276160000,0.0300,4675.00,0.750000,0.698000,2008,"Transit"
"WASP-100 b","WASP-100","b",400.46580000,1.26000000,14.90797000,2.84938000000,-0.0300,6900.00,0.770000,1.570000,2014,"Transit"
"WASP-101 b","WASP-101","b",162.09330000,0.51000000,16.02887000,3.58572000000,0.2000,6380.00,1.410000,1.310000,2014,"Transit"
"WASP-102 b","WASP-102","b",197.68926915,0.62200000,14.90794433,2.70981300000,-0.2000,5990.00,1.080000,1.375000,2025,"Transit"
"WASP-103 b","WASP-103","b",473.54700000,1.49000000,17.12700000,0.92554200000,0.0600,6110.00,1.220000,1.436000,2014,"Transit"
"WASP-104 b","WASP-104","b",404.26300000,1.27200000,12.74500000,1.75541370000,0.3200,5475.00,1.076000,0.963000,2014,"Transit"
"WASP-105 b","WASP-105","b",572.09400000,1.80000000,10.76064000,7.87288000000,0.2800,5070.00,0.890000,0.900000,2017,"Transit"
"WASP-106 b","WASP-106","b",613.40882551,1.93000000,12.10569916,9.28969000000,-0.0200,6002.00,1.175000,1.470000,2014,"Transit"
"WASP-11 b","WASP-11","b",251.08570000,0.79000000,12.44199000,3.72247000000,0.0000,4800.00,1.420000,0.890000,2008,"Transit"
"WASP-110 b","WASP-110","b",154.78243421,0.48700000,13.19297028,3.77840220000,-0.1500,5392.00,0.814000,0.853000,2021,"Transit"
"WASP-113 b","WASP-113","b",150.96925000,0.47500000,15.79348100,4.54216874538,0.1000,5890.00,1.318000,1.608000,2016,"Transit"
"WASP-114 b","WASP-114","b",562.24127000,1.76900000,15.00885100,1.54877430000,0.1400,5940.00,1.289000,1.430000,2016,"Transit"
"WASP-116 b","WASP-116","b",203.41018048,0.64000000,13.67495645,6.61320000000,0.0000,6250.00,1.250000,1.426000,2025,"Transit"
"WASP-117 b","WASP-117","b",95.34900000,0.30000000,11.88154000,10.02165000000,-0.1100,6040.00,1.290000,1.220000,2014,"Transit"
"WASP-118 b","WASP-118","b",163.36462000,0.51400000,16.14096000,4.04604350000,0.1600,6410.00,1.320000,1.696000,2016,"Transit"
"WASP-119 b","WASP-119","b",390.93090000,1.23000000,15.69260000,2.49979000000,0.1400,5650.00,1.020000,1.200000,2016,"Transit"
"WASP-121 b","WASP-121","b",371.85923619,1.17000000,19.52604438,1.27492504000,0.1700,6628.00,1.330000,1.461000,2016,"Transit"
"WASP-124 b","WASP-124","b",190.69800000,0.60000000,13.89916000,3.37265000000,-0.0200,6050.00,1.070000,1.020000,2016,"Transit"
"WASP-129 b","WASP-129","b",317.83000000,1.00000000,10.42437000,5.74814500000,0.1500,5900.00,1.000000,0.900000,2016,"Transit"
"WASP-13 b","WASP-13","b",114.41880000,0.36000000,13.67498000,4.35301000000,0.0000,5950.00,0.720000,1.370000,2009,"Transit"
"WASP-130 b","WASP-130","b",390.93090000,1.23000000,9.97601000,11.55098000000,0.2600,5625.00,1.040000,0.960000,2016,"Transit"
"WASP-131 b","WASP-131","b",86.76715511,0.27300000,13.74221034,5.32201250000,-0.2000,5990.00,1.060000,1.561000,2016,"Transit"
"WASP-132 b","WASP-132","b",136.03055820,0.42800000,10.09929161,7.13351640000,0.1500,4686.00,0.789000,0.758000,2016,"Transit"
"WASP-132 c","WASP-132","c",6.26000000,0.01969616,1.84100000,1.01153624000,0.1500,4686.00,0.789000,0.758000,2022,"Transit"
"WASP-132 d","WASP-132","d",1639.99458012,5.16000000,,1816.60000000000,0.1500,4686.00,0.789000,0.758000,2024,"Radial Velocity"
"WASP-133 b","WASP-133","b",368.68280000,1.16000000,13.56289000,2.17642300000,0.2900,5700.00,1.160000,1.440000,2016,"Transit"
"WASP-135 b","WASP-135","b",603.87700000,1.90000000,14.57170000,1.40137940000,0.0200,5675.00,0.980000,0.960000,2015,"Transit"
"WASP-138 b","WASP-138","b",387.75260000,1.22000000,12.21781000,3.63443300000,-0.0900,6272.00,1.220000,1.360000,2016,"Transit"
"WASP-139 b","WASP-139","b",37.18611000,0.11700000,8.96720000,5.92426200000,0.2000,5310.00,0.920000,0.800000,2016,"Transit"
"WASP-14 b","WASP-14","b",2809.61720000,8.84000000,15.46842000,2.24375000000,0.0000,6475.00,1.620000,1.400000,2008,"Transit"
"WASP-141 b","WASP-141","b",854.96270000,2.69000000,13.56289000,3.31065100000,0.2900,5900.00,1.250000,1.370000,2016,"Transit"
"WASP-142 b","WASP-142","b",266.97720000,0.84000000,17.14977000,2.05286800000,0.2600,6010.00,1.330000,1.640000,2016,"Transit"
"WASP-144 b","WASP-144","b",139.84520000,0.44000000,9.52765000,2.27831520000,0.1800,5200.00,0.810000,0.810000,2018,"Transit"
"WASP-145 A b","WASP-145 A","b",282.86870000,0.89000000,10.08810000,1.76903810000,-0.0400,4900.00,0.760000,0.680000,2018,"Transit"
"WASP-147 b","WASP-147","b",87.40325000,0.27500000,12.49803500,4.60273000000,0.0920,5702.00,1.044000,1.429000,2018,"Transit"
"WASP-148 b","WASP-148","b",91.21675281,0.28700000,8.47398941,8.80380900000,0.0990,5555.00,0.954000,0.912000,2020,"Transit"
"WASP-148 c","WASP-148","c",124.58873554,0.39200000,,34.52400000000,0.0990,5555.00,0.954000,0.912000,2020,"Radial Velocity"
"WASP-149 b","WASP-149","b",314.96795134,0.99100000,15.24421375,1.33281300000,0.0000,5750.00,1.050000,1.080000,2025,"Transit"
"WASP-15 b","WASP-15","b",171.62820000,0.54000000,15.80469000,3.75210000000,-0.1700,6300.00,1.180000,1.480000,2009,"Transit"
"WASP-150 b","WASP-150","b",2688.84180000,8.46000000,11.99363000,5.64420700000,0.1560,6218.00,1.394000,1.651000,2020,"Transit"
"WASP-153 b","WASP-153","b",123.95370000,0.39000000,17.37395000,3.33260900000,0.3400,5914.00,1.336000,1.730000,2017,"Transit"
"WASP-154 b","WASP-154","b",198.96058278,0.62600000,10.76062147,3.81167800000,0.2000,4774.00,0.800000,0.823000,2025,"Transit"
"WASP-155 b","WASP-155","b",276.82854250,0.87100000,13.45077684,3.11041300000,0.0000,5660.00,1.090000,1.240000,2025,"Transit"
"WASP-156 b","WASP-156","b",42.00000000,0.13214678,6.15000000,3.83616290000,0.3200,5036.00,,,2017,"Transit"
"WASP-158 b","WASP-158","b",886.74570000,2.79000000,11.99363000,3.65633300000,0.2400,6350.00,1.380000,1.390000,2018,"Transit"
"WASP-159 b","WASP-159","b",174.80650000,0.55000000,15.46842000,3.84040100000,0.2200,6120.00,1.410000,2.110000,2018,"Transit"
"WASP-16 b","WASP-16","b",394.10920000,1.24000000,13.67498000,3.11860000000,0.0100,5700.00,1.780000,1.140000,2009,"Transit"
"WASP-160 B b","WASP-160 B","b",88.35674000,0.27800000,12.21781000,3.76849520000,0.2700,5298.00,0.870000,0.868000,2018,"Transit"
"WASP-161 b","WASP-161","b",791.39670000,2.49000000,12.81188700,5.40604250000,0.1600,6400.00,1.390000,1.712000,2018,"Transit"
"WASP-162 b","WASP-162","b",1652.71600000,5.20000000,11.20900000,9.62468000000,0.2800,5300.00,0.950000,1.110000,2018,"Transit"
"WASP-163 b","WASP-163","b",594.34210000,1.87000000,13.47321800,1.60968840000,-0.3400,5500.00,0.970000,1.015000,2018,"Transit"
"WASP-164 b","WASP-164","b",676.97790000,2.13000000,12.64375200,1.77712550000,-0.0100,5806.00,0.946000,0.932000,2018,"Transit"
"WASP-165 b","WASP-165","b",209.13214000,0.65800000,14.12334000,3.46550900000,0.3300,5599.00,1.248000,1.750000,2018,"Transit"
"WASP-166 b","WASP-166","b",32.10083000,0.10100000,7.06167000,5.44354000000,0.1900,6050.00,1.190000,1.220000,2019,"Transit"
"WASP-167 b","WASP-167","b",2542.64000000,8.00000000,17.71022000,2.02195960000,0.1000,7000.00,1.590000,1.790000,2017,"Transit"
"WASP-168 b","WASP-168","b",133.48860000,0.42000000,16.81350000,4.15365800000,-0.0100,6000.00,1.080000,1.120000,2018,"Transit"
"WASP-169 b","WASP-169","b",178.30263000,0.56100000,14.61653600,5.61141180000,0.0600,6110.00,1.337000,2.011000,2019,"Transit"
"WASP-17 b","WASP-17","b",247.90740000,0.78000000,20.96083000,3.73543000000,-0.2500,6550.00,2.280000,1.490000,2009,"Transit"
"WASP-170 b","WASP-170","b",508.52800000,1.60000000,12.28506400,2.34478022000,0.2200,5600.00,0.930000,0.938000,2018,"Transit"
"WASP-171 b","WASP-171","b",344.52772000,1.08400000,10.98482000,3.81862440000,0.0400,5965.00,1.171000,1.637000,2019,"Transit"
"WASP-172 b","WASP-172","b",149.38010000,0.47000000,17.59813000,5.47743300000,-0.1000,6900.00,1.490000,1.910000,2018,"Transit"
"WASP-173 A b","WASP-173 A","b",1172.79270000,3.69000000,13.45080000,1.38665318000,0.1600,5800.00,1.050000,1.110000,2018,"Transit"
"WASP-174 b","WASP-174","b",104.88337431,0.33000000,16.10730527,4.23370050000,0.0600,6399.00,1.240000,1.347000,2018,"Transit"
"WASP-175 b","WASP-175","b",314.65170000,0.99000000,13.54047200,3.06529070000,0.1500,6229.00,1.212000,1.204000,2019,"Transit"
"WASP-176 b","WASP-176","b",271.74465000,0.85500000,16.86954500,3.89905200000,0.1640,5941.00,1.345000,1.925000,2020,"Transit"
"WASP-177 b","WASP-177","b",161.45764000,0.50800000,17.71022000,3.07172200000,0.2500,5017.00,0.876000,0.885000,2019,"Transit"
"WASP-178 b","WASP-178","b",527.59780000,1.66000000,20.28829000,3.34482850000,0.2100,9360.00,2.070000,1.670000,2019,"Transit"
"WASP-18 b","WASP-18","b",3241.84975140,10.20000000,13.89913607,0.94145223000,0.1070,6432.00,1.294000,1.319000,2009,"Transit"
"WASP-180 A b","WASP-180 A","b",286.04700000,0.90000000,13.89916000,3.40926400000,0.1000,6600.00,1.300000,1.190000,2019,"Transit"
"WASP-181 b","WASP-181","b",95.03117000,0.29900000,13.27145600,4.51950640000,0.0900,5839.00,1.040000,0.965000,2019,"Transit"
"WASP-182 b","WASP-182","b",47.03884000,0.14800000,9.52765000,3.37698480000,0.2700,5638.00,1.076000,1.340000,2019,"Transit"
"WASP-183 b","WASP-183","b",159.55066000,0.50200000,16.47723000,4.11177710000,-0.3100,5313.00,0.784000,0.871000,2019,"Transit"
"WASP-184 b","WASP-184","b",181.16310000,0.57000000,14.90797000,5.18170000000,0.1200,6000.00,1.230000,1.650000,2019,"Transit"
"WASP-185 b","WASP-185","b",311.47340000,0.98000000,14.01125000,9.38755000000,-0.0200,5900.00,1.120000,1.500000,2019,"Transit"
"WASP-186 b","WASP-186","b",1341.24260000,4.22000000,12.44199000,5.02679900000,-0.0800,6361.00,1.220000,1.470000,2020,"Transit"
"WASP-187 b","WASP-187","b",254.26400000,0.80000000,18.38276000,5.14787800000,0.0000,6150.00,1.540000,2.830000,2020,"Transit"
"WASP-188 b","WASP-188","b",458.62639130,1.44300000,14.81827249,5.74891600000,0.0000,6850.00,1.500000,1.830000,2025,"Transit"
"WASP-189 b","WASP-189","b",632.47852993,1.99000000,18.14733975,2.72403300000,0.2900,8000.00,2.030000,2.360000,2020,"Transit"
"WASP-19 b","WASP-19","b",366.77398168,1.15400000,15.86070769,0.78883852000,0.0400,5616.00,0.965000,1.006000,2009,"Transit"
"WASP-190 b","WASP-190","b",317.83000000,1.00000000,12.89035000,5.36775300000,-0.0200,6400.00,1.350000,1.600000,2019,"Transit"
"WASP-192 b","WASP-192","b",731.00900000,2.30000000,13.78707000,2.87867650000,0.1400,5910.00,1.090000,1.320000,2019,"Transit"
"WASP-193 b","WASP-193","b",35.59678158,0.11200000,14.78464554,6.24634750000,-0.1080,6080.00,1.018000,1.213000,2023,"Transit"
"WASP-194 b","WASP-194","b",373.13054982,1.17400000,15.47960235,3.18338700000,0.0000,6405.00,1.290000,1.409000,2025,"Transit"
"WASP-195 b","WASP-195","b",33.05415433,0.10400000,10.31226224,5.05192800000,0.0000,6300.00,1.300000,1.578000,2025,"Transit"
"WASP-197 b","WASP-197","b",403.32424848,1.26900000,14.44837612,5.16722800000,0.0000,6050.00,1.360000,2.112000,2025,"Transit"
"WASP-2 b","WASP-2","b",295.89973000,0.93100000,12.11692900,2.15217500000,0.1200,5180.00,0.895000,0.866000,2007,"Transit"
"WASP-22 b","WASP-22","b",212.94610000,0.67000000,13.78707000,3.53269000000,-0.0500,6000.00,1.460000,1.240000,2010,"Transit"
"WASP-23 b","WASP-23","b",280.95000000,0.88400000,10.78300000,2.94442560000,-0.0500,5150.00,0.780000,0.765000,2010,"Transit"
"WASP-24 b","WASP-24","b",394.10920000,1.24000000,15.46842000,2.34121000000,0.0000,6075.00,1.430000,1.420000,2010,"Transit"
"WASP-25 b","WASP-25","b",179.25522155,0.56400000,13.80946422,3.76483370000,-0.2000,5697.00,0.962000,0.884000,2010,"Transit"
"WASP-26 b","WASP-26","b",270.15550000,0.85000000,13.56289000,2.75660000000,0.1600,6034.00,0.860000,1.220000,2010,"Transit"
"WASP-29 b","WASP-29","b",73.10090000,0.23000000,8.63093000,3.92273000000,0.1100,4800.00,0.770000,0.790000,2010,"Transit"
"WASP-3 b","WASP-3","b",772.32690000,2.43000000,15.91678000,1.84683000000,0.0000,6400.00,1.620000,1.440000,2007,"Transit"
"WASP-31 b","WASP-31","b",151.91600000,0.47800000,17.36300000,3.40590960000,-0.2000,6302.00,1.163000,1.252000,2010,"Transit"
"WASP-32 b","WASP-32","b",835.89290000,2.63000000,10.76064000,2.71866000000,-0.1300,6140.00,0.720000,0.950000,2010,"Transit"
"WASP-34 b","WASP-34","b",177.98480000,0.56000000,11.20900000,4.31768000000,-0.0200,5700.00,0.960000,0.910000,2010,"Transit"
"WASP-35 b","WASP-35","b",225.65930000,0.71000000,14.57170000,3.16158000000,-0.1500,5990.00,1.050000,1.080000,2011,"Transit"
"WASP-36 b","WASP-36","b",750.39663000,2.36100000,14.87434300,1.53736596000,-0.2600,5959.00,1.081000,0.985000,2011,"Transit"
"WASP-37 b","WASP-37","b",572.07000000,1.80000000,13.00200000,3.57746900000,-0.4000,5800.00,0.925000,1.003000,2010,"Transit"
"WASP-38 b","WASP-38","b",1093.33520000,3.44000000,13.78707000,6.87188000000,-0.0200,6180.00,1.760000,1.520000,2010,"Transit"
"WASP-39 b","WASP-39","b",89.31023000,0.28100000,14.33631100,4.05529410000,0.0100,5485.00,0.913000,0.939000,2011,"Transit"
"WASP-41 b","WASP-41","b",270.15550000,0.85000000,12.32990000,3.05240000000,0.0600,5545.00,0.810000,0.830000,2011,"Transit"
"WASP-41 c","WASP-41","c",1010.69940000,3.18000000,,421.00000000000,0.0600,5545.00,0.930000,0.870000,2015,"Radial Velocity"
"WASP-42 b","WASP-42","b",167.49641000,0.52700000,12.57649800,4.98168190000,0.2900,5315.00,0.951000,0.892000,2012,"Transit"
"WASP-43 b","WASP-43","b",565.71400000,1.78000000,10.42400000,0.81347500000,-0.0500,4400.00,0.580000,0.600000,2011,"Transit"
"WASP-44 b","WASP-44","b",276.51210000,0.87000000,12.32990000,2.42380400000,-0.0030,5420.00,0.935000,0.906000,2011,"Transit"
"WASP-45 b","WASP-45","b",306.38812000,0.96400000,10.60371400,3.12608900000,-0.0300,5150.00,0.850000,0.855000,2011,"Transit"
"WASP-46 b","WASP-46","b",607.05530000,1.91000000,13.15936600,1.43036763000,-0.3000,5600.00,0.828000,0.858000,2011,"Transit"
"WASP-48 b","WASP-48","b",254.26400000,0.80000000,16.81350000,2.14363000000,-0.1200,5920.00,0.880000,1.580000,2011,"Transit"
"WASP-49 b","WASP-49","b",117.59710000,0.37000000,12.44199000,2.78174000000,-0.2300,5600.00,0.920000,0.970000,2012,"Transit"
"WASP-5 b","WASP-5","b",502.15000000,1.58000000,12.18400000,1.62842790000,0.0900,5700.00,0.960000,1.029000,2008,"Transit"
"WASP-52 b","WASP-52","b",146.20000000,0.46000000,14.24000000,1.74977980000,0.0300,5000.00,0.870000,0.790000,2012,"Transit"
"WASP-53 b","WASP-53","b",677.61356000,2.13200000,12.03846600,3.30984430000,0.2200,4953.00,0.839000,0.798000,2017,"Transit"
"WASP-53 c","WASP-53","c",5196.52050000,16.35000000,,2840.00000000000,0.2200,4953.00,0.839000,0.798000,2017,"Radial Velocity"
"WASP-54 b","WASP-54","b",187.51970000,0.59000000,17.71022000,3.69364000000,-0.2700,6100.00,1.080000,1.760000,2012,"Transit"
"WASP-55 b","WASP-55","b",186.24744650,0.58600000,14.72860064,4.46563100000,-0.0300,6096.00,1.071000,1.090000,2012,"Transit"
"WASP-56 b","WASP-56","b",143.02350000,0.45000000,10.53646000,4.61710000000,0.1200,5600.00,0.710000,0.960000,2012,"Transit"
"WASP-57 b","WASP-57","b",204.68252000,0.64400000,11.76945000,2.83891856000,-0.2500,5600.00,0.886000,0.927000,2012,"Transit"
"WASP-58 b","WASP-58","b",308.29510000,0.97000000,16.02887000,5.01718000000,-0.4500,5800.00,1.060000,1.220000,2012,"Transit"
"WASP-59 b","WASP-59","b",274.27600000,0.86300000,8.68700000,7.91958500000,-0.1500,4650.00,0.719000,0.613000,2012,"Transit"
"WASP-6 b","WASP-6","b",148.42586607,0.46700000,12.54284940,3.36100260000,-0.1500,5438.00,0.854000,0.790000,2009,"Transit"
"WASP-60 b","WASP-60","b",174.80650000,0.55000000,9.86392000,4.30500000000,-0.0400,5900.00,1.190000,1.170000,2012,"Transit"
"WASP-61 b","WASP-61","b",851.78440000,2.68000000,15.80469000,3.85590000000,-0.1000,6250.00,1.820000,1.550000,2012,"Transit"
"WASP-62 b","WASP-62","b",165.27160000,0.52000000,14.79588000,4.41195000000,0.0400,6230.00,1.110000,1.230000,2012,"Transit"
"WASP-63 b","WASP-63","b",117.59710000,0.37000000,15.80469000,4.37808000000,0.0800,5550.00,1.280000,1.860000,2012,"Transit"
"WASP-64 b","WASP-64","b",403.94500000,1.27100000,14.24700000,1.57329180000,-0.0800,5400.00,1.004000,1.058000,2012,"Transit"
"WASP-65 b","WASP-65","b",492.62000000,1.55000000,12.46400000,2.31142430000,-0.0700,5600.00,0.930000,1.010000,2013,"Transit"
"WASP-66 b","WASP-66","b",746.90050000,2.35000000,15.69260000,4.08605000000,-0.3100,6600.00,1.330000,1.760000,2012,"Transit"
"WASP-67 b","WASP-67","b",136.66690000,0.43000000,12.89035000,4.61442000000,-0.0700,5200.00,0.910000,0.880000,2012,"Transit"
"WASP-68 b","WASP-68","b",343.25640000,1.08000000,14.79588000,5.08430000000,0.2200,5910.00,1.490000,1.790000,2014,"Transit"
"WASP-69 b","WASP-69","b",82.58000000,0.26000000,11.21000000,3.86813881000,0.3500,4792.00,0.830000,0.801000,2014,"Transit"
"WASP-7 b","WASP-7","b",305.11680000,0.96000000,14.90797000,4.95464160000,0.0000,6400.00,1.276000,1.432000,2008,"Transit"
"WASP-70 A b","WASP-70 A","b",187.51200000,0.59000000,13.04700000,3.71302030000,-0.0060,5763.00,1.106000,1.215000,2014,"Transit"
"WASP-71 b","WASP-71","b",441.78370000,1.39000000,13.22662000,2.90367000000,0.1500,6050.00,0.760000,1.820000,2012,"Transit"
"WASP-72 b","WASP-72","b",731.00900000,2.30000000,14.45961000,2.21673000000,-0.0600,6250.00,2.780000,2.180000,2012,"Transit"
"WASP-73 b","WASP-73","b",908.99380000,2.86000000,15.91678000,4.08722000000,0.1400,6030.00,2.520000,2.550000,2014,"Transit"
"WASP-74 b","WASP-74","b",228.83760000,0.72000000,15.24424000,2.13775000000,0.3900,5990.00,0.980000,1.420000,2015,"Transit"
"WASP-75 b","WASP-75","b",340.06000000,1.07000000,14.23500000,2.48419300000,0.0700,6100.00,1.140000,1.260000,2013,"Transit"
"WASP-76 b","WASP-76","b",284.13859586,0.89400000,20.78145022,1.80988198000,0.3660,6329.00,1.458000,1.756000,2016,"Transit"
"WASP-77 A b","WASP-77 A","b",529.31142902,1.66540000,,1.36002939500,-0.1000,5617.00,0.903000,0.910000,2012,"Transit"
"WASP-78 b","WASP-78","b",352.79130000,1.11000000,21.63337000,2.17518000000,-0.3500,6100.00,1.870000,2.460000,2012,"Transit"
"WASP-79 b","WASP-79","b",270.15414595,0.85000000,17.14974047,3.66239200000,0.0300,6600.00,1.390000,1.510000,2012,"Transit"
"WASP-8 b","WASP-8","b",807.28820000,2.54000000,12.66617000,8.15872000000,0.1700,5600.00,1.340000,1.030000,2010,"Transit"
"WASP-8 c","WASP-8","c",3003.37000000,9.45000000,,4323.00000000000,0.1700,,1.040000,,2013,"Radial Velocity"
"WASP-80 b","WASP-80","b",170.99254000,0.53800000,11.19779100,3.06785234000,-0.1300,4143.00,0.577000,0.586000,2012,"Transit"
"WASP-81 b","WASP-81","b",231.69807000,0.72900000,16.01766100,2.71647620000,-0.3600,5870.00,1.080000,1.283000,2017,"Transit"
"WASP-82 b","WASP-82","b",371.86110000,1.17000000,18.15858000,2.70579000000,0.1200,6480.00,1.480000,2.100000,2015,"Transit"
"WASP-83 b","WASP-83","b",95.34900000,0.30000000,11.65736000,4.97125200000,0.2900,5510.00,1.110000,1.050000,2015,"Transit"
"WASP-88 b","WASP-88","b",133.48860000,0.42000000,16.36514000,4.95400000000,-0.0800,6430.00,0.940000,1.800000,2014,"Transit"
"WASP-89 b","WASP-89","b",1875.19700000,5.90000000,11.65736000,3.35642270000,0.1500,5130.00,0.920000,0.880000,2015,"Transit"
"WASP-90 b","WASP-90","b",200.23290000,0.63000000,18.27067000,3.91624300000,0.1100,6430.00,1.550000,1.980000,2016,"Transit"
"WASP-91 b","WASP-91","b",425.89220000,1.34000000,11.54527000,2.79858100000,0.1900,4920.00,0.840000,0.860000,2017,"Transit"
"WASP-92 b","WASP-92","b",255.85315000,0.80500000,16.37634900,2.17467420000,0.0000,6280.00,1.190000,1.341000,2016,"Transit"
"WASP-93 b","WASP-93","b",467.21010000,1.47000000,17.90077300,2.73253210000,0.0700,6700.00,1.334000,1.524000,2016,"Transit"
"WASP-94 A b","WASP-94 A","b",158.91500000,0.50000000,17.71022000,3.95019000000,0.2600,6170.00,1.670000,1.480000,2014,"Transit"
"WASP-94 B b","WASP-94 B","b",196.41100000,0.61800000,,2.00839000000,0.2300,6040.00,1.240000,1.350000,2014,"Radial Velocity"
"WASP-95 b","WASP-95","b",457.67520000,1.44000000,13.78707000,2.18467000000,0.1400,5830.00,1.460000,1.230000,2014,"Transit"
"WASP-96 b","WASP-96","b",152.55000000,0.48000000,13.45000000,3.42526020000,0.1400,5540.00,1.060000,1.050000,2014,"Transit"
"WASP-97 b","WASP-97","b",432.24880000,1.36000000,12.77826000,2.07276000000,0.2300,5640.00,1.180000,1.080000,2014,"Transit"
"WASP-98 b","WASP-98","b",293.03926000,0.92200000,12.82309600,2.96264036000,-0.4900,5473.00,0.809000,0.741000,2014,"Transit"
"WASP-99 b","WASP-99","b",772.32690000,2.43000000,11.43318000,5.75251000000,0.2100,6150.00,1.210000,1.640000,2014,"Transit"
"WTS-1 b","WTS-1","b",1274.44000000,4.01000000,16.70000000,3.35205700000,-0.5000,6250.00,1.200000,1.150000,2012,"Transit"
"WTS-2 b","WTS-2","b",355.96960000,1.12000000,15.27786700,1.01870680000,0.2000,5000.00,0.820000,0.752000,2014,"Transit"
"Wolf 1061 b","Wolf 1061","b",1.91000000,0.00600950,,4.88690000000,-0.0900,3342.00,0.294000,0.307000,2015,"Radial Velocity"
"Wolf 1061 c","Wolf 1061","c",3.41000000,0.01072901,,17.87190000000,-0.0900,3342.00,0.294000,0.307000,2015,"Radial Velocity"
"Wolf 1061 d","Wolf 1061","d",7.70000000,0.02422679,,217.21000000000,-0.0900,3342.00,0.294000,0.307000,2015,"Radial Velocity"
"Wolf 1069 b","Wolf 1069","b",1.26000000,0.00396440,,15.56400000000,0.0700,3158.00,0.167000,0.181300,2023,"Radial Velocity"
"Wolf 327 b","Wolf 327","b",2.53000000,0.00796027,1.24000000,0.57347450000,-0.1700,3542.00,0.405000,0.406000,2024,"Transit"
"Wolf 503 b","Wolf 503","b",6.26000000,0.01969616,2.04300000,6.00127000000,-0.4700,4716.00,0.688000,0.689000,2018,"Transit"
"XO-1 b","XO-1","b",263.79890000,0.83000000,12.77826000,3.94153000000,0.0200,5750.00,0.880000,0.880000,2006,"Transit"
"XO-2 N b","XO-2 N","b",188.79007376,0.59400000,,2.61585906000,0.3700,5290.00,0.960000,0.998000,2007,"Transit"
"XO-2 S b","XO-2 S","b",82.63538582,0.26000000,,18.22000000000,0.3200,5325.00,0.980000,1.020000,2014,"Radial Velocity"
"XO-2 S c","XO-2 S","c",438.60320166,1.38000000,,120.05900000000,0.3200,5325.00,0.980000,1.020000,2014,"Radial Velocity"
"XO-2 S d","XO-2 S","d",1179.14338997,3.71000000,,4696.00000000000,0.3200,5325.00,0.980000,1.020000,2024,"Radial Velocity"
"XO-3 b","XO-3","b",4217.58296089,13.27000000,14.79585452,3.19152309000,-0.1590,6970.00,1.449000,1.523000,2007,"Transit"
"XO-4 b","XO-4","b",451.31860000,1.42000000,14.01125000,4.12508000000,-0.0400,6397.00,1.100000,1.450000,2010,"Transit"
"XO-5 b","XO-5","b",378.20000000,1.19000000,12.78000000,4.18775580000,0.0500,5430.00,1.040000,1.130000,2008,"Transit"
"XO-6 b","XO-6","b",1398.45200000,4.40000000,23.20263000,3.76500070000,-0.0700,6720.00,1.470000,1.930000,2016,"Transit"
"XO-7 b","XO-7","b",225.34147000,0.70900000,15.38995700,2.86414240000,0.4320,6250.00,1.405000,1.480000,2019,"Transit"
"YZ Cet b","YZ Cet","b",0.70000000,0.00220245,,2.02087000000,-0.1800,3151.00,0.142000,0.157000,2017,"Radial Velocity"
"YZ Cet c","YZ Cet","c",1.14000000,0.00358684,,3.05989000000,-0.1800,3151.00,0.142000,0.157000,2017,"Radial Velocity"
"YZ Cet d","YZ Cet","d",1.09000000,0.00342952,,4.65626000000,-0.1800,3151.00,0.142000,0.157000,2017,"Radial Velocity"
"alf Ari b","alf Ari","b",572.07000000,1.80000000,,380.80000000000,-0.0900,4553.00,1.500000,13.900000,2010,"Radial Velocity"
"alf Tau b","alf Tau","b",2056.36010000,6.47000000,,628.96000000000,-0.2700,4055.00,1.130000,45.100000,2015,"Radial Velocity"
"bet Cnc b","bet Cnc","b",2479.00000000,7.80000000,,605.20000000000,-0.2900,4092.10,1.700000,47.200000,2014,"Radial Velocity"
"bet UMi b","bet UMi","b",1938.70000000,6.10000000,,522.30000000000,-0.2700,4126.00,1.400000,38.300000,2014,"Radial Velocity"
"eps CrB b","eps CrB","b",2129.46100000,6.70000000,,417.90000000000,-0.0940,4406.00,1.700000,21.000000,2012,"Radial Velocity"
"eps Ind A b","eps Ind A","b",2065.88464550,6.50000000,,25450.00000000000,-0.1700,4700.00,0.800000,0.713000,2019,"Radial Velocity"
"eps Tau b","eps Tau","b",2285.18624633,7.19000000,,585.82000000000,0.1000,4877.00,2.570000,12.350000,2006,"Radial Velocity"
"gam Cep b","gam Cep","b",2097.66748620,6.60000000,,913.00000000000,0.1800,4775.00,1.270000,4.740000,2003,"Radial Velocity"
"gam Lib b","gam Lib","b",357.87478628,1.12600000,,414.88000000000,-0.2700,4879.00,1.780000,12.380000,2018,"Radial Velocity"
"gam Lib c","gam Lib","c",1662.56039702,5.23100000,,966.49000000000,-0.2700,4879.00,1.780000,12.380000,2018,"Radial Velocity"
"gam Psc b","gam Psc","b",425.89006538,1.34000000,,555.10000000000,-0.6200,4742.00,0.990000,11.200000,2021,"Radial Velocity"
"gam1 Leo b","gam1 Leo","b",2790.43000000,8.78000000,,428.50000000000,-0.5100,4330.00,1.230000,31.880000,2009,"Radial Velocity"
"iot Dra b","iot Dra","b",3756.73177074,11.82000000,,510.85440000000,0.0300,4504.00,1.540000,11.790000,2002,"Radial Velocity"
"iot Dra c","iot Dra","c",4958.12314920,15.60000000,,25000.00000000000,0.0300,4504.00,1.540000,11.790000,2021,"Radial Velocity"
"kap And b","kap And","b",5498.43144110,17.30000000,15.91675259,,0.0000,11327.00,2.768000,2.109000,2012,"Imaging"
"kap CrB b","kap CrB","b",483.73483545,1.52200000,,1253.68000000000,0.0900,4840.00,1.330000,4.680000,2007,"Radial Velocity"
"mu Leo b","mu Leo","b",762.80000000,2.40000000,,357.80000000000,0.3600,4538.20,1.500000,11.400000,2014,"Radial Velocity"
"nu Oph b","nu Oph","b",6848.56651404,21.54800000,,529.93000000000,0.1000,4887.00,2.610000,12.240000,2012,"Radial Velocity"
"nu Oph c","nu Oph","c",7530.30844705,23.69300000,,3180.60000000000,0.1000,4887.00,2.610000,12.240000,2012,"Radial Velocity"
"ome Ser b","ome Ser","b",233.92170755,0.73600000,,278.59000000000,-0.1200,4724.00,1.010000,10.990000,2013,"Radial Velocity"
"omi CrB b","omi CrB","b",355.96781584,1.12000000,,187.01000000000,-0.2700,4769.00,1.300000,11.870000,2012,"Radial Velocity"
"omi UMa b","omi UMa","b",1160.39151396,3.65100000,,1569.81000000000,-0.1600,5075.00,2.720000,13.840000,2012,"Radial Velocity"
"pi Men d","HD 39091","d",13.38000000,0.04209819,,124.64000000000,0.0900,5998.00,1.070000,1.190000,2022,"Radial Velocity"
"psi1 Dra B b","psi1 Dra B","b",486.27990000,1.53000000,,3117.00000000000,0.0100,6212.00,1.190000,,2015,"Radial Velocity"
"tau Boo b","tau Boo","b",1373.02560000,4.32000000,,3.31245680000,0.2642,6466.27,1.320000,1.425880,1996,"Radial Velocity"
"tau Gem b","tau Gem","b",6547.00000000,20.60000000,,305.50000000000,0.1400,4388.00,2.300000,26.800000,2013,"Radial Velocity"
"ups Leo b","ups Leo","b",162.09248757,0.51000000,,385.20000000000,-0.2000,4836.00,1.480000,11.220000,2021,"Radial Velocity"
"xi Aql b","xi Aql","b",616.90493799,1.94100000,,136.97000000000,-0.1100,4841.00,1.740000,10.860000,2007,"Radial Velocity"
